GEOID,gross_sq_ft,amenity_category,NAME,population_total,white/non_hispanic,gini_index,median_income,poverty_denominator,poverty_count,transit_commuters,state,county,tract,year,%_white_nonhisp,poverty_rate,gross_sq_ft_std,gini_index_std,white/non_hispanic_std,poverty_count_std,transit_commuters_std,population_total_std,index_score
06075012405,231000.0,Public Services,"Census Tract 124.05, San Francisco County, California",3381.0,1169.0,0.4716,113975.0,3057.0,303.0,1002.0,06,075,012405,2020,0.34575569358178054,0.09911678115799803,2.188501308401383,0.024567058611972836,-0.4140688074257239,0.3375576605706021,0.766496612253159,-0.43101603790296816,0.6437742974842625
06075012405,114789.0,Infrastructure,"Census Tract 124.05, San Francisco County, California",3381.0,1169.0,0.4716,113975.0,3057.0,303.0,1002.0,06,075,012405,2020,0.34575569358178054,0.09911678115799803,0.6592961524052204,0.004454610338211875,-0.4438951298042725,0.1527149240027294,1.1259357460853114,-0.015194515728867661,0.30535997276881666
06075012405,376000.0,Public Services,"Census Tract 124.05, San Francisco County, California",3381.0,1169.0,0.4716,113975.0,3057.0,303.0,1002.0,06,075,012405,2020,0.34575569358178054,0.09911678115799803,3.9124738576024125,0.024567058611972836,-0.4140688074257239,0.3375576605706021,0.766496612253159,-0.43101603790296816,1.1609660622445714
06075012405,255234.0,Public Services,"Census Tract 124.05, San Francisco County, California",3381.0,1169.0,0.4716,113975.0,3057.0,303.0,1002.0,06,075,012405,2020,0.34575569358178054,0.09911678115799803,2.4766306239692297,0.024567058611972836,-0.4140688074257239,0.3375576605706021,0.766496612253159,-0.43101603790296816,0.7302130921546165
06075012405,61569.0,Public Services,"Census Tract 124.05, San Francisco County, California",3381.0,1169.0,0.4716,113975.0,3057.0,303.0,1002.0,06,075,012405,2020,0.34575569358178054,0.09911678115799803,0.17405721885876513,0.024567058611972836,-0.4140688074257239,0.3375576605706021,0.766496612253159,-0.43101603790296816,0.0394410706214772
06075012405,4186.0,Commercial,"Census Tract 124.05, San Francisco County, California",3381.0,1169.0,0.4716,113975.0,3057.0,303.0,1002.0,06,075,012405,2020,0.34575569358178054,0.09911678115799803,-1.383030761020952,0.38928064298076004,-0.052516951037990894,0.6654202172375366,1.0502929741998877,-0.12178952886550437,-0.19793762329611106
06075012405,185000.0,Recreational,"Census Tract 124.05, San Francisco County, California",3381.0,1169.0,0.4716,113975.0,3057.0,303.0,1002.0,06,075,012405,2020,0.34575569358178054,0.09911678115799803,5.955332212614933,0.24896672520753482,-0.3161202316563993,0.08222807780347918,1.047511174305649,-0.1628014703264172,1.9052044237878882
06075012405,516484.0,Infrastructure,"Census Tract 124.05, San Francisco County, California",3381.0,1169.0,0.4716,113975.0,3057.0,303.0,1002.0,06,075,012405,2020,0.34575569358178054,0.09911678115799803,4.428082710198231,0.004454610338211875,-0.4438951298042725,0.1527149240027294,1.1259357460853114,-0.015194515728867661,1.4359959401067195
06075012405,15950.0,Commercial,"Census Tract 124.05, San Francisco County, California",3381.0,1169.0,0.4716,113975.0,3057.0,303.0,1002.0,06,075,012405,2020,0.34575569358178054,0.09911678115799803,2.756801971822341,0.38928064298076004,-0.052516951037990894,0.6654202172375366,1.0502929741998877,-0.12178952886550437,1.0440121965568767
06075012405,3471.0,Public Services,"Census Tract 124.05, San Francisco County, California",3381.0,1169.0,0.4716,113975.0,3057.0,303.0,1002.0,06,075,012405,2020,0.34575569358178054,0.09911678115799803,-0.5166969684755893,0.024567058611972836,-0.4140688074257239,0.3375576605706021,0.766496612253159,-0.43101603790296816,-0.16778518557882913
06075012405,695.0,Infrastructure,"Census Tract 124.05, San Francisco County, California",3381.0,1169.0,0.4716,113975.0,3057.0,303.0,1002.0,06,075,012405,2020,0.34575569358178054,0.09911678115799803,-0.4111576334891413,0.004454610338211875,-0.4438951298042725,0.1527149240027294,1.1259357460853114,-0.015194515728867661,-0.01577616299949185
06075012405,15000.0,Public Services,"Census Tract 124.05, San Francisco County, California",3381.0,1169.0,0.4716,113975.0,3057.0,303.0,1002.0,06,075,012405,2020,0.34575569358178054,0.09911678115799803,-0.37962331661532267,0.024567058611972836,-0.4140688074257239,0.3375576605706021,0.766496612253159,-0.43101603790296816,-0.12666309002074913
06075012405,104000.0,Public Services,"Census Tract 124.05, San Francisco County, California",3381.0,1169.0,0.4716,113975.0,3057.0,303.0,1002.0,06,075,012405,2020,0.34575569358178054,0.09911678115799803,0.6785391446184126,0.024567058611972836,-0.4140688074257239,0.3375576605706021,0.766496612253159,-0.43101603790296816,0.1907856483493714
06075012405,12570.0,Infrastructure,"Census Tract 124.05, San Francisco County, California",3381.0,1169.0,0.4716,113975.0,3057.0,303.0,1002.0,06,075,012405,2020,0.34575569358178054,0.09911678115799803,-0.29974389825770453,0.004454610338211875,-0.4438951298042725,0.1527149240027294,1.1259357460853114,-0.015194515728867661,0.01764795756993921
06075012405,113437.0,Infrastructure,"Census Tract 124.05, San Francisco County, California",3381.0,1169.0,0.4716,113975.0,3057.0,303.0,1002.0,06,075,012405,2020,0.34575569358178054,0.09911678115799803,0.6466114054550813,0.004454610338211875,-0.4438951298042725,0.1527149240027294,1.1259357460853114,-0.015194515728867661,0.30155454868377496
06075033002,1134.0,Recreational,"Census Tract 330.02, San Francisco County, California",3986.0,1288.0,0.431,152723.0,3908.0,172.0,711.0,06,075,033002,2020,0.32313095835423983,0.044012282497441144,-0.1999281542974884,0.9138565446157734,-0.18468640775929912,0.6557652720273126,0.27454656255668125,0.241332323634744,0.17163378695104126
06075033002,3680.0,Recreational,"Census Tract 330.02, San Francisco County, California",3986.0,1288.0,0.431,152723.0,3908.0,172.0,711.0,06,075,033002,2020,0.32313095835423983,0.044012282497441144,-0.11469601298719162,0.9138565446157734,-0.18468640775929912,0.6557652720273126,0.27454656255668125,0.241332323634744,0.19720342934413027
06075033002,62087.0,Public Services,"Census Tract 330.02, San Francisco County, California",3986.0,1288.0,0.431,152723.0,3908.0,172.0,711.0,06,075,033002,2020,0.32313095835423983,0.044012282497441144,0.1802159621724626,0.7253625897215991,-0.27552635306143247,0.8293952626741647,-0.042400250456372315,-0.013607853370890087,0.15392837904183812
06075033002,4226.0,Recreational,"Census Tract 330.02, San Francisco County, California",3986.0,1288.0,0.431,152723.0,3908.0,172.0,711.0,06,075,033002,2020,0.32313095835423983,0.044012282497441144,-0.09641763547131495,0.9138565446157734,-0.18468640775929912,0.6557652720273126,0.27454656255668125,0.241332323634744,0.20268694259889325
06075033002,500.0,Recreational,"Census Tract 330.02, San Francisco County, California",3986.0,1288.0,0.431,152723.0,3908.0,172.0,711.0,06,075,033002,2020,0.32313095835423983,0.044012282497441144,-0.22115249742031956,0.9138565446157734,-0.18468640775929912,0.6557652720273126,0.27454656255668125,0.241332323634744,0.16526648401419186
06075033002,500.0,Recreational,"Census Tract 330.02, San Francisco County, California",3986.0,1288.0,0.431,152723.0,3908.0,172.0,711.0,06,075,033002,2020,0.32313095835423983,0.044012282497441144,-0.22115249742031956,0.9138565446157734,-0.18468640775929912,0.6557652720273126,0.27454656255668125,0.241332323634744,0.16526648401419186
06075033002,12900.0,Recreational,"Census Tract 330.02, San Francisco County, California",3986.0,1288.0,0.431,152723.0,3908.0,172.0,711.0,06,075,033002,2020,0.32313095835423983,0.044012282497441144,0.19396083810508497,0.9138565446157734,-0.18468640775929912,0.6557652720273126,0.27454656255668125,0.241332323634744,0.28980048467181324
06075033002,1200.0,Recreational,"Census Tract 330.02, San Francisco County, California",3986.0,1288.0,0.431,152723.0,3908.0,172.0,711.0,06,075,033002,2020,0.32313095835423983,0.044012282497441144,-0.19771868009227253,0.9138565446157734,-0.18468640775929912,0.6557652720273126,0.27454656255668125,0.241332323634744,0.17229662921260597
06075033002,1242.0,Recreational,"Census Tract 330.02, San Francisco County, California",3986.0,1288.0,0.431,152723.0,3908.0,172.0,711.0,06,075,033002,2020,0.32313095835423983,0.044012282497441144,-0.19631265105258972,0.9138565446157734,-0.18468640775929912,0.6557652720273126,0.27454656255668125,0.241332323634744,0.17271843792451086
06075033002,1830.0,Recreational,"Census Tract 330.02, San Francisco County, California",3986.0,1288.0,0.431,152723.0,3908.0,172.0,711.0,06,075,033002,2020,0.32313095835423983,0.044012282497441144,-0.1766282444970302,0.9138565446157734,-0.18468640775929912,0.6557652720273126,0.27454656255668125,0.241332323634744,0.17862375989117868
06075033002,500.0,Recreational,"Census Tract 330.02, San Francisco County, California",3986.0,1288.0,0.431,152723.0,3908.0,172.0,711.0,06,075,033002,2020,0.32313095835423983,0.044012282497441144,-0.22115249742031956,0.9138565446157734,-0.18468640775929912,0.6557652720273126,0.27454656255668125,0.241332323634744,0.16526648401419186
06075033002,500.0,Recreational,"Census Tract 330.02, San Francisco County, California",3986.0,1288.0,0.431,152723.0,3908.0,172.0,711.0,06,075,033002,2020,0.32313095835423983,0.044012282497441144,-0.22115249742031956,0.9138565446157734,-0.18468640775929912,0.6557652720273126,0.27454656255668125,0.241332323634744,0.16526648401419186
06075033002,1200.0,Recreational,"Census Tract 330.02, San Francisco County, California",3986.0,1288.0,0.431,152723.0,3908.0,172.0,711.0,06,075,033002,2020,0.32313095835423983,0.044012282497441144,-0.19771868009227253,0.9138565446157734,-0.18468640775929912,0.6557652720273126,0.27454656255668125,0.241332323634744,0.17229662921260597
06075033002,1200.0,Recreational,"Census Tract 330.02, San Francisco County, California",3986.0,1288.0,0.431,152723.0,3908.0,172.0,711.0,06,075,033002,2020,0.32313095835423983,0.044012282497441144,-0.19771868009227253,0.9138565446157734,-0.18468640775929912,0.6557652720273126,0.27454656255668125,0.241332323634744,0.17229662921260597
06075033002,500.0,Recreational,"Census Tract 330.02, San Francisco County, California",3986.0,1288.0,0.431,152723.0,3908.0,172.0,711.0,06,075,033002,2020,0.32313095835423983,0.044012282497441144,-0.22115249742031956,0.9138565446157734,-0.18468640775929912,0.6557652720273126,0.27454656255668125,0.241332323634744,0.16526648401419186
06075033002,672.0,Recreational,"Census Tract 330.02, San Francisco County, California",3986.0,1288.0,0.431,152723.0,3908.0,172.0,711.0,06,075,033002,2020,0.32313095835423983,0.044012282497441144,-0.21539447373399945,0.9138565446157734,-0.18468640775929912,0.6557652720273126,0.27454656255668125,0.241332323634744,0.1669938911200879
06075015801,20590.0,Public Services,"Census Tract 158.01, San Francisco County, California",3432.0,1412.0,0.4911,93646.0,3432.0,223.0,845.0,06,075,015801,2020,0.4114219114219114,0.06497668997668998,-0.31316120247715884,-0.3120219280047187,-0.13116278716922963,0.637916501549877,0.33008146639269026,-0.3958295628432392,-0.15818393555149035
06075015801,50400.0,Public Services,"Census Tract 158.01, San Francisco County, California",3432.0,1412.0,0.4911,93646.0,3432.0,223.0,845.0,06,075,015801,2020,0.4114219114219114,0.06497668997668998,0.04126377470685965,-0.3120219280047187,-0.13116278716922963,0.637916501549877,0.33008146639269026,-0.3958295628432392,-0.05185644239628482
06075015801,500.0,Recreational,"Census Tract 158.01, San Francisco County, California",3432.0,1412.0,0.4911,93646.0,3432.0,223.0,845.0,06,075,015801,2020,0.4114219114219114,0.06497668997668998,-0.22115249742031956,-0.07037690726686466,-0.04773015428669053,0.4324797994668889,0.6304821569702953,-0.12873399348010445,0.006387706363738702
06075015801,50400.0,Public Services,"Census Tract 158.01, San Francisco County, California",3432.0,1412.0,0.4911,93646.0,3432.0,223.0,845.0,06,075,015801,2020,0.4114219114219114,0.06497668997668998,0.04126377470685965,-0.3120219280047187,-0.13116278716922963,0.637916501549877,0.33008146639269026,-0.3958295628432392,-0.05185644239628482
06075015801,33117.0,Public Services,"Census Tract 158.01, San Francisco County, California",3432.0,1412.0,0.4911,93646.0,3432.0,223.0,845.0,06,075,015801,2020,0.4114219114219114,0.06497668997668998,-0.16422186369204647,-0.3120219280047187,-0.13116278716922963,0.637916501549877,0.33008146639269026,-0.3958295628432392,-0.11350213391595665
06075015801,143237.0,Public Services,"Census Tract 158.01, San Francisco County, California",3432.0,1412.0,0.4911,93646.0,3432.0,223.0,845.0,06,075,015801,2020,0.4114219114219114,0.06497668997668998,1.1450461164322112,-0.3120219280047187,-0.13116278716922963,0.637916501549877,0.33008146639269026,-0.3958295628432392,0.2792782601213206
06075015801,8187.75,Commercial,"Census Tract 158.01, San Francisco County, California",3432.0,1412.0,0.4911,93646.0,3432.0,223.0,845.0,06,075,015801,2020,0.4114219114219114,0.06497668997668998,0.025212662870211424,-0.04625208691404265,0.3401482521076026,0.8876900184024757,0.4783993431615674,-0.07236300919329697,0.15332002419579693
06075010500,8000.0,Infrastructure,"Census Tract 105, San Francisco County, California",3151.0,1673.0,0.4692,150955.0,3151.0,437.0,331.0,06,075,010500,2020,0.5309425579181213,0.1386861313868613,-0.3426205946794027,0.04548359359085046,0.30194670810223323,-0.37117938217877583,-0.8808935195704293,-0.17080129426723817,-0.23552488904780908
06075010500,22186.0,Infrastructure,"Census Tract 105, San Francisco County, California",3151.0,1673.0,0.4692,150955.0,3151.0,437.0,331.0,06,075,010500,2020,0.5309425579181213,0.1386861313868613,-0.209524573795768,0.04548359359085046,0.30194670810223323,-0.37117938217877583,-0.8808935195704293,-0.17080129426723817,-0.19559608278271867
06075010500,1576.0,Infrastructure,"Census Tract 105, San Francisco County, California",3151.0,1673.0,0.4692,150955.0,3151.0,437.0,331.0,06,075,010500,2020,0.5309425579181213,0.1386861313868613,-0.402891907111129,0.04548359359085046,0.30194670810223323,-0.37117938217877583,-0.8808935195704293,-0.17080129426723817,-0.25360628277732694
06075010500,43200.0,Infrastructure,"Census Tract 105, San Francisco County, California",3151.0,1673.0,0.4692,150955.0,3151.0,437.0,331.0,06,075,010500,2020,0.5309425579181213,0.1386861313868613,-0.012366827930217504,0.04548359359085046,0.30194670810223323,-0.37117938217877583,-0.8808935195704293,-0.17080129426723817,-0.13644875902305353
06075010500,2925.0,Infrastructure,"Census Tract 105, San Francisco County, California",3151.0,1673.0,0.4692,150955.0,3151.0,437.0,331.0,06,075,010500,2020,0.5309425579181213,0.1386861313868613,-0.3902353067888378,0.04548359359085046,0.30194670810223323,-0.37117938217877583,-0.8808935195704293,-0.17080129426723817,-0.2498093026806396
06075010500,4644.0,Infrastructure,"Census Tract 105, San Francisco County, California",3151.0,1673.0,0.4692,150955.0,3151.0,437.0,331.0,06,075,010500,2020,0.5309425579181213,0.1386861313868613,-0.37410728903196705,0.04548359359085046,0.30194670810223323,-0.37117938217877583,-0.8808935195704293,-0.17080129426723817,-0.24497089735357838
06075010500,11800.0,Infrastructure,"Census Tract 105, San Francisco County, California",3151.0,1673.0,0.4692,150955.0,3151.0,437.0,331.0,06,075,010500,2020,0.5309425579181213,0.1386861313868613,-0.3069681994053429,0.04548359359085046,0.30194670810223323,-0.37117938217877583,-0.8808935195704293,-0.17080129426723817,-0.22482917046559114
06075010500,8000.0,Infrastructure,"Census Tract 105, San Francisco County, California",3151.0,1673.0,0.4692,150955.0,3151.0,437.0,331.0,06,075,010500,2020,0.5309425579181213,0.1386861313868613,-0.3426205946794027,0.04548359359085046,0.30194670810223323,-0.37117938217877583,-0.8808935195704293,-0.17080129426723817,-0.23552488904780908
06075010500,100567.0,Infrastructure,"Census Tract 105, San Francisco County, California",3151.0,1673.0,0.4692,150955.0,3151.0,437.0,331.0,06,075,010500,2020,0.5309425579181213,0.1386861313868613,0.5258623719874106,0.04548359359085046,0.30194670810223323,-0.37117938217877583,-0.8808935195704293,-0.17080129426723817,0.025020000952234896
06075010500,151563.0,Infrastructure,"Census Tract 105, San Francisco County, California",3151.0,1673.0,0.4692,150955.0,3151.0,437.0,331.0,06,075,010500,2020,0.5309425579181213,0.1386861313868613,1.0043175165652924,0.04548359359085046,0.30194670810223323,-0.37117938217877583,-0.8808935195704293,-0.17080129426723817,0.1685565443255994
06075010500,4500.0,Infrastructure,"Census Tract 105, San Francisco County, California",3151.0,1673.0,0.4692,150955.0,3151.0,437.0,331.0,06,075,010500,2020,0.5309425579181213,0.1386861313868613,-0.3754583271686683,0.04548359359085046,0.30194670810223323,-0.37117938217877583,-0.8808935195704293,-0.17080129426723817,-0.24537620879458877
06075010500,38000.0,Infrastructure,"Census Tract 105, San Francisco County, California",3151.0,1673.0,0.4692,150955.0,3151.0,437.0,331.0,06,075,010500,2020,0.5309425579181213,0.1386861313868613,-0.0611543161999835,0.04548359359085046,0.30194670810223323,-0.37117938217877583,-0.8808935195704293,-0.17080129426723817,-0.15108500550398332
06075010500,420690.0,Infrastructure,"Census Tract 105, San Francisco County, California",3151.0,1673.0,0.4692,150955.0,3151.0,437.0,331.0,06,075,010500,2020,0.5309425579181213,0.1386861313868613,3.5293233541763143,0.04548359359085046,0.30194670810223323,-0.37117938217877583,-0.8808935195704293,-0.17080129426723817,0.9260582956089061
06075010500,30048.0,Infrastructure,"Census Tract 105, San Francisco County, California",3151.0,1673.0,0.4692,150955.0,3151.0,437.0,331.0,06,075,010500,2020,0.5309425579181213,0.1386861313868613,-0.13576164441559488,0.04548359359085046,0.30194670810223323,-0.37117938217877583,-0.8808935195704293,-0.17080129426723817,-0.17346720396866674
06075010500,6054.0,Infrastructure,"Census Tract 105, San Francisco County, California",3151.0,1673.0,0.4692,150955.0,3151.0,437.0,331.0,06,075,010500,2020,0.5309425579181213,0.1386861313868613,-0.36087837394343436,0.04548359359085046,0.30194670810223323,-0.37117938217877583,-0.8808935195704293,-0.17080129426723817,-0.24100222282701858
06075010500,139467.0,Infrastructure,"Census Tract 105, San Francisco County, California",3151.0,1673.0,0.4692,150955.0,3151.0,437.0,331.0,06,075,010500,2020,0.5309425579181213,0.1386861313868613,0.8908303130823907,0.04548359359085046,0.30194670810223323,-0.37117938217877583,-0.8808935195704293,-0.17080129426723817,0.1345103832807289
06075010500,1646.0,Infrastructure,"Census Tract 105, San Francisco County, California",3151.0,1673.0,0.4692,150955.0,3151.0,437.0,331.0,06,075,010500,2020,0.5309425579181213,0.1386861313868613,-0.40223515246134367,0.04548359359085046,0.30194670810223323,-0.37117938217877583,-0.8808935195704293,-0.17080129426723817,-0.25340925638239137
06075010500,94005.0,Infrastructure,"Census Tract 105, San Francisco County, California",3151.0,1673.0,0.4692,150955.0,3151.0,437.0,331.0,06,075,010500,2020,0.5309425579181213,0.1386861313868613,0.4642963146746789,0.04548359359085046,0.30194670810223323,-0.37117938217877583,-0.8808935195704293,-0.17080129426723817,0.00655018375841538
06075010500,226800.0,Public Services,"Census Tract 105, San Francisco County, California",3151.0,1673.0,0.4692,150955.0,3151.0,437.0,331.0,06,075,010500,2020,0.5309425579181213,0.1386861313868613,2.1385655518038362,0.06599339542633519,0.17269923458774566,-0.1655433980696833,-1.0986916862969975,-0.5897001411135102,0.38635260897252705
06075010500,117001.0,Infrastructure,"Census Tract 105, San Francisco County, California",3151.0,1673.0,0.4692,150955.0,3151.0,437.0,331.0,06,075,010500,2020,0.5309425579181213,0.1386861313868613,0.6800495993384363,0.04548359359085046,0.30194670810223323,-0.37117938217877583,-0.8808935195704293,-0.17080129426723817,0.07127616915754265
06075010500,20130.0,Infrastructure,"Census Tract 105, San Francisco County, California",3151.0,1673.0,0.4692,150955.0,3151.0,437.0,331.0,06,075,010500,2020,0.5309425579181213,0.1386861313868613,-0.22881439608089088,0.04548359359085046,0.30194670810223323,-0.37117938217877583,-0.8808935195704293,-0.17080129426723817,-0.20138302946825554
06075010500,500.0,Recreational,"Census Tract 105, San Francisco County, California",3151.0,1673.0,0.4692,150955.0,3151.0,437.0,331.0,06,075,010500,2020,0.5309425579181213,0.1386861313868613,-0.22115249742031956,0.28827055689669195,0.24054066955484849,-0.5044435559827322,-0.7348230335416273,-0.3164391110058669,-0.18575752028991888
06075010500,8000.0,Infrastructure,"Census Tract 105, San Francisco County, California",3151.0,1673.0,0.4692,150955.0,3151.0,437.0,331.0,06,075,010500,2020,0.5309425579181213,0.1386861313868613,-0.3426205946794027,0.04548359359085046,0.30194670810223323,-0.37117938217877583,-0.8808935195704293,-0.17080129426723817,-0.23552488904780908
06075010500,31300.0,Infrastructure,"Census Tract 105, San Francisco County, California",3151.0,1673.0,0.4692,150955.0,3151.0,437.0,331.0,06,075,010500,2020,0.5309425579181213,0.1386861313868613,-0.12401511839372045,0.04548359359085046,0.30194670810223323,-0.37117938217877583,-0.8808935195704293,-0.17080129426723817,-0.1699432461621044
06075010500,27340.0,Infrastructure,"Census Tract 105, San Francisco County, California",3151.0,1673.0,0.4692,150955.0,3151.0,437.0,331.0,06,075,010500,2020,0.5309425579181213,0.1386861313868613,-0.1611686671530038,0.04548359359085046,0.30194670810223323,-0.37117938217877583,-0.8808935195704293,-0.17080129426723817,-0.1810893107898894
06075010500,126225.0,Infrastructure,"Census Tract 105, San Francisco County, California",3151.0,1673.0,0.4692,150955.0,3151.0,437.0,331.0,06,075,010500,2020,0.5309425579181213,0.1386861313868613,0.7665910977615751,0.04548359359085046,0.30194670810223323,-0.37117938217877583,-0.8808935195704293,-0.17080129426723817,0.09723861868448425
06075010500,298488.0,Infrastructure,"Census Tract 105, San Francisco County, California",3151.0,1673.0,0.4692,150955.0,3151.0,437.0,331.0,06,075,010500,2020,0.5309425579181213,0.1386861313868613,2.382798615418248,0.04548359359085046,0.30194670810223323,-0.37117938217877583,-0.8808935195704293,-0.17080129426723817,0.5821008739814861
06075010500,1200.0,Recreational,"Census Tract 105, San Francisco County, California",3151.0,1673.0,0.4692,150955.0,3151.0,437.0,331.0,06,075,010500,2020,0.5309425579181213,0.1386861313868613,-0.19771868009227253,0.28827055689669195,0.24054066955484849,-0.5044435559827322,-0.7348230335416273,-0.3164391110058669,-0.17872737509150477
06075010500,24950.0,Infrastructure,"Census Tract 105, San Francisco County, California",3151.0,1673.0,0.4692,150955.0,3151.0,437.0,331.0,06,075,010500,2020,0.5309425579181213,0.1386861313868613,-0.18359214733853085,0.04548359359085046,0.30194670810223323,-0.37117938217877583,-0.8808935195704293,-0.17080129426723817,-0.18781635484554754
06075010500,18303.0,Infrastructure,"Census Tract 105, San Francisco County, California",3151.0,1673.0,0.4692,150955.0,3151.0,437.0,331.0,06,075,010500,2020,0.5309425579181213,0.1386861313868613,-0.2459556924402875,0.04548359359085046,0.30194670810223323,-0.37117938217877583,-0.8808935195704293,-0.17080129426723817,-0.20652541837607452
06075010500,105311.0,Infrastructure,"Census Tract 105, San Francisco County, California",3151.0,1673.0,0.4692,150955.0,3151.0,437.0,331.0,06,075,010500,2020,0.5309425579181213,0.1386861313868613,0.5703715728242894,0.04548359359085046,0.30194670810223323,-0.37117938217877583,-0.8808935195704293,-0.17080129426723817,0.03837276120329853
06075010500,12830.0,Infrastructure,"Census Tract 105, San Francisco County, California",3151.0,1673.0,0.4692,150955.0,3151.0,437.0,331.0,06,075,010500,2020,0.5309425579181213,0.1386861313868613,-0.29730452384421624,0.04548359359085046,0.30194670810223323,-0.37117938217877583,-0.8808935195704293,-0.17080129426723817,-0.22193006779725316
06075010500,15444.0,Infrastructure,"Census Tract 105, San Francisco County, California",3151.0,1673.0,0.4692,150955.0,3151.0,437.0,331.0,06,075,010500,2020,0.5309425579181213,0.1386861313868613,-0.27277942877937617,0.04548359359085046,0.30194670810223323,-0.37117938217877583,-0.8808935195704293,-0.17080129426723817,-0.21457253927780112
06075010500,695.0,Infrastructure,"Census Tract 105, San Francisco County, California",3151.0,1673.0,0.4692,150955.0,3151.0,437.0,331.0,06,075,010500,2020,0.5309425579181213,0.1386861313868613,-0.4111576334891413,0.04548359359085046,0.30194670810223323,-0.37117938217877583,-0.8808935195704293,-0.17080129426723817,-0.2560860006907307
06075010500,8000.0,Infrastructure,"Census Tract 105, San Francisco County, California",3151.0,1673.0,0.4692,150955.0,3151.0,437.0,331.0,06,075,010500,2020,0.5309425579181213,0.1386861313868613,-0.3426205946794027,0.04548359359085046,0.30194670810223323,-0.37117938217877583,-0.8808935195704293,-0.17080129426723817,-0.23552488904780908
06075010500,169620.0,Infrastructure,"Census Tract 105, San Francisco County, California",3151.0,1673.0,0.4692,150955.0,3151.0,437.0,331.0,06,075,010500,2020,0.5309425579181213,0.1386861313868613,1.173732069582055,0.04548359359085046,0.30194670810223323,-0.37117938217877583,-0.8808935195704293,-0.17080129426723817,0.21938091023062822
06075010500,6350.0,Infrastructure,"Census Tract 105, San Francisco County, California",3151.0,1673.0,0.4692,150955.0,3151.0,437.0,331.0,06,075,010500,2020,0.5309425579181213,0.1386861313868613,-0.35810123999577076,0.04548359359085046,0.30194670810223323,-0.37117938217877583,-0.8808935195704293,-0.17080129426723817,-0.2401690826427195
06075023102,15000.0,Public Services,"Census Tract 231.02, San Francisco County, California",3671.0,161.0,0.5816,46659.0,3671.0,923.0,576.0,06,075,023102,2020,0.04385725960228821,0.2514301280305094,-0.37962331661532267,-1.8741400453796238,-1.587604891452663,-1.9902233570187782,-0.4176616816102786,-0.23093608168098032,-0.8414963719381167
06075023102,500.0,Recreational,"Census Tract 231.02, San Francisco County, California",3671.0,161.0,0.5816,46659.0,3671.0,923.0,576.0,06,075,023102,2020,0.04385725960228821,0.2514301280305094,-0.22115249742031956,-1.5524588938788244,-1.4294420340788947,-2.6322227650879464,-0.08404526763613888,0.030915554878106336,-0.6516657058439506
06075023102,50400.0,Public Services,"Census Tract 231.02, San Francisco County, California",3671.0,161.0,0.5816,46659.0,3671.0,923.0,576.0,06,075,023102,2020,0.04385725960228821,0.2514301280305094,0.04126377470685965,-1.8741400453796238,-1.587604891452663,-1.9902233570187782,-0.4176616816102786,-0.23093608168098032,-0.7152302445414619
06075023102,45500.0,Public Services,"Census Tract 231.02, San Francisco County, California",3671.0,161.0,0.5816,46659.0,3671.0,923.0,576.0,06,075,023102,2020,0.04385725960228821,0.2514301280305094,-0.01699460799027858,-1.8741400453796238,-1.587604891452663,-1.9902233570187782,-0.4176616816102786,-0.23093608168098032,-0.7327077593506034
06075023102,7409.0,Public Services,"Census Tract 231.02, San Francisco County, California",3671.0,161.0,0.5816,46659.0,3671.0,923.0,576.0,06,075,023102,2020,0.04385725960228821,0.2514301280305094,-0.4698762519324607,-1.8741400453796238,-1.587604891452663,-1.9902233570187782,-0.4176616816102786,-0.23093608168098032,-0.8685722525332581
06075023102,500.0,Recreational,"Census Tract 231.02, San Francisco County, California",3671.0,161.0,0.5816,46659.0,3671.0,923.0,576.0,06,075,023102,2020,0.04385725960228821,0.2514301280305094,-0.22115249742031956,-1.5524588938788244,-1.4294420340788947,-2.6322227650879464,-0.08404526763613888,0.030915554878106336,-0.6516657058439506
06075023102,500.0,Recreational,"Census Tract 231.02, San Francisco County, California",3671.0,161.0,0.5816,46659.0,3671.0,923.0,576.0,06,075,023102,2020,0.04385725960228821,0.2514301280305094,-0.22115249742031956,-1.5524588938788244,-1.4294420340788947,-2.6322227650879464,-0.08404526763613888,0.030915554878106336,-0.6516657058439506
06075023102,2135.0,Recreational,"Census Tract 231.02, San Francisco County, California",3671.0,161.0,0.5816,46659.0,3671.0,923.0,576.0,06,075,023102,2020,0.04385725960228821,0.2514301280305094,-0.16641779551838115,-1.5524588938788244,-1.4294420340788947,-2.6322227650879464,-0.08404526763613888,0.030915554878106336,-0.635245295273369
06075047600,10000.0,Public Services,"Census Tract 476, San Francisco County, California",5418.0,2131.0,0.4735,128992.0,5418.0,204.0,844.0,06,075,047600,2020,0.3933185677371724,0.03765227021040975,-0.4390706458981168,-0.008228791366063097,0.7059130505444303,0.7092517262824548,0.3273017520878465,0.9743731718356153,0.25236392860174284
06075047600,2500.0,Public Services,"Census Tract 476, San Francisco County, California",5418.0,2131.0,0.4735,128992.0,5418.0,204.0,844.0,06,075,047600,2020,0.3933185677371724,0.03765227021040975,-0.528241639822308,-0.008228791366063097,0.7059130505444303,0.7092517262824548,0.3273017520878465,0.9743731718356153,0.22561263042448548
06075047600,1000.0,Recreational,"Census Tract 476, San Francisco County, California",5418.0,2131.0,0.4735,128992.0,5418.0,204.0,844.0,06,075,047600,2020,0.3933185677371724,0.03765227021040975,-0.20441405647171454,0.21785119178695295,0.7463952186714189,0.5156645833619488,0.6278259211910893,1.1978936342998396,0.4428485888339702
06075047600,52000.0,Public Services,"Census Tract 476, San Francisco County, California",5418.0,2131.0,0.4735,128992.0,5418.0,204.0,844.0,06,075,047600,2020,0.3933185677371724,0.03765227021040975,0.06028692007735377,-0.008228791366063097,0.7059130505444303,0.7092517262824548,0.3273017520878465,0.9743731718356153,0.402171198394384
06075010600,500.0,Recreational,"Census Tract 106, San Francisco County, California",3426.0,1135.0,0.5568,65703.0,3426.0,508.0,534.0,06,075,010600,2020,0.3312901342673672,0.14827787507297138,-0.22115249742031956,-1.1463192997575353,-0.3536727527698565,-0.8152919589590083,-0.19560717036279404,-0.13274193193261183,-0.3879986169940965
06075010600,500.0,Recreational,"Census Tract 106, San Francisco County, California",3426.0,1135.0,0.5568,65703.0,3426.0,508.0,534.0,06,075,010600,2020,0.3312901342673672,0.14827787507297138,-0.22115249742031956,-1.1463192997575353,-0.3536727527698565,-0.8152919589590083,-0.19560717036279404,-0.13274193193261183,-0.3879986169940965
06075010600,23100.0,Public Services,"Census Tract 106, San Francisco County, California",3426.0,1135.0,0.5568,65703.0,3426.0,508.0,534.0,06,075,010600,2020,0.3312901342673672,0.14827787507297138,-0.2833186431771962,-1.4460678982978812,-0.45365236581552143,-0.4321118694387897,-0.5344096824137161,-0.39996914814438383,-0.5517145080330429
06075017801,13654.0,Public Services,"Census Tract 178.01, San Francisco County, California",3895.0,853.0,0.6061,28634.0,3895.0,939.0,282.0,06,075,017801,2020,0.2189987163029525,0.2410783055198973,-0.39562653765825084,-2.29703390035957,-0.7819630559897246,-2.050295125214633,-1.2348976872343411,-0.07639156377158282,-0.8835652268500688
06075017801,126000.0,Infrastructure,"Census Tract 178.01, San Francisco County, California",3895.0,853.0,0.6061,28634.0,3895.0,939.0,282.0,06,075,017801,2020,0.2189987163029525,0.2410783055198973,0.7644801006729794,-2.2948779927783955,-0.9115261234123198,-2.333828200858743,-1.0274428996257665,0.33255280674383864,-0.45591387086474777
06075017801,41231.0,Infrastructure,"Census Tract 178.01, San Francisco County, California",3895.0,853.0,0.6061,28634.0,3895.0,939.0,282.0,06,075,017801,2020,0.2189987163029525,0.2410783055198973,-0.030840398007750052,-2.2948779927783955,-0.9115261234123198,-2.333828200858743,-1.0274428996257665,0.33255280674383864,-0.6945100204689666
06075017801,41231.0,Infrastructure,"Census Tract 178.01, San Francisco County, California",3895.0,853.0,0.6061,28634.0,3895.0,939.0,282.0,06,075,017801,2020,0.2189987163029525,0.2410783055198973,-0.030840398007750052,-2.2948779927783955,-0.9115261234123198,-2.333828200858743,-1.0274428996257665,0.33255280674383864,-0.6945100204689666
06075017801,41231.0,Infrastructure,"Census Tract 178.01, San Francisco County, California",3895.0,853.0,0.6061,28634.0,3895.0,939.0,282.0,06,075,017801,2020,0.2189987163029525,0.2410783055198973,-0.030840398007750052,-2.2948779927783955,-0.9115261234123198,-2.333828200858743,-1.0274428996257665,0.33255280674383864,-0.6945100204689666
06075017801,650000.0,Infrastructure,"Census Tract 178.01, San Francisco County, California",3895.0,853.0,0.6061,28634.0,3895.0,939.0,282.0,06,075,017801,2020,0.2189987163029525,0.2410783055198973,5.680757764780168,-2.2948779927783955,-0.9115261234123198,-2.333828200858743,-1.0274428996257665,0.33255280674383864,1.0189694283674087
06075017801,41231.0,Infrastructure,"Census Tract 178.01, San Francisco County, California",3895.0,853.0,0.6061,28634.0,3895.0,939.0,282.0,06,075,017801,2020,0.2189987163029525,0.2410783055198973,-0.030840398007750052,-2.2948779927783955,-0.9115261234123198,-2.333828200858743,-1.0274428996257665,0.33255280674383864,-0.6945100204689666
06075017801,41231.0,Infrastructure,"Census Tract 178.01, San Francisco County, California",3895.0,853.0,0.6061,28634.0,3895.0,939.0,282.0,06,075,017801,2020,0.2189987163029525,0.2410783055198973,-0.030840398007750052,-2.2948779927783955,-0.9115261234123198,-2.333828200858743,-1.0274428996257665,0.33255280674383864,-0.6945100204689666
06075017801,41231.0,Infrastructure,"Census Tract 178.01, San Francisco County, California",3895.0,853.0,0.6061,28634.0,3895.0,939.0,282.0,06,075,017801,2020,0.2189987163029525,0.2410783055198973,-0.030840398007750052,-2.2948779927783955,-0.9115261234123198,-2.333828200858743,-1.0274428996257665,0.33255280674383864,-0.6945100204689666
06075017801,41231.0,Infrastructure,"Census Tract 178.01, San Francisco County, California",3895.0,853.0,0.6061,28634.0,3895.0,939.0,282.0,06,075,017801,2020,0.2189987163029525,0.2410783055198973,-0.030840398007750052,-2.2948779927783955,-0.9115261234123198,-2.333828200858743,-1.0274428996257665,0.33255280674383864,-0.6945100204689666
06075022600,2304.0,Infrastructure,"Census Tract 226, San Francisco County, California",3328.0,1841.0,0.3909,218114.0,3328.0,82.0,872.0,06,075,022600,2020,0.5531850961538461,0.024639423076923076,-0.39606165875336174,1.3840541722081765,0.5505606540710685,1.0167495633020776,0.7371312683874779,-0.05105172991379652,0.32257054875634444
06075022600,400.0,Infrastructure,"Census Tract 226, San Francisco County, California",3328.0,1841.0,0.3909,218114.0,3328.0,82.0,872.0,06,075,022600,2020,0.5531850961538461,0.024639423076923076,-0.41392538522752226,1.3840541722081765,0.5505606540710685,1.0167495633020776,0.7371312683874779,-0.05105172991379652,0.3172114308140963
06075022600,56268.0,Infrastructure,"Census Tract 226, San Francisco County, California",3328.0,1841.0,0.3909,218114.0,3328.0,82.0,872.0,06,075,022600,2020,0.5531850961538461,0.024639423076923076,0.11023988297541751,1.3840541722081765,0.5505606540710685,1.0167495633020776,0.7371312683874779,-0.05105172991379652,0.47446101127497825
06075022600,600.0,Infrastructure,"Census Tract 226, San Francisco County, California",3328.0,1841.0,0.3909,218114.0,3328.0,82.0,872.0,06,075,022600,2020,0.5531850961538461,0.024639423076923076,-0.4120489433709928,1.3840541722081765,0.5505606540710685,1.0167495633020776,0.7371312683874779,-0.05105172991379652,0.31777436337105514
06075022600,78116.0,Infrastructure,"Census Tract 226, San Francisco County, California",3328.0,1841.0,0.3909,218114.0,3328.0,82.0,872.0,06,075,022600,2020,0.5531850961538461,0.024639423076923076,0.31522239138269587,1.3840541722081765,0.5505606540710685,1.0167495633020776,0.7371312683874779,-0.05105172991379652,0.5359557637971617
06075022600,9306.0,Infrastructure,"Census Tract 226, San Francisco County, California",3328.0,1841.0,0.3909,218114.0,3328.0,82.0,872.0,06,075,022600,2020,0.5531850961538461,0.024639423076923076,-0.33036742935626534,1.3840541722081765,0.5505606540710685,1.0167495633020776,0.7371312683874779,-0.05105172991379652,0.3422788175754734
06075022600,6400.0,Public Services,"Census Tract 226, San Francisco County, California",3328.0,1841.0,0.3909,218114.0,3328.0,82.0,872.0,06,075,022600,2020,0.5531850961538461,0.024639423076923076,-0.48187272298172856,1.4175276339948988,0.36828858192556885,1.1672989587758489,0.4051337526234715,-0.46758237472974523,0.1489291513799157
06075022600,1490.0,Infrastructure,"Census Tract 226, San Francisco County, California",3328.0,1841.0,0.3909,218114.0,3328.0,82.0,872.0,06,075,022600,2020,0.5531850961538461,0.024639423076923076,-0.4036987771094367,1.3840541722081765,0.5505606540710685,1.0167495633020776,0.7371312683874779,-0.05105172991379652,0.32027941324952197
06075022600,615.0,Infrastructure,"Census Tract 226, San Francisco County, California",3328.0,1841.0,0.3909,218114.0,3328.0,82.0,872.0,06,075,022600,2020,0.5531850961538461,0.024639423076923076,-0.41190821023175306,1.3840541722081765,0.5505606540710685,1.0167495633020776,0.7371312683874779,-0.05105172991379652,0.3178165833128271
06075022600,1.0,Infrastructure,"Census Tract 226, San Francisco County, California",3328.0,1841.0,0.3909,218114.0,3328.0,82.0,872.0,06,075,022600,2020,0.5531850961538461,0.024639423076923076,-0.41766888673129854,1.3840541722081765,0.5505606540710685,1.0167495633020776,0.7371312683874779,-0.05105172991379652,0.31608838036296344
06075022600,4356.0,Infrastructure,"Census Tract 226, San Francisco County, California",3328.0,1841.0,0.3909,218114.0,3328.0,82.0,872.0,06,075,022600,2020,0.5531850961538461,0.024639423076923076,-0.3768093653053695,1.3840541722081765,0.5505606540710685,1.0167495633020776,0.7371312683874779,-0.05105172991379652,0.32834623679074215
06075022600,1.0,Infrastructure,"Census Tract 226, San Francisco County, California",3328.0,1841.0,0.3909,218114.0,3328.0,82.0,872.0,06,075,022600,2020,0.5531850961538461,0.024639423076923076,-0.41766888673129854,1.3840541722081765,0.5505606540710685,1.0167495633020776,0.7371312683874779,-0.05105172991379652,0.31608838036296344
06075022600,850.0,Infrastructure,"Census Tract 226, San Francisco County, California",3328.0,1841.0,0.3909,218114.0,3328.0,82.0,872.0,06,075,022600,2020,0.5531850961538461,0.024639423076923076,-0.40970339105033093,1.3840541722081765,0.5505606540710685,1.0167495633020776,0.7371312683874779,-0.05105172991379652,0.3184780290672537
06075022600,10000.0,Infrastructure,"Census Tract 226, San Francisco County, California",3328.0,1841.0,0.3909,218114.0,3328.0,82.0,872.0,06,075,022600,2020,0.5531850961538461,0.024639423076923076,-0.3238561761141081,1.3840541722081765,0.5505606540710685,1.0167495633020776,0.7371312683874779,-0.05105172991379652,0.34423219354812057
06075022600,74566.0,Infrastructure,"Census Tract 226, San Francisco County, California",3328.0,1841.0,0.3909,218114.0,3328.0,82.0,872.0,06,075,022600,2020,0.5531850961538461,0.024639423076923076,0.28191554842929795,1.3840541722081765,0.5505606540710685,1.0167495633020776,0.7371312683874779,-0.05105172991379652,0.5259637109111424
06075022600,11800.0,Infrastructure,"Census Tract 226, San Francisco County, California",3328.0,1841.0,0.3909,218114.0,3328.0,82.0,872.0,06,075,022600,2020,0.5531850961538461,0.024639423076923076,-0.3069681994053429,1.3840541722081765,0.5505606540710685,1.0167495633020776,0.7371312683874779,-0.05105172991379652,0.34929858656075014
06075022600,22116.0,Infrastructure,"Census Tract 226, San Francisco County, California",3328.0,1841.0,0.3909,218114.0,3328.0,82.0,872.0,06,075,022600,2020,0.5531850961538461,0.024639423076923076,-0.21018132844555332,1.3840541722081765,0.5505606540710685,1.0167495633020776,0.7371312683874779,-0.05105172991379652,0.378334647848687
06075022600,1.0,Infrastructure,"Census Tract 226, San Francisco County, California",3328.0,1841.0,0.3909,218114.0,3328.0,82.0,872.0,06,075,022600,2020,0.5531850961538461,0.024639423076923076,-0.41766888673129854,1.3840541722081765,0.5505606540710685,1.0167495633020776,0.7371312683874779,-0.05105172991379652,0.31608838036296344
06075022600,50400.0,Public Services,"Census Tract 226, San Francisco County, California",3328.0,1841.0,0.3909,218114.0,3328.0,82.0,872.0,06,075,022600,2020,0.5531850961538461,0.024639423076923076,0.04126377470685965,1.4175276339948988,0.36828858192556885,1.1672989587758489,0.4051337526234715,-0.46758237472974523,0.3058701006864921
06075022600,17400.0,Infrastructure,"Census Tract 226, San Francisco County, California",3328.0,1841.0,0.3909,218114.0,3328.0,82.0,872.0,06,075,022600,2020,0.5531850961538461,0.024639423076923076,-0.254427827422518,1.3840541722081765,0.5505606540710685,1.0167495633020776,0.7371312683874779,-0.05105172991379652,0.36506069815559755
06075022600,6400.0,Infrastructure,"Census Tract 226, San Francisco County, California",3328.0,1841.0,0.3909,218114.0,3328.0,82.0,872.0,06,075,022600,2020,0.5531850961538461,0.024639423076923076,-0.3576321295316384,1.3840541722081765,0.5505606540710685,1.0167495633020776,0.7371312683874779,-0.05105172991379652,0.33409940752286144
06075022600,1.0,Infrastructure,"Census Tract 226, San Francisco County, California",3328.0,1841.0,0.3909,218114.0,3328.0,82.0,872.0,06,075,022600,2020,0.5531850961538461,0.024639423076923076,-0.41766888673129854,1.3840541722081765,0.5505606540710685,1.0167495633020776,0.7371312683874779,-0.05105172991379652,0.31608838036296344
06075022600,1860.0,Infrastructure,"Census Tract 226, San Francisco County, California",3328.0,1841.0,0.3909,218114.0,3328.0,82.0,872.0,06,075,022600,2020,0.5531850961538461,0.024639423076923076,-0.4002273596748572,1.3840541722081765,0.5505606540710685,1.0167495633020776,0.7371312683874779,-0.05105172991379652,0.32132083847989584
06075022600,3432.0,Infrastructure,"Census Tract 226, San Francisco County, California",3328.0,1841.0,0.3909,218114.0,3328.0,82.0,872.0,06,075,022600,2020,0.5531850961538461,0.024639423076923076,-0.3854785266825356,1.3840541722081765,0.5505606540710685,1.0167495633020776,0.7371312683874779,-0.05105172991379652,0.3257454883775923
06075022600,12570.0,Infrastructure,"Census Tract 226, San Francisco County, California",3328.0,1841.0,0.3909,218114.0,3328.0,82.0,872.0,06,075,022600,2020,0.5531850961538461,0.024639423076923076,-0.29974389825770453,1.3840541722081765,0.5505606540710685,1.0167495633020776,0.7371312683874779,-0.05105172991379652,0.3514658769050416
06075022600,1200.0,Recreational,"Census Tract 226, San Francisco County, California",3328.0,1841.0,0.3909,218114.0,3328.0,82.0,872.0,06,075,022600,2020,0.5531850961538461,0.024639423076923076,-0.19771868009227253,1.5705580657554365,0.4260943032919311,1.0497984588986486,0.7022005230088594,-0.1982049266568991,0.3583612673943049
06075022600,2000.0,Infrastructure,"Census Tract 226, San Francisco County, California",3328.0,1841.0,0.3909,218114.0,3328.0,82.0,872.0,06,075,022600,2020,0.5531850961538461,0.024639423076923076,-0.39891385037528654,1.3840541722081765,0.5505606540710685,1.0167495633020776,0.7371312683874779,-0.05105172991379652,0.32171489126976704
06075022600,15969.0,Infrastructure,"Census Tract 226, San Francisco County, California",3328.0,1841.0,0.3909,218114.0,3328.0,82.0,872.0,06,075,022600,2020,0.5531850961538461,0.024639423076923076,-0.26785376890598633,1.3840541722081765,0.5505606540710685,1.0167495633020776,0.7371312683874779,-0.05105172991379652,0.36103291571055707
06075022600,8428.0,Infrastructure,"Census Tract 226, San Francisco County, California",3328.0,1841.0,0.3909,218114.0,3328.0,82.0,872.0,06,075,022600,2020,0.5531850961538461,0.024639423076923076,-0.33860500910642966,1.3840541722081765,0.5505606540710685,1.0167495633020776,0.7371312683874779,-0.05105172991379652,0.3398075436504241
06075022600,1440.0,Infrastructure,"Census Tract 226, San Francisco County, California",3328.0,1841.0,0.3909,218114.0,3328.0,82.0,872.0,06,075,022600,2020,0.5531850961538461,0.024639423076923076,-0.40416788757356903,1.3840541722081765,0.5505606540710685,1.0167495633020776,0.7371312683874779,-0.05105172991379652,0.3201386801102823
06075022600,8000.0,Infrastructure,"Census Tract 226, San Francisco County, California",3328.0,1841.0,0.3909,218114.0,3328.0,82.0,872.0,06,075,022600,2020,0.5531850961538461,0.024639423076923076,-0.3426205946794027,1.3840541722081765,0.5505606540710685,1.0167495633020776,0.7371312683874779,-0.05105172991379652,0.3386028679785322
06075022600,2000.0,Infrastructure,"Census Tract 226, San Francisco County, California",3328.0,1841.0,0.3909,218114.0,3328.0,82.0,872.0,06,075,022600,2020,0.5531850961538461,0.024639423076923076,-0.39891385037528654,1.3840541722081765,0.5505606540710685,1.0167495633020776,0.7371312683874779,-0.05105172991379652,0.32171489126976704
06075022600,8000.0,Infrastructure,"Census Tract 226, San Francisco County, California",3328.0,1841.0,0.3909,218114.0,3328.0,82.0,872.0,06,075,022600,2020,0.5531850961538461,0.024639423076923076,-0.3426205946794027,1.3840541722081765,0.5505606540710685,1.0167495633020776,0.7371312683874779,-0.05105172991379652,0.3386028679785322
06075022600,17400.0,Infrastructure,"Census Tract 226, San Francisco County, California",3328.0,1841.0,0.3909,218114.0,3328.0,82.0,872.0,06,075,022600,2020,0.5531850961538461,0.024639423076923076,-0.254427827422518,1.3840541722081765,0.5505606540710685,1.0167495633020776,0.7371312683874779,-0.05105172991379652,0.36506069815559755
06075022600,18070.0,Public Services,"Census Tract 226, San Francisco County, California",3328.0,1841.0,0.3909,218114.0,3328.0,82.0,872.0,06,075,022600,2020,0.5531850961538461,0.024639423076923076,-0.34312265643568707,1.4175276339948988,0.36828858192556885,1.1672989587758489,0.4051337526234715,-0.46758237472974523,0.1905541713437281
06075022600,41500.0,Infrastructure,"Census Tract 226, San Francisco County, California",3328.0,1841.0,0.3909,218114.0,3328.0,82.0,872.0,06,075,022600,2020,0.5531850961538461,0.024639423076923076,-0.028316583710717925,1.3840541722081765,0.5505606540710685,1.0167495633020776,0.7371312683874779,-0.05105172991379652,0.4328940712691376
06075022600,113885.0,Public Services,"Census Tract 226, San Francisco County, California",3328.0,1841.0,0.3909,218114.0,3328.0,82.0,872.0,06,075,022600,2020,0.5531850961538461,0.024639423076923076,0.7960665146104966,1.4175276339948988,0.36828858192556885,1.1672989587758489,0.4051337526234715,-0.46758237472974523,0.5323109226575832
06075022600,600.0,Infrastructure,"Census Tract 226, San Francisco County, California",3328.0,1841.0,0.3909,218114.0,3328.0,82.0,872.0,06,075,022600,2020,0.5531850961538461,0.024639423076923076,-0.4120489433709928,1.3840541722081765,0.5505606540710685,1.0167495633020776,0.7371312683874779,-0.05105172991379652,0.31777436337105514
06075022600,12050.0,Infrastructure,"Census Tract 226, San Francisco County, California",3328.0,1841.0,0.3909,218114.0,3328.0,82.0,872.0,06,075,022600,2020,0.5531850961538461,0.024639423076923076,-0.3046226470846811,1.3840541722081765,0.5505606540710685,1.0167495633020776,0.7371312683874779,-0.05105172991379652,0.35000225225694864
06075022600,10000.0,Infrastructure,"Census Tract 226, San Francisco County, California",3328.0,1841.0,0.3909,218114.0,3328.0,82.0,872.0,06,075,022600,2020,0.5531850961538461,0.024639423076923076,-0.3238561761141081,1.3840541722081765,0.5505606540710685,1.0167495633020776,0.7371312683874779,-0.05105172991379652,0.34423219354812057
06075022600,96804.0,Infrastructure,"Census Tract 226, San Francisco County, California",3328.0,1841.0,0.3909,218114.0,3328.0,82.0,872.0,06,075,022600,2020,0.5531850961538461,0.024639423076923076,0.4905571184568087,1.3840541722081765,0.5505606540710685,1.0167495633020776,0.7371312683874779,-0.05105172991379652,0.5885561819193956
06075022600,46638.0,Infrastructure,"Census Tract 226, San Francisco County, California",3328.0,1841.0,0.3909,218114.0,3328.0,82.0,872.0,06,075,022600,2020,0.5531850961538461,0.024639423076923076,0.019889207583523937,1.3840541722081765,0.5505606540710685,1.0167495633020776,0.7371312683874779,-0.05105172991379652,0.44735580865741015
06075022600,82099.0,Infrastructure,"Census Tract 226, San Francisco County, California",3328.0,1841.0,0.3909,218114.0,3328.0,82.0,872.0,06,075,022600,2020,0.5531850961538461,0.024639423076923076,0.3525917309554801,1.3840541722081765,0.5505606540710685,1.0167495633020776,0.7371312683874779,-0.05105172991379652,0.547166565668997
06075022600,6152.0,Infrastructure,"Census Tract 226, San Francisco County, California",3328.0,1841.0,0.3909,218114.0,3328.0,82.0,872.0,06,075,022600,2020,0.5531850961538461,0.024639423076923076,-0.3599589174337349,1.3840541722081765,0.5505606540710685,1.0167495633020776,0.7371312683874779,-0.05105172991379652,0.3334013711522325
06075022600,7750.0,Infrastructure,"Census Tract 226, San Francisco County, California",3328.0,1841.0,0.3909,218114.0,3328.0,82.0,872.0,06,075,022600,2020,0.5531850961538461,0.024639423076923076,-0.34496614700006456,1.3840541722081765,0.5505606540710685,1.0167495633020776,0.7371312683874779,-0.05105172991379652,0.3378992022823336
06075022600,30940.0,Infrastructure,"Census Tract 226, San Francisco County, California",3328.0,1841.0,0.3909,218114.0,3328.0,82.0,872.0,06,075,022600,2020,0.5531850961538461,0.024639423076923076,-0.12739271373547348,1.3840541722081765,0.5505606540710685,1.0167495633020776,0.7371312683874779,-0.05105172991379652,0.4031712322617109
06075022600,30546.0,Infrastructure,"Census Tract 226, San Francisco County, California",3328.0,1841.0,0.3909,218114.0,3328.0,82.0,872.0,06,075,022600,2020,0.5531850961538461,0.024639423076923076,-0.13108930419283651,1.3840541722081765,0.5505606540710685,1.0167495633020776,0.7371312683874779,-0.05105172991379652,0.402062255124502
06075022600,1440.0,Infrastructure,"Census Tract 226, San Francisco County, California",3328.0,1841.0,0.3909,218114.0,3328.0,82.0,872.0,06,075,022600,2020,0.5531850961538461,0.024639423076923076,-0.40416788757356903,1.3840541722081765,0.5505606540710685,1.0167495633020776,0.7371312683874779,-0.05105172991379652,0.3201386801102823
06075022600,34707.0,Infrastructure,"Census Tract 226, San Francisco County, California",3328.0,1841.0,0.3909,218114.0,3328.0,82.0,872.0,06,075,022600,2020,0.5531850961538461,0.024639423076923076,-0.09204993136774109,1.3840541722081765,0.5505606540710685,1.0167495633020776,0.7371312683874779,-0.05105172991379652,0.4137740669720307
06075022600,4686.0,Infrastructure,"Census Tract 226, San Francisco County, California",3328.0,1841.0,0.3909,218114.0,3328.0,82.0,872.0,06,075,022600,2020,0.5531850961538461,0.024639423076923076,-0.3737132362420959,1.3840541722081765,0.5505606540710685,1.0167495633020776,0.7371312683874779,-0.05105172991379652,0.32927507550972424
06075022600,600.0,Infrastructure,"Census Tract 226, San Francisco County, California",3328.0,1841.0,0.3909,218114.0,3328.0,82.0,872.0,06,075,022600,2020,0.5531850961538461,0.024639423076923076,-0.4120489433709928,1.3840541722081765,0.5505606540710685,1.0167495633020776,0.7371312683874779,-0.05105172991379652,0.31777436337105514
06075022600,20111.0,Infrastructure,"Census Tract 226, San Francisco County, California",3328.0,1841.0,0.3909,218114.0,3328.0,82.0,872.0,06,075,022600,2020,0.5531850961538461,0.024639423076923076,-0.22899265805726118,1.3840541722081765,0.5505606540710685,1.0167495633020776,0.7371312683874779,-0.05105172991379652,0.37269124896517464
06075022600,820.0,Infrastructure,"Census Tract 226, San Francisco County, California",3328.0,1841.0,0.3909,218114.0,3328.0,82.0,872.0,06,075,022600,2020,0.5531850961538461,0.024639423076923076,-0.40998485732881035,1.3840541722081765,0.5505606540710685,1.0167495633020776,0.7371312683874779,-0.05105172991379652,0.31839358918370986
06075022600,6400.0,Public Services,"Census Tract 226, San Francisco County, California",3328.0,1841.0,0.3909,218114.0,3328.0,82.0,872.0,06,075,022600,2020,0.5531850961538461,0.024639423076923076,-0.48187272298172856,1.4175276339948988,0.36828858192556885,1.1672989587758489,0.4051337526234715,-0.46758237472974523,0.1489291513799157
06075022600,3696.0,Infrastructure,"Census Tract 226, San Francisco County, California",3328.0,1841.0,0.3909,218114.0,3328.0,82.0,872.0,06,075,022600,2020,0.5531850961538461,0.024639423076923076,-0.38300162343191674,1.3840541722081765,0.5505606540710685,1.0167495633020776,0.7371312683874779,-0.05105172991379652,0.326488559352778
06075022600,7734.0,Infrastructure,"Census Tract 226, San Francisco County, California",3328.0,1841.0,0.3909,218114.0,3328.0,82.0,872.0,06,075,022600,2020,0.5531850961538461,0.024639423076923076,-0.3451162623485869,1.3840541722081765,0.5505606540710685,1.0167495633020776,0.7371312683874779,-0.05105172991379652,0.33785416767777693
06075022600,37641.0,Infrastructure,"Census Tract 226, San Francisco County, California",3328.0,1841.0,0.3909,218114.0,3328.0,82.0,872.0,06,075,022600,2020,0.5531850961538461,0.024639423076923076,-0.06452252933245388,1.3840541722081765,0.5505606540710685,1.0167495633020776,0.7371312683874779,-0.05105172991379652,0.4220322875826168
06075022600,8000.0,Infrastructure,"Census Tract 226, San Francisco County, California",3328.0,1841.0,0.3909,218114.0,3328.0,82.0,872.0,06,075,022600,2020,0.5531850961538461,0.024639423076923076,-0.3426205946794027,1.3840541722081765,0.5505606540710685,1.0167495633020776,0.7371312683874779,-0.05105172991379652,0.3386028679785322
06075022600,2880.0,Infrastructure,"Census Tract 226, San Francisco County, California",3328.0,1841.0,0.3909,218114.0,3328.0,82.0,872.0,06,075,022600,2020,0.5531850961538461,0.024639423076923076,-0.3906575062065569,1.3840541722081765,0.5505606540710685,1.0167495633020776,0.7371312683874779,-0.05105172991379652,0.32419179452038593
06075022600,10172.0,Infrastructure,"Census Tract 226, San Francisco County, California",3328.0,1841.0,0.3909,218114.0,3328.0,82.0,872.0,06,075,022600,2020,0.5531850961538461,0.024639423076923076,-0.32224243611749276,1.3840541722081765,0.5505606540710685,1.0167495633020776,0.7371312683874779,-0.05105172991379652,0.34471631554710513
06075022600,3925.0,Infrastructure,"Census Tract 226, San Francisco County, California",3328.0,1841.0,0.3909,218114.0,3328.0,82.0,872.0,06,075,022600,2020,0.5531850961538461,0.024639423076923076,-0.3808530975061905,1.3840541722081765,0.5505606540710685,1.0167495633020776,0.7371312683874779,-0.05105172991379652,0.3271331171304958
06075012602,3736.0,Public Services,"Census Tract 126.02, San Francisco County, California",3062.0,2342.0,0.5114,162286.0,3062.0,161.0,601.0,06,075,012602,2020,0.7648595689092097,0.05258001306335728,-0.5135462600236013,-0.6624196935595312,0.9515639570222916,0.870694603308815,-0.34816882398918486,-0.6511039897471548,-0.24960362987003426
06075012602,500.0,Recreational,"Census Tract 126.02, San Francisco County, California",3062.0,2342.0,0.5114,162286.0,3062.0,161.0,601.0,06,075,012602,2020,0.7648595689092097,0.05258001306335728,-0.22115249742031956,-0.40282181697098346,0.9794417467578738,0.7039248837560315,-0.017639373155987004,-0.3758901980513931,-0.02248046115393744
06075012602,75.0,Public Services,"Census Tract 126.02, San Francisco County, California",3062.0,2342.0,0.5114,162286.0,3062.0,161.0,601.0,06,075,012602,2020,0.7648595689092097,0.05258001306335728,-0.5570735945244631,-0.6624196935595312,0.9515639570222916,0.870694603308815,-0.34816882398918486,-0.6511039897471548,-0.2626618302202929
06075016900,41231.0,Infrastructure,"Census Tract 169, San Francisco County, California",3134.0,2101.0,0.4796,130781.0,3113.0,278.0,1081.0,06,075,016900,2020,0.6703892788768347,0.08930292322518471,-0.030840398007750052,-0.1323086671705828,0.9353203323561706,0.25045639903659234,1.3622092363786102,-0.18230266485485686,0.2915933028131629
06075016900,13500.0,Public Services,"Census Tract 169, San Francisco County, California",3134.0,2101.0,0.4796,130781.0,3113.0,278.0,1081.0,06,075,016900,2020,0.6703892788768347,0.08930292322518471,-0.3974575154001609,-0.11352073076923433,0.6709863813769619,0.43141979837662553,0.9860940423358153,-0.6014289661334199,0.013581896013630468
06075035300,6400.0,Public Services,"Census Tract 353, San Francisco County, California",7539.0,2582.0,0.4303,120109.0,7539.0,230.0,1063.0,06,075,035300,2020,0.3424857408144316,0.030508024936994296,-0.48187272298172856,0.7374452712924543,1.230977310362039,0.6116351029641904,0.9360591848486278,2.437716575790223,0.8092355183872038
06075035300,9300.0,Public Services,"Census Tract 353, San Francisco County, California",7539.0,2582.0,0.4303,120109.0,7539.0,230.0,1063.0,06,075,035300,2020,0.3424857408144316,0.030508024936994296,-0.44739327199770795,0.7374452712924543,1.230977310362039,0.6116351029641904,0.9360591848486278,2.437716575790223,0.8195793536824099
06075035300,500.0,Recreational,"Census Tract 353, San Francisco County, California",7539.0,2582.0,0.4303,120109.0,7539.0,230.0,1063.0,06,075,035300,2020,0.3424857408144316,0.030508024936994296,-0.22115249742031956,0.9253201621917772,1.2445183663822774,0.4018327738213406,1.2095415568372196,2.6146998772611996,0.9835928777289022
06075035300,50400.0,Public Services,"Census Tract 353, San Francisco County, California",7539.0,2582.0,0.4303,120109.0,7539.0,230.0,1063.0,06,075,035300,2020,0.3424857408144316,0.030508024936994296,0.04126377470685965,0.7374452712924543,1.230977310362039,0.6116351029641904,0.9360591848486278,2.437716575790223,0.9661764676937802
06075035300,53000.0,Public Services,"Census Tract 353, San Francisco County, California",7539.0,2582.0,0.4303,120109.0,7539.0,230.0,1063.0,06,075,035300,2020,0.3424857408144316,0.030508024936994296,0.0721763859339126,0.7374452712924543,1.230977310362039,0.6116351029641904,0.9360591848486278,2.437716575790223,0.9754502510618961
06075035300,13530.0,Recreational,"Census Tract 353, San Francisco County, California",7539.0,2582.0,0.4303,120109.0,7539.0,230.0,1063.0,06,075,035300,2020,0.3424857408144316,0.030508024936994296,0.21505127370032728,0.9253201621917772,1.2445183663822774,0.4018327738213406,1.2095415568372196,2.6146998772611996,1.1144540090650963
06075035300,3000.0,Public Services,"Census Tract 353, San Francisco County, California",7539.0,2582.0,0.4303,120109.0,7539.0,230.0,1063.0,06,075,035300,2020,0.3424857408144316,0.030508024936994296,-0.5222969068940285,0.7374452712924543,1.230977310362039,0.6116351029641904,0.9360591848486278,2.437716575790223,0.7971082632135137
06075035300,136392.0,Public Services,"Census Tract 353, San Francisco County, California",7539.0,2582.0,0.4303,120109.0,7539.0,230.0,1063.0,06,075,035300,2020,0.3424857408144316,0.030508024936994296,1.063662722644066,0.7374452712924543,1.230977310362039,0.6116351029641904,0.9360591848486278,2.437716575790223,1.272896152074942
06075035300,5500.0,Public Services,"Census Tract 353, San Francisco County, California",7539.0,2582.0,0.4303,120109.0,7539.0,230.0,1063.0,06,075,035300,2020,0.3424857408144316,0.030508024936994296,-0.4925732422526315,0.7374452712924543,1.230977310362039,0.6116351029641904,0.9360591848486278,2.437716575790223,0.8060253626059328
06075035300,1500.0,Recreational,"Census Tract 353, San Francisco County, California",7539.0,2582.0,0.4303,120109.0,7539.0,230.0,1063.0,06,075,035300,2020,0.3424857408144316,0.030508024936994296,-0.18767561552310952,0.9253201621917772,1.2445183663822774,0.4018327738213406,1.2095415568372196,2.6146998772611996,0.9936359422980652
06075035300,40150.0,Public Services,"Census Tract 353, San Francisco County, California",7539.0,2582.0,0.4303,120109.0,7539.0,230.0,1063.0,06,075,035300,2020,0.3424857408144316,0.030508024936994296,-0.08060325032286828,0.7374452712924543,1.230977310362039,0.6116351029641904,0.9360591848486278,2.437716575790223,0.9296163601848618
06075035300,500.0,Recreational,"Census Tract 353, San Francisco County, California",7539.0,2582.0,0.4303,120109.0,7539.0,230.0,1063.0,06,075,035300,2020,0.3424857408144316,0.030508024936994296,-0.22115249742031956,0.9253201621917772,1.2445183663822774,0.4018327738213406,1.2095415568372196,2.6146998772611996,0.9835928777289022
06075022901,8187.75,Commercial,"Census Tract 229.01, San Francisco County, California",4608.0,1425.0,0.5118,86458.0,4608.0,363.0,1430.0,06,075,022901,2020,0.3092447916666667,0.07877604166666667,0.025212662870211424,-0.5085868309562198,0.3611550325227989,0.49871786636383225,2.6093405798330154,1.0673543856011325,0.6152568865094207
06075022901,2320.0,Recreational,"Census Tract 229.01, San Francisco County, California",4608.0,1425.0,0.5118,86458.0,4608.0,363.0,1430.0,06,075,022901,2020,0.3092447916666667,0.07877604166666667,-0.1602245723673973,-0.40937245558584406,-0.03337183739036866,-0.1804607134440781,2.1843800878058492,0.6568219432113428,0.33551935048429093
06075022901,18840.0,Recreational,"Census Tract 229.01, San Francisco County, California",4608.0,1425.0,0.5118,86458.0,4608.0,363.0,1430.0,06,075,022901,2020,0.3092447916666667,0.07877604166666667,0.39281351657451263,-0.40937245558584406,-0.03337183739036866,-0.1804607134440781,2.1843800878058492,0.6568219432113428,0.5014307771668639
06075060400,1200.0,Recreational,"Census Tract 604, San Francisco County, California",1605.0,729.0,0.5581,68728.0,1605.0,98.0,76.0,06,075,060400,2020,0.4542056074766355,0.06105919003115265,-0.19771868009227253,-1.16760887525583,-0.8020940343011393,0.9797481145659667,-1.4121631572391764,-1.3491512522686029,-0.7874383587725258
06075060400,1200.0,Recreational,"Census Tract 604, San Francisco County, California",1605.0,729.0,0.5581,68728.0,1605.0,98.0,76.0,06,075,060400,2020,0.4542056074766355,0.06105919003115265,-0.19771868009227253,-1.16760887525583,-0.8020940343011393,0.9797481145659667,-1.4121631572391764,-1.3491512522686029,-0.7874383587725258
06075060400,500.0,Recreational,"Census Tract 604, San Francisco County, California",1605.0,729.0,0.5581,68728.0,1605.0,98.0,76.0,06,075,060400,2020,0.4542056074766355,0.06105919003115265,-0.22115249742031956,-1.16760887525583,-0.8020940343011393,0.9797481145659667,-1.4121631572391764,-1.3491512522686029,-0.79446850397094
06075060400,500.0,Recreational,"Census Tract 604, San Francisco County, California",1605.0,729.0,0.5581,68728.0,1605.0,98.0,76.0,06,075,060400,2020,0.4542056074766355,0.06105919003115265,-0.22115249742031956,-1.16760887525583,-0.8020940343011393,0.9797481145659667,-1.4121631572391764,-1.3491512522686029,-0.79446850397094
06075060400,500.0,Recreational,"Census Tract 604, San Francisco County, California",1605.0,729.0,0.5581,68728.0,1605.0,98.0,76.0,06,075,060400,2020,0.4542056074766355,0.06105919003115265,-0.22115249742031956,-1.16760887525583,-0.8020940343011393,0.9797481145659667,-1.4121631572391764,-1.3491512522686029,-0.79446850397094
06075060400,1200.0,Infrastructure,"Census Tract 604, San Francisco County, California",1605.0,729.0,0.5581,68728.0,1605.0,98.0,76.0,06,075,060400,2020,0.4542056074766355,0.06105919003115265,-0.4064196178014044,-1.4742983277256294,-1.0950268930559839,0.9541950192804053,-1.6435484565931027,-1.2167494665295027,-0.949497079288509
06075060400,1000.0,Recreational,"Census Tract 604, San Francisco County, California",1605.0,729.0,0.5581,68728.0,1605.0,98.0,76.0,06,075,060400,2020,0.4542056074766355,0.06105919003115265,-0.20441405647171454,-1.16760887525583,-0.8020940343011393,0.9797481145659667,-1.4121631572391764,-1.3491512522686029,-0.7894469716863584
06075060400,500.0,Recreational,"Census Tract 604, San Francisco County, California",1605.0,729.0,0.5581,68728.0,1605.0,98.0,76.0,06,075,060400,2020,0.4542056074766355,0.06105919003115265,-0.22115249742031956,-1.16760887525583,-0.8020940343011393,0.9797481145659667,-1.4121631572391764,-1.3491512522686029,-0.79446850397094
06075060400,500.0,Recreational,"Census Tract 604, San Francisco County, California",1605.0,729.0,0.5581,68728.0,1605.0,98.0,76.0,06,075,060400,2020,0.4542056074766355,0.06105919003115265,-0.22115249742031956,-1.16760887525583,-0.8020940343011393,0.9797481145659667,-1.4121631572391764,-1.3491512522686029,-0.79446850397094
06075060400,500.0,Recreational,"Census Tract 604, San Francisco County, California",1605.0,729.0,0.5581,68728.0,1605.0,98.0,76.0,06,075,060400,2020,0.4542056074766355,0.06105919003115265,-0.22115249742031956,-1.16760887525583,-0.8020940343011393,0.9797481145659667,-1.4121631572391764,-1.3491512522686029,-0.79446850397094
06075060400,500.0,Recreational,"Census Tract 604, San Francisco County, California",1605.0,729.0,0.5581,68728.0,1605.0,98.0,76.0,06,075,060400,2020,0.4542056074766355,0.06105919003115265,-0.22115249742031956,-1.16760887525583,-0.8020940343011393,0.9797481145659667,-1.4121631572391764,-1.3491512522686029,-0.79446850397094
06075060400,500.0,Recreational,"Census Tract 604, San Francisco County, California",1605.0,729.0,0.5581,68728.0,1605.0,98.0,76.0,06,075,060400,2020,0.4542056074766355,0.06105919003115265,-0.22115249742031956,-1.16760887525583,-0.8020940343011393,0.9797481145659667,-1.4121631572391764,-1.3491512522686029,-0.79446850397094
06075060400,500.0,Recreational,"Census Tract 604, San Francisco County, California",1605.0,729.0,0.5581,68728.0,1605.0,98.0,76.0,06,075,060400,2020,0.4542056074766355,0.06105919003115265,-0.22115249742031956,-1.16760887525583,-0.8020940343011393,0.9797481145659667,-1.4121631572391764,-1.3491512522686029,-0.79446850397094
06075060400,500.0,Recreational,"Census Tract 604, San Francisco County, California",1605.0,729.0,0.5581,68728.0,1605.0,98.0,76.0,06,075,060400,2020,0.4542056074766355,0.06105919003115265,-0.22115249742031956,-1.16760887525583,-0.8020940343011393,0.9797481145659667,-1.4121631572391764,-1.3491512522686029,-0.79446850397094
06075060400,2280.0,Recreational,"Census Tract 604, San Francisco County, California",1605.0,729.0,0.5581,68728.0,1605.0,98.0,76.0,06,075,060400,2020,0.4542056074766355,0.06105919003115265,-0.16156364764328568,-1.16760887525583,-0.8020940343011393,0.9797481145659667,-1.4121631572391764,-1.3491512522686029,-0.7765918490378299
06075060400,50400.0,Public Services,"Census Tract 604, San Francisco County, California",1605.0,729.0,0.5581,68728.0,1605.0,98.0,76.0,06,075,060400,2020,0.4542056074766355,0.06105919003115265,0.04126377470685965,-1.4685071640723286,-0.9263266218819274,1.107227190579994,-1.8075188340321537,-1.6563332870417626,-0.8938790584652563
06075060400,500.0,Recreational,"Census Tract 604, San Francisco County, California",1605.0,729.0,0.5581,68728.0,1605.0,98.0,76.0,06,075,060400,2020,0.4542056074766355,0.06105919003115265,-0.22115249742031956,-1.16760887525583,-0.8020940343011393,0.9797481145659667,-1.4121631572391764,-1.3491512522686029,-0.79446850397094
06075060400,500.0,Recreational,"Census Tract 604, San Francisco County, California",1605.0,729.0,0.5581,68728.0,1605.0,98.0,76.0,06,075,060400,2020,0.4542056074766355,0.06105919003115265,-0.22115249742031956,-1.16760887525583,-0.8020940343011393,0.9797481145659667,-1.4121631572391764,-1.3491512522686029,-0.79446850397094
06075060400,500.0,Recreational,"Census Tract 604, San Francisco County, California",1605.0,729.0,0.5581,68728.0,1605.0,98.0,76.0,06,075,060400,2020,0.4542056074766355,0.06105919003115265,-0.22115249742031956,-1.16760887525583,-0.8020940343011393,0.9797481145659667,-1.4121631572391764,-1.3491512522686029,-0.79446850397094
06075060400,500.0,Recreational,"Census Tract 604, San Francisco County, California",1605.0,729.0,0.5581,68728.0,1605.0,98.0,76.0,06,075,060400,2020,0.4542056074766355,0.06105919003115265,-0.22115249742031956,-1.16760887525583,-0.8020940343011393,0.9797481145659667,-1.4121631572391764,-1.3491512522686029,-0.79446850397094
06075060400,576.0,Recreational,"Census Tract 604, San Francisco County, California",1605.0,729.0,0.5581,68728.0,1605.0,98.0,76.0,06,075,060400,2020,0.4542056074766355,0.06105919003115265,-0.2186082543961316,-1.16760887525583,-0.8020940343011393,0.9797481145659667,-1.4121631572391764,-1.3491512522686029,-0.7937052310636836
06075060400,500.0,Recreational,"Census Tract 604, San Francisco County, California",1605.0,729.0,0.5581,68728.0,1605.0,98.0,76.0,06,075,060400,2020,0.4542056074766355,0.06105919003115265,-0.22115249742031956,-1.16760887525583,-0.8020940343011393,0.9797481145659667,-1.4121631572391764,-1.3491512522686029,-0.79446850397094
06075060400,500.0,Recreational,"Census Tract 604, San Francisco County, California",1605.0,729.0,0.5581,68728.0,1605.0,98.0,76.0,06,075,060400,2020,0.4542056074766355,0.06105919003115265,-0.22115249742031956,-1.16760887525583,-0.8020940343011393,0.9797481145659667,-1.4121631572391764,-1.3491512522686029,-0.79446850397094
06075060400,12570.0,Infrastructure,"Census Tract 604, San Francisco County, California",1605.0,729.0,0.5581,68728.0,1605.0,98.0,76.0,06,075,060400,2020,0.4542056074766355,0.06105919003115265,-0.29974389825770453,-1.4742983277256294,-1.0950268930559839,0.9541950192804053,-1.6435484565931027,-1.2167494665295027,-0.917494363425399
06075060400,500.0,Recreational,"Census Tract 604, San Francisco County, California",1605.0,729.0,0.5581,68728.0,1605.0,98.0,76.0,06,075,060400,2020,0.4542056074766355,0.06105919003115265,-0.22115249742031956,-1.16760887525583,-0.8020940343011393,0.9797481145659667,-1.4121631572391764,-1.3491512522686029,-0.79446850397094
06075060400,8100.0,Recreational,"Census Tract 604, San Francisco County, California",1605.0,729.0,0.5581,68728.0,1605.0,98.0,76.0,06,075,060400,2020,0.4542056074766355,0.06105919003115265,0.03327180499847676,-1.16760887525583,-0.8020940343011393,0.9797481145659667,-1.4121631572391764,-1.3491512522686029,-0.7181412132453011
06075060400,500.0,Recreational,"Census Tract 604, San Francisco County, California",1605.0,729.0,0.5581,68728.0,1605.0,98.0,76.0,06,075,060400,2020,0.4542056074766355,0.06105919003115265,-0.22115249742031956,-1.16760887525583,-0.8020940343011393,0.9797481145659667,-1.4121631572391764,-1.3491512522686029,-0.79446850397094
06075060400,500.0,Recreational,"Census Tract 604, San Francisco County, California",1605.0,729.0,0.5581,68728.0,1605.0,98.0,76.0,06,075,060400,2020,0.4542056074766355,0.06105919003115265,-0.22115249742031956,-1.16760887525583,-0.8020940343011393,0.9797481145659667,-1.4121631572391764,-1.3491512522686029,-0.79446850397094
06075060400,12570.0,Infrastructure,"Census Tract 604, San Francisco County, California",1605.0,729.0,0.5581,68728.0,1605.0,98.0,76.0,06,075,060400,2020,0.4542056074766355,0.06105919003115265,-0.29974389825770453,-1.4742983277256294,-1.0950268930559839,0.9541950192804053,-1.6435484565931027,-1.2167494665295027,-0.917494363425399
06075060400,500.0,Recreational,"Census Tract 604, San Francisco County, California",1605.0,729.0,0.5581,68728.0,1605.0,98.0,76.0,06,075,060400,2020,0.4542056074766355,0.06105919003115265,-0.22115249742031956,-1.16760887525583,-0.8020940343011393,0.9797481145659667,-1.4121631572391764,-1.3491512522686029,-0.79446850397094
06075060400,500.0,Recreational,"Census Tract 604, San Francisco County, California",1605.0,729.0,0.5581,68728.0,1605.0,98.0,76.0,06,075,060400,2020,0.4542056074766355,0.06105919003115265,-0.22115249742031956,-1.16760887525583,-0.8020940343011393,0.9797481145659667,-1.4121631572391764,-1.3491512522686029,-0.79446850397094
06075060400,500.0,Recreational,"Census Tract 604, San Francisco County, California",1605.0,729.0,0.5581,68728.0,1605.0,98.0,76.0,06,075,060400,2020,0.4542056074766355,0.06105919003115265,-0.22115249742031956,-1.16760887525583,-0.8020940343011393,0.9797481145659667,-1.4121631572391764,-1.3491512522686029,-0.79446850397094
06075060400,500.0,Recreational,"Census Tract 604, San Francisco County, California",1605.0,729.0,0.5581,68728.0,1605.0,98.0,76.0,06,075,060400,2020,0.4542056074766355,0.06105919003115265,-0.22115249742031956,-1.16760887525583,-0.8020940343011393,0.9797481145659667,-1.4121631572391764,-1.3491512522686029,-0.79446850397094
06075060400,500.0,Recreational,"Census Tract 604, San Francisco County, California",1605.0,729.0,0.5581,68728.0,1605.0,98.0,76.0,06,075,060400,2020,0.4542056074766355,0.06105919003115265,-0.22115249742031956,-1.16760887525583,-0.8020940343011393,0.9797481145659667,-1.4121631572391764,-1.3491512522686029,-0.79446850397094
06075060400,500.0,Recreational,"Census Tract 604, San Francisco County, California",1605.0,729.0,0.5581,68728.0,1605.0,98.0,76.0,06,075,060400,2020,0.4542056074766355,0.06105919003115265,-0.22115249742031956,-1.16760887525583,-0.8020940343011393,0.9797481145659667,-1.4121631572391764,-1.3491512522686029,-0.79446850397094
06075060400,500.0,Recreational,"Census Tract 604, San Francisco County, California",1605.0,729.0,0.5581,68728.0,1605.0,98.0,76.0,06,075,060400,2020,0.4542056074766355,0.06105919003115265,-0.22115249742031956,-1.16760887525583,-0.8020940343011393,0.9797481145659667,-1.4121631572391764,-1.3491512522686029,-0.79446850397094
06075060400,4920.0,Recreational,"Census Tract 604, San Francisco County, California",1605.0,729.0,0.5581,68728.0,1605.0,98.0,76.0,06,075,060400,2020,0.4542056074766355,0.06105919003115265,-0.07318467943465118,-1.16760887525583,-0.8020940343011393,0.9797481145659667,-1.4121631572391764,-1.3491512522686029,-0.7500781585752394
06075060400,10000.0,Public Services,"Census Tract 604, San Francisco County, California",1605.0,729.0,0.5581,68728.0,1605.0,98.0,76.0,06,075,060400,2020,0.4542056074766355,0.06105919003115265,-0.4390706458981168,-1.4685071640723286,-0.9263266218819274,1.107227190579994,-1.8075188340321537,-1.6563332870417626,-1.0379793846467493
06075060400,500.0,Recreational,"Census Tract 604, San Francisco County, California",1605.0,729.0,0.5581,68728.0,1605.0,98.0,76.0,06,075,060400,2020,0.4542056074766355,0.06105919003115265,-0.22115249742031956,-1.16760887525583,-0.8020940343011393,0.9797481145659667,-1.4121631572391764,-1.3491512522686029,-0.79446850397094
06075060400,500.0,Recreational,"Census Tract 604, San Francisco County, California",1605.0,729.0,0.5581,68728.0,1605.0,98.0,76.0,06,075,060400,2020,0.4542056074766355,0.06105919003115265,-0.22115249742031956,-1.16760887525583,-0.8020940343011393,0.9797481145659667,-1.4121631572391764,-1.3491512522686029,-0.79446850397094
06075060400,500.0,Recreational,"Census Tract 604, San Francisco County, California",1605.0,729.0,0.5581,68728.0,1605.0,98.0,76.0,06,075,060400,2020,0.4542056074766355,0.06105919003115265,-0.22115249742031956,-1.16760887525583,-0.8020940343011393,0.9797481145659667,-1.4121631572391764,-1.3491512522686029,-0.79446850397094
06075060400,12570.0,Infrastructure,"Census Tract 604, San Francisco County, California",1605.0,729.0,0.5581,68728.0,1605.0,98.0,76.0,06,075,060400,2020,0.4542056074766355,0.06105919003115265,-0.29974389825770453,-1.4742983277256294,-1.0950268930559839,0.9541950192804053,-1.6435484565931027,-1.2167494665295027,-0.917494363425399
06075060400,1200.0,Recreational,"Census Tract 604, San Francisco County, California",1605.0,729.0,0.5581,68728.0,1605.0,98.0,76.0,06,075,060400,2020,0.4542056074766355,0.06105919003115265,-0.19771868009227253,-1.16760887525583,-0.8020940343011393,0.9797481145659667,-1.4121631572391764,-1.3491512522686029,-0.7874383587725258
06075060400,500.0,Recreational,"Census Tract 604, San Francisco County, California",1605.0,729.0,0.5581,68728.0,1605.0,98.0,76.0,06,075,060400,2020,0.4542056074766355,0.06105919003115265,-0.22115249742031956,-1.16760887525583,-0.8020940343011393,0.9797481145659667,-1.4121631572391764,-1.3491512522686029,-0.79446850397094
06075060400,500.0,Recreational,"Census Tract 604, San Francisco County, California",1605.0,729.0,0.5581,68728.0,1605.0,98.0,76.0,06,075,060400,2020,0.4542056074766355,0.06105919003115265,-0.22115249742031956,-1.16760887525583,-0.8020940343011393,0.9797481145659667,-1.4121631572391764,-1.3491512522686029,-0.79446850397094
06075060400,500.0,Recreational,"Census Tract 604, San Francisco County, California",1605.0,729.0,0.5581,68728.0,1605.0,98.0,76.0,06,075,060400,2020,0.4542056074766355,0.06105919003115265,-0.22115249742031956,-1.16760887525583,-0.8020940343011393,0.9797481145659667,-1.4121631572391764,-1.3491512522686029,-0.79446850397094
06075060400,500.0,Recreational,"Census Tract 604, San Francisco County, California",1605.0,729.0,0.5581,68728.0,1605.0,98.0,76.0,06,075,060400,2020,0.4542056074766355,0.06105919003115265,-0.22115249742031956,-1.16760887525583,-0.8020940343011393,0.9797481145659667,-1.4121631572391764,-1.3491512522686029,-0.79446850397094
06075060400,500.0,Recreational,"Census Tract 604, San Francisco County, California",1605.0,729.0,0.5581,68728.0,1605.0,98.0,76.0,06,075,060400,2020,0.4542056074766355,0.06105919003115265,-0.22115249742031956,-1.16760887525583,-0.8020940343011393,0.9797481145659667,-1.4121631572391764,-1.3491512522686029,-0.79446850397094
06075026004,10800.0,Public Services,"Census Tract 260.04, San Francisco County, California",4214.0,663.0,0.4074,91563.0,4198.0,535.0,655.0,06,075,026004,2020,0.1573327005220693,0.12744163887565507,-0.42955907321286974,1.13272156839616,-1.003165294050358,-0.533482978269295,-0.19806425152762233,0.1436963880726038,-0.13707878984007793
06075026004,4996.0,Public Services,"Census Tract 260.04, San Francisco County, California",4214.0,663.0,0.4074,91563.0,4198.0,535.0,655.0,06,075,026004,2020,0.1573327005220693,0.12744163887565507,-0.49856553304433715,1.13272156839616,-1.003165294050358,-0.533482978269295,-0.19806425152762233,0.1436963880726038,-0.15778072778951818
06075017903,10604.0,Commercial,"Census Tract 179.03, San Francisco County, California",3184.0,1007.0,0.4933,59211.0,3140.0,1444.0,699.0,06,075,017903,2020,0.3162688442211055,0.45987261146496816,0.8755077020348329,-0.09538911285089308,-0.3142937531350532,-2.5047028218774083,-0.05342530735814443,-0.31271157544246236,0.005408628426473355
06075017903,18000.0,Public Services,"Census Tract 179.03, San Francisco County, California",3184.0,1007.0,0.4933,59211.0,3140.0,1444.0,699.0,06,075,017903,2020,0.3162688442211055,0.45987261146496816,-0.3439549190456462,-0.3499960700845512,-0.6026728209300534,-3.9463103088963063,-0.07575682211449732,-0.566932421957215,-0.5681523325193175
06075017903,4052.0,Commercial,"Census Tract 179.03, San Francisco County, California",3184.0,1007.0,0.4933,59211.0,3140.0,1444.0,699.0,06,075,017903,2020,0.3162688442211055,0.45987261146496816,-1.4301862851794866,-0.09538911285089308,-0.3142937531350532,-2.5047028218774083,-0.05342530735814443,-0.31271157544246236,-0.6862995677378225
06075017903,20723.0,Public Services,"Census Tract 179.03, San Francisco County, California",3184.0,1007.0,0.4933,59211.0,3140.0,1444.0,699.0,06,075,017903,2020,0.3162688442211055,0.45987261146496816,-0.3115799035182365,-0.3499960700845512,-0.6026728209300534,-3.9463103088963063,-0.07575682211449732,-0.566932421957215,-0.5584398278610946
06075017903,12570.0,Infrastructure,"Census Tract 179.03, San Francisco County, California",3184.0,1007.0,0.4933,59211.0,3140.0,1444.0,699.0,06,075,017903,2020,0.3162688442211055,0.45987261146496816,-0.29974389825770453,-0.3665157799043932,-0.6836300062742208,-4.308205996542774,0.21972223268189944,-0.14847510430303718,-0.4595920231895647
06075017903,5040.0,Public Services,"Census Tract 179.03, San Francisco County, California",3184.0,1007.0,0.4933,59211.0,3140.0,1444.0,699.0,06,075,017903,2020,0.3162688442211055,0.45987261146496816,-0.49804239654664856,-0.3499960700845512,-0.6026728209300534,-3.9463103088963063,-0.07575682211449732,-0.566932421957215,-0.6143785757696182
06075010202,8339.0,Infrastructure,"Census Tract 102.02, San Francisco County, California",1984.0,1488.0,0.5186,195291.0,1984.0,23.0,352.0,06,075,010202,2020,0.75,0.011592741935483871,-0.33944002573258525,-0.7990296450259547,0.028175398553218236,1.247419444381994,-0.8180866424038562,-0.9603365575467094,-0.46986948034150666
06075010202,15820.0,Infrastructure,"Census Tract 102.02, San Francisco County, California",1984.0,1488.0,0.5186,195291.0,1984.0,23.0,352.0,06,075,010202,2020,0.75,0.011592741935483871,-0.26925171808910076,-0.7990296450259547,0.028175398553218236,1.247419444381994,-0.8180866424038562,-0.9603365575467094,-0.44881298804846126
06075010202,7000.0,Infrastructure,"Census Tract 102.02, San Francisco County, California",1984.0,1488.0,0.5186,195291.0,1984.0,23.0,352.0,06,075,010202,2020,0.75,0.011592741935483871,-0.35200280396205,-0.7990296450259547,0.028175398553218236,1.247419444381994,-0.8180866424038562,-0.9603365575467094,-0.47363831381034605
06075010202,4885.0,Infrastructure,"Census Tract 102.02, San Francisco County, California",1984.0,1488.0,0.5186,195291.0,1984.0,23.0,352.0,06,075,010202,2020,0.75,0.011592741935483871,-0.3718461765948491,-0.7990296450259547,0.028175398553218236,1.247419444381994,-0.8180866424038562,-0.9603365575467094,-0.4795913256001858
06075010202,242400.0,Public Services,"Census Tract 102.02, San Francisco County, California",1984.0,1488.0,0.5186,195291.0,1984.0,23.0,352.0,06,075,010202,2020,0.75,0.011592741935483871,2.3240412191661535,-0.7866987040026173,-0.04268189194497629,1.388813603998064,-1.0403176858952787,-1.3948494821861301,0.20722840723609237
06075010202,11442.0,Infrastructure,"Census Tract 102.02, San Francisco County, California",1984.0,1488.0,0.5186,195291.0,1984.0,23.0,352.0,06,075,010202,2020,0.75,0.011592741935483871,-0.31032703032853065,-0.7990296450259547,0.028175398553218236,1.247419444381994,-0.8180866424038562,-0.9603365575467094,-0.46113558172029023
06075010202,2000.0,Infrastructure,"Census Tract 102.02, San Francisco County, California",1984.0,1488.0,0.5186,195291.0,1984.0,23.0,352.0,06,075,010202,2020,0.75,0.011592741935483871,-0.39891385037528654,-0.7990296450259547,0.028175398553218236,1.247419444381994,-0.8180866424038562,-0.9603365575467094,-0.487711627734317
06075010202,416.0,Infrastructure,"Census Tract 102.02, San Francisco County, California",1984.0,1488.0,0.5186,195291.0,1984.0,23.0,352.0,06,075,010202,2020,0.75,0.011592741935483871,-0.4137752698789999,-0.7990296450259547,0.028175398553218236,1.247419444381994,-0.8180866424038562,-0.9603365575467094,-0.492170053585431
06075010202,18689.0,Infrastructure,"Census Tract 102.02, San Francisco County, California",1984.0,1488.0,0.5186,195291.0,1984.0,23.0,352.0,06,075,010202,2020,0.75,0.011592741935483871,-0.24233415965718563,-0.7990296450259547,0.028175398553218236,1.247419444381994,-0.8180866424038562,-0.9603365575467094,-0.44073772051888677
06075010202,3712.0,Infrastructure,"Census Tract 102.02, San Francisco County, California",1984.0,1488.0,0.5186,195291.0,1984.0,23.0,352.0,06,075,010202,2020,0.75,0.011592741935483871,-0.38285150808339435,-0.7990296450259547,0.028175398553218236,1.247419444381994,-0.8180866424038562,-0.9603365575467094,-0.4828929250467493
06075010202,500.0,Recreational,"Census Tract 102.02, San Francisco County, California",1984.0,1488.0,0.5186,195291.0,1984.0,23.0,352.0,06,075,010202,2020,0.75,0.011592741935483871,-0.22115249742031956,-0.5207333120384541,0.036210775261037303,1.3081091036254133,-0.6790420821782996,-1.0959831400185531,-0.3946716148918933
06075010202,75.0,Public Services,"Census Tract 102.02, San Francisco County, California",1984.0,1488.0,0.5186,195291.0,1984.0,23.0,352.0,06,075,010202,2020,0.75,0.011592741935483871,-0.5570735945244631,-0.7866987040026173,-0.04268189194497629,1.388813603998064,-1.0403176858952787,-1.3948494821861301,-0.6571060368710926
06075010202,500.0,Recreational,"Census Tract 102.02, San Francisco County, California",1984.0,1488.0,0.5186,195291.0,1984.0,23.0,352.0,06,075,010202,2020,0.75,0.011592741935483871,-0.22115249742031956,-0.5207333120384541,0.036210775261037303,1.3081091036254133,-0.6790420821782996,-1.0959831400185531,-0.3946716148918933
06075012202,8000.0,Public Services,"Census Tract 122.02, San Francisco County, California",2714.0,1014.0,0.6411,34537.0,2714.0,822.0,294.0,06,075,012202,2020,0.37361827560795874,0.30287398673544585,-0.4628495776112344,-2.9011679789023512,-0.5945232647909774,-1.6110203202824436,-1.2015411155762161,-0.8911999372135402,-1.1022307306306323
06075012202,500.0,Recreational,"Census Tract 122.02, San Francisco County, California",2714.0,1014.0,0.6411,34537.0,2714.0,822.0,294.0,06,075,012202,2020,0.37361827560795874,0.30287398673544585,-0.22115249742031956,-2.5268663878391733,-0.48731554849716,-2.1900299664878915,-0.8331037573722521,-0.6083506282968214,-0.8746102272661426
06075012202,37125.0,Public Services,"Census Tract 122.02, San Francisco County, California",2714.0,1014.0,0.6411,34537.0,2714.0,822.0,294.0,06,075,012202,2020,0.37361827560795874,0.30287398673544585,-0.11656888453895872,-2.9011679789023512,-0.5945232647909774,-1.6110203202824436,-1.2015411155762161,-0.8911999372135402,-0.9983465227089495
06075025403,23307.0,Recreational,"Census Tract 254.03, San Francisco County, California",4849.0,1077.0,0.5088,134919.0,4773.0,385.0,510.0,06,075,025403,2020,0.22210765106207467,0.08066205740624345,0.5423547480093499,-0.36024266597439786,-0.41773293584575405,-0.2767799369015158,-0.25935682906373986,0.8178074710537226,0.15682905713588993
06075025403,500.0,Recreational,"Census Tract 254.03, San Francisco County, California",4849.0,1077.0,0.5088,134919.0,4773.0,385.0,510.0,06,075,025403,2020,0.22210765106207467,0.08066205740624345,-0.22115249742031956,-0.36024266597439786,-0.41773293584575405,-0.2767799369015158,-0.25935682906373986,0.8178074710537226,-0.07222311649301089
06075025403,296.0,Recreational,"Census Tract 254.03, San Francisco County, California",4849.0,1077.0,0.5088,134919.0,4773.0,385.0,510.0,06,075,025403,2020,0.22210765106207467,0.08066205740624345,-0.22798178132735042,-0.36024266597439786,-0.41773293584575405,-0.2767799369015158,-0.25935682906373986,0.8178074710537226,-0.07427190166512015
06075025403,296.0,Recreational,"Census Tract 254.03, San Francisco County, California",4849.0,1077.0,0.5088,134919.0,4773.0,385.0,510.0,06,075,025403,2020,0.22210765106207467,0.08066205740624345,-0.22798178132735042,-0.36024266597439786,-0.41773293584575405,-0.2767799369015158,-0.25935682906373986,0.8178074710537226,-0.07427190166512015
06075025403,296.0,Recreational,"Census Tract 254.03, San Francisco County, California",4849.0,1077.0,0.5088,134919.0,4773.0,385.0,510.0,06,075,025403,2020,0.22210765106207467,0.08066205740624345,-0.22798178132735042,-0.36024266597439786,-0.41773293584575405,-0.2767799369015158,-0.25935682906373986,0.8178074710537226,-0.07427190166512015
06075061507,9000.0,Infrastructure,"Census Tract 615.07, San Francisco County, California",1673.0,567.0,0.4628,-666666666.0,1673.0,234.0,435.0,06,075,061507,2020,0.3389121338912134,0.13986849970113568,-0.3332383853967554,0.15489421559788638,-1.3347617695259322,0.42248139509619104,-0.5698499374121625,-1.170743984179028,-0.5754538664010538
06075061507,27300.0,Infrastructure,"Census Tract 615.07, San Francisco County, California",1673.0,567.0,0.4628,-666666666.0,1673.0,234.0,435.0,06,075,061507,2020,0.3389121338912134,0.13986849970113568,-0.1615439555243097,0.15489421559788638,-1.3347617695259322,0.42248139509619104,-0.5698499374121625,-1.170743984179028,-0.5239455374393202
06075061507,14140.0,Public Services,"Census Tract 615.07, San Francisco County, California",1673.0,567.0,0.4628,-666666666.0,1673.0,234.0,435.0,06,075,061507,2020,0.3389121338912134,0.13986849970113568,-0.38984825725196326,0.1764636269313011,-1.114930635386257,0.5966171609152267,-0.8096013985932474,-1.6094179869621241,-0.6712174775794829
06075061507,1307.0,Infrastructure,"Census Tract 615.07, San Francisco County, California",1673.0,567.0,0.4628,-666666666.0,1673.0,234.0,435.0,06,075,061507,2020,0.3389121338912134,0.13986849970113568,-0.4054157214081611,0.15489421559788638,-1.3347617695259322,0.42248139509619104,-0.5698499374121625,-1.170743984179028,-0.5971070672044756
06075061507,9000.0,Infrastructure,"Census Tract 615.07, San Francisco County, California",1673.0,567.0,0.4628,-666666666.0,1673.0,234.0,435.0,06,075,061507,2020,0.3389121338912134,0.13986849970113568,-0.3332383853967554,0.15489421559788638,-1.3347617695259322,0.42248139509619104,-0.5698499374121625,-1.170743984179028,-0.5754538664010538
06075061507,4960.0,Infrastructure,"Census Tract 615.07, San Francisco County, California",1673.0,567.0,0.4628,-666666666.0,1673.0,234.0,435.0,06,075,061507,2020,0.3389121338912134,0.13986849970113568,-0.3711425108986505,0.15489421559788638,-1.3347617695259322,0.42248139509619104,-0.5698499374121625,-1.170743984179028,-0.5868251040516224
06075061507,28000.0,Infrastructure,"Census Tract 615.07, San Francisco County, California",1673.0,567.0,0.4628,-666666666.0,1673.0,234.0,435.0,06,075,061507,2020,0.3389121338912134,0.13986849970113568,-0.15497640902645657,0.15489421559788638,-1.3347617695259322,0.42248139509619104,-0.5698499374121625,-1.170743984179028,-0.5219752734899643
06075061507,77088.0,Infrastructure,"Census Tract 615.07, San Francisco County, California",1673.0,567.0,0.4628,-666666666.0,1673.0,234.0,435.0,06,075,061507,2020,0.3389121338912134,0.13986849970113568,0.3055774802401344,0.15489421559788638,-1.3347617695259322,0.42248139509619104,-0.5698499374121625,-1.170743984179028,-0.3838091067099869
06075061507,2500.0,Public Services,"Census Tract 615.07, San Francisco County, California",1673.0,567.0,0.4628,-666666666.0,1673.0,234.0,435.0,06,075,061507,2020,0.3389121338912134,0.13986849970113568,-0.528241639822308,0.1764636269313011,-1.114930635386257,0.5966171609152267,-0.8096013985932474,-1.6094179869621241,-0.7127354923505863
06075061507,1974.0,Infrastructure,"Census Tract 615.07, San Francisco County, California",1673.0,567.0,0.4628,-666666666.0,1673.0,234.0,435.0,06,075,061507,2020,0.3389121338912134,0.13986849970113568,-0.39915778781663536,0.15489421559788638,-1.3347617695259322,0.42248139509619104,-0.5698499374121625,-1.170743984179028,-0.5952296871270178
06075061507,68.0,Public Services,"Census Tract 615.07, San Francisco County, California",1673.0,567.0,0.4628,-666666666.0,1673.0,234.0,435.0,06,075,061507,2020,0.3389121338912134,0.13986849970113568,-0.557156820785459,0.1764636269313011,-1.114930635386257,0.5966171609152267,-0.8096013985932474,-1.6094179869621241,-0.7214100466395317
06075061507,128834.0,Infrastructure,"Census Tract 615.07, San Francisco County, California",1673.0,567.0,0.4628,-666666666.0,1673.0,234.0,435.0,06,075,061507,2020,0.3389121338912134,0.13986849970113568,0.7910692817800019,0.15489421559788638,-1.3347617695259322,0.42248139509619104,-0.5698499374121625,-1.170743984179028,-0.23816156624802667
06075061507,8187.75,Commercial,"Census Tract 615.07, San Francisco County, California",1673.0,567.0,0.4628,-666666666.0,1673.0,234.0,435.0,06,075,061507,2020,0.3389121338912134,0.13986849970113568,0.025212662870211424,0.5858287467281592,-1.0252924748801606,0.8571279207422966,-1.0150808398047466,-1.7770933641621758,-0.523180163127769
06075020801,500.0,Recreational,"Census Tract 208.01, San Francisco County, California",3719.0,1239.0,0.4602,96979.0,3719.0,420.0,1119.0,06,075,020801,2020,0.33315407367571925,0.11293358429685399,-0.22115249742031956,0.4356599257310306,-0.23880621759928153,-0.4300150651292575,1.3582907604727599,0.0629790624981654,0.15802098030775066
06075020801,113759.0,Public Services,"Census Tract 208.01, San Francisco County, California",3719.0,1239.0,0.4602,96979.0,3719.0,420.0,1119.0,06,075,020801,2020,0.33315407367571925,0.11293358429685399,0.7945684419125701,0.22134215848019323,-0.3325732460349642,-0.10171714436158737,1.091723185919878,-0.1978193992718237,0.3407946102560929
06075015401,158381.0,Public Services,"Census Tract 154.01, San Francisco County, California",3252.0,1800.0,0.5091,113770.0,3243.0,175.0,895.0,06,075,015401,2020,0.5535055350553506,0.05396238051187172,1.3251001873639379,-0.6227194541124348,0.3205554673966953,0.818131806137442,0.46906718163487776,-0.5200171218775765,0.35946870137840886
06075015401,121000.0,Public Services,"Census Tract 154.01, San Francisco County, California",3252.0,1800.0,0.5091,113770.0,3243.0,175.0,895.0,06,075,015401,2020,0.5535055350553506,0.05396238051187172,0.8806600641799126,-0.6227194541124348,0.3205554673966953,0.818131806137442,0.46906718163487776,-0.5200171218775765,0.2261366644232013
06075015401,1134.0,Recreational,"Census Tract 154.01, San Francisco County, California",3252.0,1800.0,0.5091,113770.0,3243.0,175.0,895.0,06,075,015401,2020,0.5535055350553506,0.05396238051187172,-0.1999281542974884,-0.3651556449355419,0.38081038077276214,0.6426308324649348,0.7632939459305991,-0.24897214705532597,0.03920096818810791
06075015401,50400.0,Public Services,"Census Tract 154.01, San Francisco County, California",3252.0,1800.0,0.5091,113770.0,3243.0,175.0,895.0,06,075,015401,2020,0.5535055350553506,0.05396238051187172,0.04126377470685965,-0.6227194541124348,0.3205554673966953,0.818131806137442,0.46906718163487776,-0.5200171218775765,-0.02568222241871458
06075047801,50400.0,Public Services,"Census Tract 478.01, San Francisco County, California",4283.0,1920.0,0.4828,113333.0,4243.0,300.0,968.0,06,075,047801,2020,0.44828391314499183,0.07070469007777516,0.04126377470685965,-0.16875584652171682,0.460262144066569,0.34882111710732494,0.6719863258884715,0.19130161903576642,0.212604405589576
06075047801,228800.0,Public Services,"Census Tract 478.01, San Francisco County, California",4283.0,1920.0,0.4828,113333.0,4243.0,300.0,968.0,06,075,047801,2020,0.44828391314499183,0.07070469007777516,2.1623444835169536,-0.16875584652171682,0.460262144066569,0.34882111710732494,0.6719863258884715,0.19130161903576642,0.8489286182326042
06075047801,190.0,Public Services,"Census Tract 478.01, San Francisco County, California",4283.0,1920.0,0.4828,113333.0,4243.0,300.0,968.0,06,075,047801,2020,0.44828391314499183,0.07070469007777516,-0.5557063059509588,-0.16875584652171682,0.460262144066569,0.34882111710732494,0.6719863258884715,0.19130161903576642,0.03351338139223044
06075047801,1350.0,Public Services,"Census Tract 478.01, San Francisco County, California",4283.0,1920.0,0.4828,113333.0,4243.0,300.0,968.0,06,075,047801,2020,0.44828391314499183,0.07070469007777516,-0.5419145255573506,-0.16875584652171682,0.460262144066569,0.34882111710732494,0.6719863258884715,0.19130161903576642,0.037650915510312896
06075047801,54283.0,Public Services,"Census Tract 478.01, San Francisco County, California",4283.0,1920.0,0.4828,113333.0,4243.0,300.0,968.0,06,075,047801,2020,0.44828391314499183,0.07070469007777516,0.08743057062787755,-0.16875584652171682,0.460262144066569,0.34882111710732494,0.6719863258884715,0.19130161903576642,0.22645444436588136
06075020900,10479.0,Public Services,"Census Tract 209, San Francisco County, California",4546.0,1742.0,0.4737,130500.0,4546.0,833.0,1730.0,06,075,020900,2020,0.38319401671799386,0.18323801143862736,-0.4333755917528251,-0.011680986100593852,0.25303057367292303,-1.6523196609170938,2.7901286261794094,0.37275344140260364,0.3166437597715793
06075020900,1800.0,Public Services,"Census Tract 209, San Francisco County, California",4546.0,1742.0,0.4737,130500.0,4546.0,833.0,1730.0,06,075,020900,2020,0.38319401671799386,0.18323801143862736,-0.5365642659218991,-0.011680986100593852,0.25303057367292303,-1.6523196609170938,2.7901286261794094,0.37275344140260364,0.2856871575208571
06075020900,32230.0,Recreational,"Census Tract 209, San Francisco County, California",4546.0,1742.0,0.4737,130500.0,4546.0,833.0,1730.0,06,075,020900,2020,0.38319401671799386,0.18323801143862736,0.8410689651781552,0.21457587247952264,0.3167501976968646,-2.2381895782166104,2.981250821567672,0.6154065792020998,0.7903790602446448
06075020900,68000.0,Public Services,"Census Tract 209, San Francisco County, California",4546.0,1742.0,0.4737,130500.0,4546.0,833.0,1730.0,06,075,020900,2020,0.38319401671799386,0.18323801143862736,0.2505183737822949,-0.011680986100593852,0.25303057367292303,-1.6523196609170938,2.7901286261794094,0.37275344140260364,0.5218119494321153
06075020900,6600.0,Public Services,"Census Tract 209, San Francisco County, California",4546.0,1742.0,0.4737,130500.0,4546.0,833.0,1730.0,06,075,020900,2020,0.38319401671799386,0.18323801143862736,-0.4794948298104168,-0.011680986100593852,0.25303057367292303,-1.6523196609170938,2.7901286261794094,0.37275344140260364,0.3028079883543018
06075020900,4100.0,Public Services,"Census Tract 209, San Francisco County, California",4546.0,1742.0,0.4737,130500.0,4546.0,833.0,1730.0,06,075,020900,2020,0.38319401671799386,0.18323801143862736,-0.5092184944518138,-0.011680986100593852,0.25303057367292303,-1.6523196609170938,2.7901286261794094,0.37275344140260364,0.2938908889618827
06075016102,500.0,Recreational,"Census Tract 161.02, San Francisco County, California",2416.0,337.0,0.5205,22844.0,2416.0,639.0,604.0,06,075,016102,2020,0.13948675496688742,0.2644867549668874,-0.22115249742031956,-0.5518488454590368,-1.2350525130209988,-1.3888291531828416,-0.00967066581836878,-0.8074115714380214,-0.5667553248176029
06075016102,50400.0,Public Services,"Census Tract 161.02, San Francisco County, California",2416.0,337.0,0.5205,22844.0,2416.0,639.0,604.0,06,075,016102,2020,0.13948675496688742,0.2644867549668874,0.04126377470685965,-0.8194945539806542,-1.3827017656701814,-0.9239494715423523,-0.3398296810746536,-1.0967993405037209,-0.6344821093746273
06075016102,500.0,Recreational,"Census Tract 161.02, San Francisco County, California",2416.0,337.0,0.5205,22844.0,2416.0,639.0,604.0,06,075,016102,2020,0.13948675496688742,0.2644867549668874,-0.22115249742031956,-0.5518488454590368,-1.2350525130209988,-1.3888291531828416,-0.00967066581836878,-0.8074115714380214,-0.5667553248176029
06075016102,10550.0,Public Services,"Census Tract 161.02, San Francisco County, California",2416.0,337.0,0.5205,22844.0,2416.0,639.0,604.0,06,075,016102,2020,0.13948675496688742,0.2644867549668874,-0.4325314396770094,-0.8194945539806542,-1.3827017656701814,-0.9239494715423523,-0.3398296810746536,-1.0967993405037209,-0.776620673689788
06075016102,4500.0,Recreational,"Census Tract 161.02, San Francisco County, California",2416.0,337.0,0.5205,22844.0,2416.0,639.0,604.0,06,075,016102,2020,0.13948675496688742,0.2644867549668874,-0.08724496983147939,-0.5518488454590368,-1.2350525130209988,-1.3888291531828416,-0.00967066581836878,-0.8074115714380214,-0.5265830665409509
06075016102,4284.0,Recreational,"Census Tract 161.02, San Francisco County, California",2416.0,337.0,0.5205,22844.0,2416.0,639.0,604.0,06,075,016102,2020,0.13948675496688742,0.2644867549668874,-0.09447597632127676,-0.5518488454590368,-1.2350525130209988,-1.3888291531828416,-0.00967066581836878,-0.8074115714380214,-0.5287523684878901
06075016102,1257.0,Recreational,"Census Tract 161.02, San Francisco County, California",2416.0,337.0,0.5205,22844.0,2416.0,639.0,604.0,06,075,016102,2020,0.13948675496688742,0.2644867549668874,-0.19581049782413157,-0.5518488454590368,-1.2350525130209988,-1.3888291531828416,-0.00967066581836878,-0.8074115714380214,-0.5591527249387465
06075016102,20821.0,Infrastructure,"Census Tract 161.02, San Francisco County, California",2416.0,337.0,0.5205,22844.0,2416.0,639.0,604.0,06,075,016102,2020,0.13948675496688742,0.2644867549668874,-0.2223312894665816,-0.8315109234342937,-1.6751261003165994,-1.1609305004523882,-0.0644041164049789,-0.6680664343789874,-0.6440153697617721
06075016102,34031.0,Recreational,"Census Tract 161.02, San Francisco County, California",2416.0,337.0,0.5205,22844.0,2416.0,639.0,604.0,06,075,016102,2020,0.13948675496688742,0.2644867549668874,0.9013608294750305,-0.5518488454590368,-1.2350525130209988,-1.3888291531828416,-0.00967066581836878,-0.8074115714380214,-0.23000132674899793
06075010101,155279.0,Infrastructure,"Census Tract 101.01, San Francisco County, California",2045.0,884.0,0.5081,73656.0,2045.0,248.0,407.0,06,075,010101,2020,0.4322738386308069,0.12127139364303179,1.0391818062596099,-0.6195278432956628,-0.8656509310014037,0.3677461690772278,-0.6535924403009267,-0.9190669336734895,-0.17448721859265254
06075010101,713.0,Infrastructure,"Census Tract 101.01, San Francisco County, California",2045.0,884.0,0.5081,73656.0,2045.0,248.0,407.0,06,075,010101,2020,0.4322738386308069,0.12127139364303179,-0.4109887537220536,-0.6195278432956628,-0.8656509310014037,0.3677461690772278,-0.6535924403009267,-0.9190669336734895,-0.6095383865871515
06075010101,7153.0,Infrastructure,"Census Tract 101.01, San Francisco County, California",2045.0,884.0,0.5081,73656.0,2045.0,248.0,407.0,06,075,010101,2020,0.4322738386308069,0.12127139364303179,-0.35056732594180495,-0.6195278432956628,-0.8656509310014037,0.3677461690772278,-0.6535924403009267,-0.9190669336734895,-0.591411958253077
06075010101,4140.0,Infrastructure,"Census Tract 101.01, San Francisco County, California",2045.0,884.0,0.5081,73656.0,2045.0,248.0,407.0,06,075,010101,2020,0.4322738386308069,0.12127139364303179,-0.3788359225104213,-0.6195278432956628,-0.8656509310014037,0.3677461690772278,-0.6535924403009267,-0.9190669336734895,-0.5998925372236619
06075010101,7363.0,Infrastructure,"Census Tract 101.01, San Francisco County, California",2045.0,884.0,0.5081,73656.0,2045.0,248.0,407.0,06,075,010101,2020,0.4322738386308069,0.12127139364303179,-0.34859706199244905,-0.6195278432956628,-0.8656509310014037,0.3677461690772278,-0.6535924403009267,-0.9190669336734895,-0.5908208790682702
06075010101,210225.0,Infrastructure,"Census Tract 101.01, San Francisco County, California",2045.0,884.0,0.5081,73656.0,2045.0,248.0,407.0,06,075,010101,2020,0.4322738386308069,0.12127139364303179,1.5546966775039488,-0.6195278432956628,-0.8656509310014037,0.3677461690772278,-0.6535924403009267,-0.9190669336734895,-0.01983275721935082
06075010101,8183.0,Infrastructure,"Census Tract 101.01, San Francisco County, California",2045.0,884.0,0.5081,73656.0,2045.0,248.0,407.0,06,075,010101,2020,0.4322738386308069,0.12127139364303179,-0.34090365038067827,-0.6195278432956628,-0.8656509310014037,0.3677461690772278,-0.6535924403009267,-0.9190669336734895,-0.588512855584739
06075010101,14806.0,Infrastructure,"Census Tract 101.01, San Francisco County, California",2045.0,884.0,0.5081,73656.0,2045.0,248.0,407.0,06,075,010101,2020,0.4322738386308069,0.12127139364303179,-0.2787652783017051,-0.6195278432956628,-0.8656509310014037,0.3677461690772278,-0.6535924403009267,-0.9190669336734895,-0.569871343961047
06075010101,6316.0,Public Services,"Census Tract 101.01, San Francisco County, California",2045.0,884.0,0.5081,73656.0,2045.0,248.0,407.0,06,075,010101,2020,0.4322738386308069,0.12127139364303179,-0.4828714381136795,-0.6054584804397839,-0.7458721645166739,0.5440543637438536,-0.8874333991288724,-1.3527636982911604,-0.7240260595179429
06075010101,480.0,Infrastructure,"Census Tract 101.01, San Francisco County, California",2045.0,884.0,0.5081,73656.0,2045.0,248.0,407.0,06,075,010101,2020,0.4322738386308069,0.12127139364303179,-0.41317480848491045,-0.6195278432956628,-0.8656509310014037,0.3677461690772278,-0.6535924403009267,-0.9190669336734895,-0.6101942030160087
06075010101,16452.0,Infrastructure,"Census Tract 101.01, San Francisco County, California",2045.0,884.0,0.5081,73656.0,2045.0,248.0,407.0,06,075,010101,2020,0.4322738386308069,0.12127139364303179,-0.26332216182246765,-0.6195278432956628,-0.8656509310014037,0.3677461690772278,-0.6535924403009267,-0.9190669336734895,-0.5652384090172758
06075010101,242304.0,Infrastructure,"Census Tract 101.01, San Francisco County, California",2045.0,884.0,0.5081,73656.0,2045.0,248.0,407.0,06,075,010101,2020,0.4322738386308069,0.12127139364303179,1.8556685690819918,-0.6195278432956628,-0.8656509310014037,0.3677461690772278,-0.6535924403009267,-0.9190669336734895,0.07045881025406212
06075010101,12570.0,Infrastructure,"Census Tract 101.01, San Francisco County, California",2045.0,884.0,0.5081,73656.0,2045.0,248.0,407.0,06,075,010101,2020,0.4322738386308069,0.12127139364303179,-0.29974389825770453,-0.6195278432956628,-0.8656509310014037,0.3677461690772278,-0.6535924403009267,-0.9190669336734895,-0.5761649299478468
06075010101,1247.0,Infrastructure,"Census Tract 101.01, San Francisco County, California",2045.0,884.0,0.5081,73656.0,2045.0,248.0,407.0,06,075,010101,2020,0.4322738386308069,0.12127139364303179,-0.40597865396511995,-0.6195278432956628,-0.8656509310014037,0.3677461690772278,-0.6535924403009267,-0.9190669336734895,-0.6080353566600715
06075010101,760.0,Infrastructure,"Census Tract 101.01, San Francisco County, California",2045.0,884.0,0.5081,73656.0,2045.0,248.0,407.0,06,075,010101,2020,0.4322738386308069,0.12127139364303179,-0.41054778988576923,-0.6195278432956628,-0.8656509310014037,0.3677461690772278,-0.6535924403009267,-0.9190669336734895,-0.6094060974362663
06075010101,8000.0,Infrastructure,"Census Tract 101.01, San Francisco County, California",2045.0,884.0,0.5081,73656.0,2045.0,248.0,407.0,06,075,010101,2020,0.4322738386308069,0.12127139364303179,-0.3426205946794027,-0.6195278432956628,-0.8656509310014037,0.3677461690772278,-0.6535924403009267,-0.9190669336734895,-0.5890279388743563
06075010101,18796.0,Infrastructure,"Census Tract 101.01, San Francisco County, California",2045.0,884.0,0.5081,73656.0,2045.0,248.0,407.0,06,075,010101,2020,0.4322738386308069,0.12127139364303179,-0.24133026326394239,-0.6195278432956628,-0.8656509310014037,0.3677461690772278,-0.6535924403009267,-0.9190669336734895,-0.5586408394497182
06075010101,3684.0,Infrastructure,"Census Tract 101.01, San Francisco County, California",2045.0,884.0,0.5081,73656.0,2045.0,248.0,407.0,06,075,010101,2020,0.4322738386308069,0.12127139364303179,-0.38311420994330847,-0.6195278432956628,-0.8656509310014037,0.3677461690772278,-0.6535924403009267,-0.9190669336734895,-0.601176023453528
06075010101,9068.0,Infrastructure,"Census Tract 101.01, San Francisco County, California",2045.0,884.0,0.5081,73656.0,2045.0,248.0,407.0,06,075,010101,2020,0.4322738386308069,0.12127139364303179,-0.3326003951655354,-0.6195278432956628,-0.8656509310014037,0.3677461690772278,-0.6535924403009267,-0.9190669336734895,-0.5860218790201961
06075010101,95375.0,Infrastructure,"Census Tract 101.01, San Francisco County, California",2045.0,884.0,0.5081,73656.0,2045.0,248.0,407.0,06,075,010101,2020,0.4322738386308069,0.12127139364303179,0.47714994139190575,-0.6195278432956628,-0.8656509310014037,0.3677461690772278,-0.6535924403009267,-0.9190669336734895,-0.34309677805296374
06075010101,6525.0,Infrastructure,"Census Tract 101.01, San Francisco County, California",2045.0,884.0,0.5081,73656.0,2045.0,248.0,407.0,06,075,010101,2020,0.4322738386308069,0.12127139364303179,-0.35645935337130746,-0.6195278432956628,-0.8656509310014037,0.3677461690772278,-0.6535924403009267,-0.9190669336734895,-0.5931795664819277
06075010101,10000.0,Infrastructure,"Census Tract 101.01, San Francisco County, California",2045.0,884.0,0.5081,73656.0,2045.0,248.0,407.0,06,075,010101,2020,0.4322738386308069,0.12127139364303179,-0.3238561761141081,-0.6195278432956628,-0.8656509310014037,0.3677461690772278,-0.6535924403009267,-0.9190669336734895,-0.5833986133047679
06075010101,11001.0,Infrastructure,"Census Tract 101.01, San Francisco County, California",2045.0,884.0,0.5081,73656.0,2045.0,248.0,407.0,06,075,010101,2020,0.4322738386308069,0.12127139364303179,-0.31446458462217813,-0.6195278432956628,-0.8656509310014037,0.3677461690772278,-0.6535924403009267,-0.9190669336734895,-0.580581135857189
06075010101,8000.0,Infrastructure,"Census Tract 101.01, San Francisco County, California",2045.0,884.0,0.5081,73656.0,2045.0,248.0,407.0,06,075,010101,2020,0.4322738386308069,0.12127139364303179,-0.3426205946794027,-0.6195278432956628,-0.8656509310014037,0.3677461690772278,-0.6535924403009267,-0.9190669336734895,-0.5890279388743563
06075010101,1721.0,Infrastructure,"Census Tract 101.01, San Francisco County, California",2045.0,884.0,0.5081,73656.0,2045.0,248.0,407.0,06,075,010101,2020,0.4322738386308069,0.12127139364303179,-0.40153148676514516,-0.6195278432956628,-0.8656509310014037,0.3677461690772278,-0.6535924403009267,-0.9190669336734895,-0.6067012065000791
06075010101,8000.0,Infrastructure,"Census Tract 101.01, San Francisco County, California",2045.0,884.0,0.5081,73656.0,2045.0,248.0,407.0,06,075,010101,2020,0.4322738386308069,0.12127139364303179,-0.3426205946794027,-0.6195278432956628,-0.8656509310014037,0.3677461690772278,-0.6535924403009267,-0.9190669336734895,-0.5890279388743563
06075010101,8000.0,Infrastructure,"Census Tract 101.01, San Francisco County, California",2045.0,884.0,0.5081,73656.0,2045.0,248.0,407.0,06,075,010101,2020,0.4322738386308069,0.12127139364303179,-0.3426205946794027,-0.6195278432956628,-0.8656509310014037,0.3677461690772278,-0.6535924403009267,-0.9190669336734895,-0.5890279388743563
06075010101,4805.0,Infrastructure,"Census Tract 101.01, San Francisco County, California",2045.0,884.0,0.5081,73656.0,2045.0,248.0,407.0,06,075,010101,2020,0.4322738386308069,0.12127139364303179,-0.37259675333746084,-0.6195278432956628,-0.8656509310014037,0.3677461690772278,-0.6535924403009267,-0.9190669336734895,-0.5980207864717737
06075010101,261972.0,Infrastructure,"Census Tract 101.01, San Francisco County, California",2045.0,884.0,0.5081,73656.0,2045.0,248.0,407.0,06,075,010101,2020,0.4322738386308069,0.12127139364303179,2.040197861253099,-0.6195278432956628,-0.8656509310014037,0.3677461690772278,-0.6535924403009267,-0.9190669336734895,0.1258175979053943
06075010101,2238.0,Infrastructure,"Census Tract 101.01, San Francisco County, California",2045.0,884.0,0.5081,73656.0,2045.0,248.0,407.0,06,075,010101,2020,0.4322738386308069,0.12127139364303179,-0.39668088456601647,-0.6195278432956628,-0.8656509310014037,0.3677461690772278,-0.6535924403009267,-0.9190669336734895,-0.6052460258403405
06075010101,3552.0,Infrastructure,"Census Tract 101.01, San Francisco County, California",2045.0,884.0,0.5081,73656.0,2045.0,248.0,407.0,06,075,010101,2020,0.4322738386308069,0.12127139364303179,-0.3843526615686179,-0.6195278432956628,-0.8656509310014037,0.3677461690772278,-0.6535924403009267,-0.9190669336734895,-0.6015475589411209
06075010101,1002.0,Infrastructure,"Census Tract 101.01, San Francisco County, California",2045.0,884.0,0.5081,73656.0,2045.0,248.0,407.0,06,075,010101,2020,0.4322738386308069,0.12127139364303179,-0.40827729523936857,-0.6195278432956628,-0.8656509310014037,0.3677461690772278,-0.6535924403009267,-0.9190669336734895,-0.6087249490423461
06075010101,2717.0,Infrastructure,"Census Tract 101.01, San Francisco County, California",2045.0,884.0,0.5081,73656.0,2045.0,248.0,407.0,06,075,010101,2020,0.4322738386308069,0.12127139364303179,-0.39218680631962843,-0.6195278432956628,-0.8656509310014037,0.3677461690772278,-0.6535924403009267,-0.9190669336734895,-0.603897802366424
06075010101,272250.0,Infrastructure,"Census Tract 101.01, San Francisco County, California",2045.0,884.0,0.5081,73656.0,2045.0,248.0,407.0,06,075,010101,2020,0.4322738386308069,0.12127139364303179,2.136628208260148,-0.6195278432956628,-0.8656509310014037,0.3677461690772278,-0.6535924403009267,-0.9190669336734895,0.15474670200750898
06075010101,3640.0,Infrastructure,"Census Tract 101.01, San Francisco County, California",2045.0,884.0,0.5081,73656.0,2045.0,248.0,407.0,06,075,010101,2020,0.4322738386308069,0.12127139364303179,-0.38352702715174497,-0.6195278432956628,-0.8656509310014037,0.3677461690772278,-0.6535924403009267,-0.9190669336734895,-0.601299868616059
06075010101,8000.0,Infrastructure,"Census Tract 101.01, San Francisco County, California",2045.0,884.0,0.5081,73656.0,2045.0,248.0,407.0,06,075,010101,2020,0.4322738386308069,0.12127139364303179,-0.3426205946794027,-0.6195278432956628,-0.8656509310014037,0.3677461690772278,-0.6535924403009267,-0.9190669336734895,-0.5890279388743563
06075010101,270.0,Infrastructure,"Census Tract 101.01, San Francisco County, California",2045.0,884.0,0.5081,73656.0,2045.0,248.0,407.0,06,075,010101,2020,0.4322738386308069,0.12127139364303179,-0.4151450724342664,-0.6195278432956628,-0.8656509310014037,0.3677461690772278,-0.6535924403009267,-0.9190669336734895,-0.6107852822008154
06075010101,1714.0,Infrastructure,"Census Tract 101.01, San Francisco County, California",2045.0,884.0,0.5081,73656.0,2045.0,248.0,407.0,06,075,010101,2020,0.4322738386308069,0.12127139364303179,-0.4015971622301237,-0.6195278432956628,-0.8656509310014037,0.3677461690772278,-0.6535924403009267,-0.9190669336734895,-0.6067209091395727
06075010101,425.0,Infrastructure,"Census Tract 101.01, San Francisco County, California",2045.0,884.0,0.5081,73656.0,2045.0,248.0,407.0,06,075,010101,2020,0.4322738386308069,0.12127139364303179,-0.41369082999545603,-0.6195278432956628,-0.8656509310014037,0.3677461690772278,-0.6535924403009267,-0.9190669336734895,-0.6103490094691723
06075010101,75.0,Infrastructure,"Census Tract 101.01, San Francisco County, California",2045.0,884.0,0.5081,73656.0,2045.0,248.0,407.0,06,075,010101,2020,0.4322738386308069,0.12127139364303179,-0.4169746032443826,-0.6195278432956628,-0.8656509310014037,0.3677461690772278,-0.6535924403009267,-0.9190669336734895,-0.6113341414438503
06075010101,1040.0,Infrastructure,"Census Tract 101.01, San Francisco County, California",2045.0,884.0,0.5081,73656.0,2045.0,248.0,407.0,06,075,010101,2020,0.4322738386308069,0.12127139364303179,-0.40792077128662796,-0.6195278432956628,-0.8656509310014037,0.3677461690772278,-0.6535924403009267,-0.9190669336734895,-0.6086179918565239
06075010101,52650.0,Infrastructure,"Census Tract 101.01, San Francisco County, California",2045.0,884.0,0.5081,73656.0,2045.0,248.0,407.0,06,075,010101,2020,0.4322738386308069,0.12127139364303179,0.07629504979079954,-0.6195278432956628,-0.8656509310014037,0.3677461690772278,-0.6535924403009267,-0.9190669336734895,-0.4633532455332956
06075010101,768.0,Infrastructure,"Census Tract 101.01, San Francisco County, California",2045.0,884.0,0.5081,73656.0,2045.0,248.0,407.0,06,075,010101,2020,0.4322738386308069,0.12127139364303179,-0.41047273221150804,-0.6195278432956628,-0.8656509310014037,0.3677461690772278,-0.6535924403009267,-0.9190669336734895,-0.6093835801339879
06075010101,104897.0,Public Services,"Census Tract 101.01, San Francisco County, California",2045.0,884.0,0.5081,73656.0,2045.0,248.0,407.0,06,075,010101,2020,0.4322738386308069,0.12127139364303179,0.6892039954917458,-0.6054584804397839,-0.7458721645166739,0.5440543637438536,-0.8874333991288724,-1.3527636982911604,-0.3724034294363152
06075010101,18900.0,Infrastructure,"Census Tract 101.01, San Francisco County, California",2045.0,884.0,0.5081,73656.0,2045.0,248.0,407.0,06,075,010101,2020,0.4322738386308069,0.12127139364303179,-0.24035451349854706,-0.6195278432956628,-0.8656509310014037,0.3677461690772278,-0.6535924403009267,-0.9190669336734895,-0.5583481145200996
06075010101,2310.0,Infrastructure,"Census Tract 101.01, San Francisco County, California",2045.0,884.0,0.5081,73656.0,2045.0,248.0,407.0,06,075,010101,2020,0.4322738386308069,0.12127139364303179,-0.3960053654976659,-0.6195278432956628,-0.8656509310014037,0.3677461690772278,-0.6535924403009267,-0.9190669336734895,-0.6050433701198352
06075010101,1470.0,Infrastructure,"Census Tract 101.01, San Francisco County, California",2045.0,884.0,0.5081,73656.0,2045.0,248.0,407.0,06,075,010101,2020,0.4322738386308069,0.12127139364303179,-0.4038864212950896,-0.6195278432956628,-0.8656509310014037,0.3677461690772278,-0.6535924403009267,-0.9190669336734895,-0.6074076868590624
06075010101,20915.0,Infrastructure,"Census Tract 101.01, San Francisco County, California",2045.0,884.0,0.5081,73656.0,2045.0,248.0,407.0,06,075,010101,2020,0.4322738386308069,0.12127139364303179,-0.22144936179401273,-0.6195278432956628,-0.8656509310014037,0.3677461690772278,-0.6535924403009267,-0.9190669336734895,-0.5526765690087393
06075010101,8000.0,Infrastructure,"Census Tract 101.01, San Francisco County, California",2045.0,884.0,0.5081,73656.0,2045.0,248.0,407.0,06,075,010101,2020,0.4322738386308069,0.12127139364303179,-0.3426205946794027,-0.6195278432956628,-0.8656509310014037,0.3677461690772278,-0.6535924403009267,-0.9190669336734895,-0.5890279388743563
06075010101,4000.0,Infrastructure,"Census Tract 101.01, San Francisco County, California",2045.0,884.0,0.5081,73656.0,2045.0,248.0,407.0,06,075,010101,2020,0.4322738386308069,0.12127139364303179,-0.38014943180999194,-0.6195278432956628,-0.8656509310014037,0.3677461690772278,-0.6535924403009267,-0.9190669336734895,-0.6002865900135331
06075010101,26427.0,Infrastructure,"Census Tract 101.01, San Francisco County, California",2045.0,884.0,0.5081,73656.0,2045.0,248.0,407.0,06,075,010101,2020,0.4322738386308069,0.12127139364303179,-0.1697346242280608,-0.6195278432956628,-0.8656509310014037,0.3677461690772278,-0.6535924403009267,-0.9190669336734895,-0.5371621477389538
06075010101,14330.0,Infrastructure,"Census Tract 101.01, San Francisco County, California",2045.0,884.0,0.5081,73656.0,2045.0,248.0,407.0,06,075,010101,2020,0.4322738386308069,0.12127139364303179,-0.28323120992024525,-0.6195278432956628,-0.8656509310014037,0.3677461690772278,-0.6535924403009267,-0.9190669336734895,-0.5712111234466091
06075010101,3036.0,Public Services,"Census Tract 101.01, San Francisco County, California",2045.0,884.0,0.5081,73656.0,2045.0,248.0,407.0,06,075,010101,2020,0.4322738386308069,0.12127139364303179,-0.5218688861231924,-0.6054584804397839,-0.7458721645166739,0.5440543637438536,-0.8874333991288724,-1.3527636982911604,-0.7357252939207966
06075010101,2840.0,Infrastructure,"Census Tract 101.01, San Francisco County, California",2045.0,884.0,0.5081,73656.0,2045.0,248.0,407.0,06,075,010101,2020,0.4322738386308069,0.12127139364303179,-0.39103279457786283,-0.6195278432956628,-0.8656509310014037,0.3677461690772278,-0.6535924403009267,-0.9190669336734895,-0.6035515988438943
06075010101,112840.0,Infrastructure,"Census Tract 101.01, San Francisco County, California",2045.0,884.0,0.5081,73656.0,2045.0,248.0,407.0,06,075,010101,2020,0.4322738386308069,0.12127139364303179,0.6410102265133408,-0.6195278432956628,-0.8656509310014037,0.3677461690772278,-0.6535924403009267,-0.9190669336734895,-0.29393869251653326
06075010101,1500.0,Infrastructure,"Census Tract 101.01, San Francisco County, California",2045.0,884.0,0.5081,73656.0,2045.0,248.0,407.0,06,075,010101,2020,0.4322738386308069,0.12127139364303179,-0.4036049550166102,-0.6195278432956628,-0.8656509310014037,0.3677461690772278,-0.6535924403009267,-0.9190669336734895,-0.6073232469755185
06075010101,12093.0,Infrastructure,"Census Tract 101.01, San Francisco County, California",2045.0,884.0,0.5081,73656.0,2045.0,248.0,407.0,06,075,010101,2020,0.4322738386308069,0.12127139364303179,-0.30421921208552727,-0.6195278432956628,-0.8656509310014037,0.3677461690772278,-0.6535924403009267,-0.9190669336734895,-0.5775075240961937
06075033203,12570.0,Infrastructure,"Census Tract 332.03, San Francisco County, California",3498.0,1365.0,0.5637,53088.0,3498.0,711.0,582.0,06,075,033203,2020,0.3902229845626072,0.2032590051457976,-0.29974389825770453,-1.5700326219817844,-0.15384552617396471,-1.4424259485499134,-0.13020179724615072,0.06396197596239038,-0.4273640635226139
06075011002,3082.0,Recreational,"Census Tract 110.02, San Francisco County, California",2266.0,1182.0,0.46,124457.0,2266.0,206.0,455.0,06,075,011002,2020,0.5216240070609003,0.09090909090909091,-0.13471518836172322,0.43893524503846,-0.3017619147600774,0.5069082903203634,-0.40544979692007393,-0.9076100327507061,-0.2368326185388937
06075011700,113438.0,Public Services,"Census Tract 117, San Francisco County, California",1727.0,640.0,0.5595,73854.0,1670.0,341.0,190.0,06,075,011700,2020,0.3705848291835553,0.20419161676646708,0.7907519233726148,-1.492672527214039,-1.0299424070787504,0.19488721110544657,-1.4906314032799663,-1.572161719251823,-0.6694493569192213
06075011700,500.0,Recreational,"Census Tract 117, San Francisco County, California",1727.0,640.0,0.5595,73854.0,1670.0,341.0,190.0,06,075,011700,2020,0.3705848291835553,0.20419161676646708,-0.22115249742031956,-1.1905361104078376,-0.9003932807451891,-0.08414148998664044,-1.1093522784096839,-1.267656503734286,-0.8041263749066916
06075011700,500.0,Recreational,"Census Tract 117, San Francisco County, California",1727.0,640.0,0.5595,73854.0,1670.0,341.0,190.0,06,075,011700,2020,0.3705848291835553,0.20419161676646708,-0.22115249742031956,-1.1905361104078376,-0.9003932807451891,-0.08414148998664044,-1.1093522784096839,-1.267656503734286,-0.8041263749066916
06075011700,500.0,Recreational,"Census Tract 117, San Francisco County, California",1727.0,640.0,0.5595,73854.0,1670.0,341.0,190.0,06,075,011700,2020,0.3705848291835553,0.20419161676646708,-0.22115249742031956,-1.1905361104078376,-0.9003932807451891,-0.08414148998664044,-1.1093522784096839,-1.267656503734286,-0.8041263749066916
06075011700,314549.0,Public Services,"Census Tract 117, San Francisco County, California",1727.0,640.0,0.5595,73854.0,1670.0,341.0,190.0,06,075,011700,2020,0.3705848291835553,0.20419161676646708,3.181854291251016,-1.492672527214039,-1.0299424070787504,0.19488721110544657,-1.4906314032799663,-1.572161719251823,0.04788135344429917
06075011700,61552.0,Public Services,"Census Tract 117, San Francisco County, California",1727.0,640.0,0.5595,73854.0,1670.0,341.0,190.0,06,075,011700,2020,0.3705848291835553,0.20419161676646708,0.17385509793920365,-1.492672527214039,-1.0299424070787504,0.19488721110544657,-1.4906314032799663,-1.572161719251823,-0.8545184045492444
06075011700,500.0,Recreational,"Census Tract 117, San Francisco County, California",1727.0,640.0,0.5595,73854.0,1670.0,341.0,190.0,06,075,011700,2020,0.3705848291835553,0.20419161676646708,-0.22115249742031956,-1.1905361104078376,-0.9003932807451891,-0.08414148998664044,-1.1093522784096839,-1.267656503734286,-0.8041263749066916
06075011700,500.0,Recreational,"Census Tract 117, San Francisco County, California",1727.0,640.0,0.5595,73854.0,1670.0,341.0,190.0,06,075,011700,2020,0.3705848291835553,0.20419161676646708,-0.22115249742031956,-1.1905361104078376,-0.9003932807451891,-0.08414148998664044,-1.1093522784096839,-1.267656503734286,-0.8041263749066916
06075011700,500.0,Recreational,"Census Tract 117, San Francisco County, California",1727.0,640.0,0.5595,73854.0,1670.0,341.0,190.0,06,075,011700,2020,0.3705848291835553,0.20419161676646708,-0.22115249742031956,-1.1905361104078376,-0.9003932807451891,-0.08414148998664044,-1.1093522784096839,-1.267656503734286,-0.8041263749066916
06075011700,745000.0,Public Services,"Census Tract 117, San Francisco County, California",1727.0,640.0,0.5595,73854.0,1670.0,341.0,190.0,06,075,011700,2020,0.3705848291835553,0.20419161676646708,8.299686758672618,-1.492672527214039,-1.0299424070787504,0.19488721110544657,-1.4906314032799663,-1.572161719251823,1.5832310936707796
06075011700,500.0,Recreational,"Census Tract 117, San Francisco County, California",1727.0,640.0,0.5595,73854.0,1670.0,341.0,190.0,06,075,011700,2020,0.3705848291835553,0.20419161676646708,-0.22115249742031956,-1.1905361104078376,-0.9003932807451891,-0.08414148998664044,-1.1093522784096839,-1.267656503734286,-0.8041263749066916
06075022801,16488.0,Public Services,"Census Tract 228.01, San Francisco County, California",5672.0,2174.0,0.5089,159722.0,5659.0,706.0,751.0,06,075,022801,2020,0.38328631875881525,0.12475702420922424,-0.36193179142076315,-0.6192672593779049,0.7559746096844684,-1.175500000862495,0.0687883217373777,1.1496156162507356,0.0933929365873846
06075022801,8712.0,Public Services,"Census Tract 228.01, San Francisco County, California",5672.0,2174.0,0.5089,159722.0,5659.0,706.0,751.0,06,075,022801,2020,0.38328631875881525,0.12475702420922424,-0.45438427792136454,-0.6192672593779049,0.7559746096844684,-1.175500000862495,0.0687883217373777,1.1496156162507356,0.06565719063720418
06075022801,10550.0,Public Services,"Census Tract 228.01, San Francisco County, California",5672.0,2174.0,0.5089,159722.0,5659.0,706.0,751.0,06,075,022801,2020,0.38328631875881525,0.12475702420922424,-0.4325314396770094,-0.6192672593779049,0.7559746096844684,-1.175500000862495,0.0687883217373777,1.1496156162507356,0.07221304211051074
06075022801,130091.0,Public Services,"Census Tract 228.01, San Francisco County, California",5672.0,2174.0,0.5089,159722.0,5659.0,706.0,751.0,06,075,022801,2020,0.38328631875881525,0.12475702420922424,0.9887471982818888,-0.6192672593779049,0.7559746096844684,-1.175500000862495,0.0687883217373777,1.1496156162507356,0.49859663349818023
06075022801,933.0,Recreational,"Census Tract 228.01, San Francisco County, California",5672.0,2174.0,0.5089,159722.0,5659.0,706.0,751.0,06,075,022801,2020,0.38328631875881525,0.12475702420922424,-0.20665700755882763,-0.36188032562811256,0.7938881130207912,-1.6821649700759473,0.38079599372492423,1.3675630287893188,0.24932782215405855
06075022801,20514.0,Recreational,"Census Tract 228.01, San Francisco County, California",5672.0,2174.0,0.5089,159722.0,5659.0,706.0,751.0,06,075,022801,2020,0.38328631875881525,0.12475702420922424,0.44885381687044223,-0.36188032562811256,0.7938881130207912,-1.6821649700759473,0.38079599372492423,1.3675630287893188,0.4459810694828395
06075022801,10336.0,Recreational,"Census Tract 228.01, San Francisco County, California",5672.0,2174.0,0.5089,159722.0,5659.0,706.0,751.0,06,075,022801,2020,0.38328631875881525,0.12475702420922424,0.10812611292063842,-0.36188032562811256,0.7938881130207912,-1.6821649700759473,0.38079599372492423,1.3675630287893188,0.3437627582978984
06075022801,192000.0,Public Services,"Census Tract 228.01, San Francisco County, California",5672.0,2174.0,0.5089,159722.0,5659.0,706.0,751.0,06,075,022801,2020,0.38328631875881525,0.12475702420922424,1.724812139995589,-0.6192672593779049,0.7559746096844684,-1.175500000862495,0.0687883217373777,1.1496156162507356,0.7194161160122903
06075026002,500.0,Recreational,"Census Tract 260.02, San Francisco County, California",3662.0,870.0,0.4213,124107.0,3277.0,295.0,695.0,06,075,026002,2020,0.2375750955761879,0.09002136100091547,-0.22115249742031956,1.0727095310261157,-0.6463615202718023,0.11725324996982016,0.23204679008938406,0.02490364719934526,0.043256862838818834
06075017700,6400.0,Public Services,"Census Tract 177, San Francisco County, California",1877.0,687.0,0.3847,151406.0,1865.0,117.0,541.0,06,075,017700,2020,0.366009589770911,0.06273458445040214,-0.48187272298172856,1.5245456707653349,-0.9752239587163832,1.0358919658474162,-0.5149516822798099,-1.4686720867232084,-0.38134613148141816
06075017700,18596.0,Public Services,"Census Tract 177, San Francisco County, California",1877.0,687.0,0.3847,151406.0,1865.0,117.0,541.0,06,075,017700,2020,0.366009589770911,0.06273458445040214,-0.33686879739513714,1.5245456707653349,-0.9752239587163832,1.0358919658474162,-0.5149516822798099,-1.4686720867232084,-0.3378449538054407
06075017700,29116.0,Public Services,"Census Tract 177, San Francisco County, California",1877.0,687.0,0.3847,151406.0,1865.0,117.0,541.0,06,075,017700,2020,0.366009589770911,0.06273458445040214,-0.21179161658413834,1.5245456707653349,-0.9752239587163832,1.0358919658474162,-0.5149516822798099,-1.4686720867232084,-0.3003217995621411
06075017700,116144.0,Public Services,"Census Tract 177, San Francisco County, California",1877.0,687.0,0.3847,151406.0,1865.0,117.0,541.0,06,075,017700,2020,0.366009589770911,0.06273458445040214,0.822924817980463,1.5245456707653349,-0.9752239587163832,1.0358919658474162,-0.5149516822798099,-1.4686720867232084,0.010093130807239281
06075017700,29075.0,Infrastructure,"Census Tract 177, San Francisco County, California",1877.0,687.0,0.3847,151406.0,1865.0,117.0,541.0,06,075,017700,2020,0.366009589770911,0.06273458445040214,-0.1448905340476107,1.490045712277493,-1.1571803795481928,0.8799114982546695,-0.2528247479046982,-1.0327275371276035,-0.19401100500338012
06075017700,639220.0,Infrastructure,"Census Tract 177, San Francisco County, California",1877.0,687.0,0.3847,151406.0,1865.0,117.0,541.0,06,075,017700,2020,0.366009589770911,0.06273458445040214,5.57961754871323,1.490045712277493,-1.1571803795481928,0.8799114982546695,-0.2528247479046982,-1.0327275371276035,1.523341419824872
06075017700,50000.0,Public Services,"Census Tract 177, San Francisco County, California",1877.0,687.0,0.3847,151406.0,1865.0,117.0,541.0,06,075,017700,2020,0.366009589770911,0.06273458445040214,0.036507988364236126,1.5245456707653349,-0.9752239587163832,1.0358919658474162,-0.5149516822798099,-1.4686720867232084,-0.22583191807762876
06075017700,268872.0,Public Services,"Census Tract 177, San Francisco County, California",1877.0,687.0,0.3847,151406.0,1865.0,117.0,541.0,06,075,017700,2020,0.366009589770911,0.06273458445040214,2.6387791593209786,1.5245456707653349,-0.9752239587163832,1.0358919658474162,-0.5149516822798099,-1.4686720867232084,0.554849433209394
06075017700,75.0,Public Services,"Census Tract 177, San Francisco County, California",1877.0,687.0,0.3847,151406.0,1865.0,117.0,541.0,06,075,017700,2020,0.366009589770911,0.06273458445040214,-0.5570735945244631,1.5245456707653349,-0.9752239587163832,1.0358919658474162,-0.5149516822798099,-1.4686720867232084,-0.4039063929442386
06075017700,94963.0,Infrastructure,"Census Tract 177, San Francisco County, California",1877.0,687.0,0.3847,151406.0,1865.0,117.0,541.0,06,075,017700,2020,0.366009589770911,0.06273458445040214,0.47328447116745503,1.490045712277493,-1.1571803795481928,0.8799114982546695,-0.2528247479046982,-1.0327275371276035,-0.008558503438860443
06075017700,564045.0,Infrastructure,"Census Tract 177, San Francisco County, California",1877.0,687.0,0.3847,151406.0,1865.0,117.0,541.0,06,075,017700,2020,0.366009589770911,0.06273458445040214,4.874309965890219,1.490045712277493,-1.1571803795481928,0.8799114982546695,-0.2528247479046982,-1.0327275371276035,1.3117491449779686
06075017700,1200.0,Recreational,"Census Tract 177, San Francisco County, California",1877.0,687.0,0.3847,151406.0,1865.0,117.0,541.0,06,075,017700,2020,0.366009589770911,0.06273458445040214,-0.19771868009227253,1.6720929642857594,-0.8484824427354101,0.8965633306709068,-0.1770135199083515,-1.1674580424216014,-0.15098949573215706
06075035102,52000.0,Public Services,"Census Tract 351.02, San Francisco County, California",4575.0,1429.0,0.4747,146699.0,4575.0,131.0,615.0,06,075,035102,2020,0.3123497267759563,0.028633879781420766,0.06028692007735377,-0.028941959773244746,-0.11137100797433086,0.9833291686760431,-0.30925282372137236,0.39276143702480243,0.07836995314162659
06075020701,500.0,Recreational,"Census Tract 207.01, San Francisco County, California",2912.0,1603.0,0.3552,219375.0,2912.0,182.0,658.0,06,075,020701,2020,0.5504807692307693,0.0625,-0.22115249742031956,2.155202562131646,0.16322665549773074,0.6119838068193864,0.13376606625875928,-0.47608865936407774,0.23686500182527825
06075020701,500.0,Recreational,"Census Tract 207.01, San Francisco County, California",2912.0,1603.0,0.3552,219375.0,2912.0,182.0,658.0,06,075,020701,2020,0.5504807692307693,0.0625,-0.22115249742031956,2.155202562131646,0.16322665549773074,0.6119838068193864,0.13376606625875928,-0.47608865936407774,0.23686500182527825
06075047904,296.0,Recreational,"Census Tract 479.04, San Francisco County, California",3136.0,1710.0,0.5124,73775.0,3129.0,500.0,478.0,06,075,047904,2020,0.545280612244898,0.15979546180888463,-0.22798178132735042,-0.4191984135081322,0.28140664841361074,-0.7802667867926673,-0.34435637399833424,-0.3264589571371354,-0.24502188602919392
06075047904,75.0,Public Services,"Census Tract 479.04, San Francisco County, California",3136.0,1710.0,0.5124,73775.0,3129.0,500.0,478.0,06,075,047904,2020,0.545280612244898,0.15979546180888463,-0.5570735945244631,-0.6796806672321821,0.21577545989429006,-0.40207598534086225,-0.6900736834849661,-0.6000491043663716,-0.48033253212108507
06075047904,150.0,Public Services,"Census Tract 479.04, San Francisco County, California",3136.0,1710.0,0.5124,73775.0,3129.0,500.0,478.0,06,075,047904,2020,0.545280612244898,0.15979546180888463,-0.5561818845852212,-0.6796806672321821,0.21577545989429006,-0.40207598534086225,-0.6900736834849661,-0.6000491043663716,-0.48006501913931254
06075047904,1420.0,Recreational,"Census Tract 479.04, San Francisco County, California",3136.0,1710.0,0.5124,73775.0,3129.0,500.0,478.0,06,075,047904,2020,0.545280612244898,0.15979546180888463,-0.19035376607488633,-0.4191984135081322,0.28140664841361074,-0.7802667867926673,-0.34435637399833424,-0.3264589571371354,-0.23373348145345468
06075017804,17680.0,Recreational,"Census Tract 178.04, San Francisco County, California",4382.0,1352.0,0.5154,130980.0,4372.0,691.0,505.0,06,075,017804,2020,0.3085349155636696,0.1580512351326624,0.353980333573749,-0.4683282031195784,-0.11399930919279146,-1.616492772264058,-0.2726380079597702,0.5058562615002313,-0.0017041142818529503
06075017804,19604.5,Public Services,"Census Tract 178.04, San Francisco County, California",4382.0,1352.0,0.5154,130980.0,4372.0,691.0,505.0,06,075,017804,2020,0.3085349155636696,0.1580512351326624,-0.3248782710787976,-0.7314635882501349,-0.20101612550416648,-1.119182718178881,-0.6150213972541849,0.2596047765046519,-0.33362682858292586
06075017804,8187.75,Commercial,"Census Tract 178.04, San Francisco County, California",4382.0,1352.0,0.5154,130980.0,4372.0,691.0,505.0,06,075,017804,2020,0.3085349155636696,0.1580512351326624,0.025212662870211424,-0.5889928733983361,0.24319388096054245,-0.41258831841241833,-0.760096418322693,0.848327063132135,-0.009284516047203456
06075017804,500.0,Recreational,"Census Tract 178.04, San Francisco County, California",4382.0,1352.0,0.5154,130980.0,4372.0,691.0,505.0,06,075,017804,2020,0.3085349155636696,0.1580512351326624,-0.22115249742031956,-0.4683282031195784,-0.11399930919279146,-1.616492772264058,-0.2726380079597702,0.5058562615002313,-0.17424396358007355
06075017804,500.0,Recreational,"Census Tract 178.04, San Francisco County, California",4382.0,1352.0,0.5154,130980.0,4372.0,691.0,505.0,06,075,017804,2020,0.3085349155636696,0.1580512351326624,-0.22115249742031956,-0.4683282031195784,-0.11399930919279146,-1.616492772264058,-0.2726380079597702,0.5058562615002313,-0.17424396358007355
06075017804,10550.0,Public Services,"Census Tract 178.04, San Francisco County, California",4382.0,1352.0,0.5154,130980.0,4372.0,691.0,505.0,06,075,017804,2020,0.3085349155636696,0.1580512351326624,-0.4325314396770094,-0.7314635882501349,-0.20101612550416648,-1.119182718178881,-0.6150213972541849,0.2596047765046519,-0.36592277916238947
06075017804,8187.75,Commercial,"Census Tract 178.04, San Francisco County, California",4382.0,1352.0,0.5154,130980.0,4372.0,691.0,505.0,06,075,017804,2020,0.3085349155636696,0.1580512351326624,0.025212662870211424,-0.5889928733983361,0.24319388096054245,-0.41258831841241833,-0.760096418322693,0.848327063132135,-0.009284516047203456
06075017804,41231.0,Infrastructure,"Census Tract 178.04, San Francisco County, California",4382.0,1352.0,0.5154,130980.0,4372.0,691.0,505.0,06,075,017804,2020,0.3085349155636696,0.1580512351326624,-0.030840398007750052,-0.7443243340224374,-0.17308351008821982,-1.364232768522823,-0.36049368019025213,0.6620332465185623,-0.13674233716989012
06075017804,1200.0,Recreational,"Census Tract 178.04, San Francisco County, California",4382.0,1352.0,0.5154,130980.0,4372.0,691.0,505.0,06,075,017804,2020,0.3085349155636696,0.1580512351326624,-0.19771868009227253,-0.4683282031195784,-0.11399930919279146,-1.616492772264058,-0.2726380079597702,0.5058562615002313,-0.16721381838165944
06075017804,56358.0,Public Services,"Census Tract 178.04, San Francisco County, California",4382.0,1352.0,0.5154,130980.0,4372.0,691.0,505.0,06,075,017804,2020,0.3085349155636696,0.1580512351326624,0.11210121228023712,-0.7314635882501349,-0.20101612550416648,-1.119182718178881,-0.6150213972541849,0.2596047765046519,-0.20253298357521549
06075017804,8187.75,Commercial,"Census Tract 178.04, San Francisco County, California",4382.0,1352.0,0.5154,130980.0,4372.0,691.0,505.0,06,075,017804,2020,0.3085349155636696,0.1580512351326624,0.025212662870211424,-0.5889928733983361,0.24319388096054245,-0.41258831841241833,-0.760096418322693,0.848327063132135,-0.009284516047203456
06075017804,8000.0,Public Services,"Census Tract 178.04, San Francisco County, California",4382.0,1352.0,0.5154,130980.0,4372.0,691.0,505.0,06,075,017804,2020,0.3085349155636696,0.1580512351326624,-0.4628495776112344,-0.7314635882501349,-0.20101612550416648,-1.119182718178881,-0.6150213972541849,0.2596047765046519,-0.3750182205426569
06075023103,50800.0,Public Services,"Census Tract 231.03, San Francisco County, California",3954.0,47.0,0.545,32004.0,3954.0,1133.0,305.0,06,075,023103,2020,0.011886697015680323,0.28654527061203844,0.04601956104948318,-1.242388408960602,-1.7203262342890429,-2.7786653145893747,-1.170964258222935,-0.035685641643661156,-0.752316360964243
06075023103,256361.0,Infrastructure,"Census Tract 231.03, San Francisco County, California",3954.0,47.0,0.545,32004.0,3954.0,1133.0,305.0,06,075,023103,2020,0.011886697015680323,0.28654527061203844,1.987554284968165,-1.2503484608049782,-2.1042811260961365,-3.0923020471215192,-0.958654415109996,0.37246932819498585,-0.13084755152829597
06075023103,9700.0,Public Services,"Census Tract 231.03, San Francisco County, California",3954.0,47.0,0.545,32004.0,3954.0,1133.0,305.0,06,075,023103,2020,0.011886697015680323,0.28654527061203844,-0.44263748565508443,-1.242388408960602,-1.7203262342890429,-2.7786653145893747,-1.170964258222935,-0.035685641643661156,-0.8989134749756132
06075023103,50400.0,Public Services,"Census Tract 231.03, San Francisco County, California",3954.0,47.0,0.545,32004.0,3954.0,1133.0,305.0,06,075,023103,2020,0.011886697015680323,0.28654527061203844,0.04126377470685965,-1.242388408960602,-1.7203262342890429,-2.7786653145893747,-1.170964258222935,-0.035685641643661156,-0.7537430968670301
06075023103,500.0,Recreational,"Census Tract 231.03, San Francisco County, California",3954.0,47.0,0.545,32004.0,3954.0,1133.0,305.0,06,075,023103,2020,0.011886697015680323,0.28654527061203844,-0.22115249742031956,-0.9530754606191818,-1.5553534284004866,-3.551633534454397,-0.8038851638009852,0.21995665188803795,-0.6967832034943061
06075023103,50400.0,Public Services,"Census Tract 231.03, San Francisco County, California",3954.0,47.0,0.545,32004.0,3954.0,1133.0,305.0,06,075,023103,2020,0.011886697015680323,0.28654527061203844,0.04126377470685965,-1.242388408960602,-1.7203262342890429,-2.7786653145893747,-1.170964258222935,-0.035685641643661156,-0.7537430968670301
06075023103,5184.0,Public Services,"Census Tract 231.03, San Francisco County, California",3954.0,47.0,0.545,32004.0,3954.0,1133.0,305.0,06,075,023103,2020,0.011886697015680323,0.28654527061203844,-0.4963303134633041,-1.242388408960602,-1.7203262342890429,-2.7786653145893747,-1.170964258222935,-0.035685641643661156,-0.9150213233180792
06075021700,50400.0,Public Services,"Census Tract 217, San Francisco County, California",4509.0,2479.0,0.4708,141364.0,4509.0,288.0,690.0,06,075,021700,2020,0.5497893102683522,0.06387225548902195,0.04126377470685965,0.03837583755009394,1.111062412887064,0.3938749432542162,-0.10077425085809107,0.3472259987122121,0.2588176792540712
06075021700,500.0,Recreational,"Census Tract 217, San Francisco County, California",4509.0,2479.0,0.4708,141364.0,4509.0,288.0,690.0,06,075,021700,2020,0.5497893102683522,0.06387225548902195,-0.22115249742031956,0.26206800243725414,1.1307563171268042,0.1479002756153685,0.21876561119335367,0.5906909587449709,0.30092594591727856
06075021700,15200.0,Recreational,"Census Tract 217, San Francisco County, California",4509.0,2479.0,0.4708,141364.0,4509.0,288.0,690.0,06,075,021700,2020,0.5497893102683522,0.06387225548902195,0.2709576664686681,0.26206800243725414,1.1307563171268042,0.1479002756153685,0.21876561119335367,0.5906909587449709,0.44855899508397484
06075021700,500.0,Recreational,"Census Tract 217, San Francisco County, California",4509.0,2479.0,0.4708,141364.0,4509.0,288.0,690.0,06,075,021700,2020,0.5497893102683522,0.06387225548902195,-0.22115249742031956,0.26206800243725414,1.1307563171268042,0.1479002756153685,0.21876561119335367,0.5906909587449709,0.30092594591727856
06075021700,15000.0,Public Services,"Census Tract 217, San Francisco County, California",4509.0,2479.0,0.4708,141364.0,4509.0,288.0,690.0,06,075,021700,2020,0.5497893102683522,0.06387225548902195,-0.37962331661532267,0.03837583755009394,1.111062412887064,0.3938749432542162,-0.10077425085809107,0.3472259987122121,0.1325515518574165
06075021700,2337.0,Recreational,"Census Tract 217, San Francisco County, California",4509.0,2479.0,0.4708,141364.0,4509.0,288.0,690.0,06,075,021700,2020,0.5497893102683522,0.06387225548902195,-0.15965546537514472,0.26206800243725414,1.1307563171268042,0.1479002756153685,0.21876561119335367,0.5906909587449709,0.319375055530831
06075021700,209500.0,Public Services,"Census Tract 217, San Francisco County, California",4509.0,2479.0,0.4708,141364.0,4509.0,288.0,690.0,06,075,021700,2020,0.5497893102683522,0.06387225548902195,1.9328777924853684,0.03837583755009394,1.111062412887064,0.3938749432542162,-0.10077425085809107,0.3472259987122121,0.8263018845876238
06075021700,19332.0,Public Services,"Census Tract 217, San Francisco County, California",4509.0,2479.0,0.4708,141364.0,4509.0,288.0,690.0,06,075,021700,2020,0.5497893102683522,0.06387225548902195,-0.32811815052470983,0.03837583755009394,1.111062412887064,0.3938749432542162,-0.10077425085809107,0.3472259987122121,0.14800310168460035
06075012902,621.0,Recreational,"Census Tract 129.02, San Francisco County, California",3493.0,2611.0,0.3842,164167.0,3410.0,52.0,998.0,06,075,012902,2020,0.7474949899799599,0.015249266862170088,-0.21710179471075713,1.6802812625543337,1.2765484579202262,1.1811428545224272,1.0368862311888247,-0.08798661921294605,0.5753866732198127
06075012902,75.0,Public Services,"Census Tract 129.02, San Francisco County, California",3493.0,2611.0,0.3842,164167.0,3410.0,52.0,998.0,06,075,012902,2020,0.7474949899799599,0.015249266862170088,-0.5570735945244631,1.5331761576016603,1.264739757223925,1.279933524143077,0.755377755033784,-0.3537437789482694,0.35911989253906645
06075012902,500.0,Recreational,"Census Tract 129.02, San Francisco County, California",3493.0,2611.0,0.3842,164167.0,3410.0,52.0,998.0,06,075,012902,2020,0.7474949899799599,0.015249266862170088,-0.22115249742031956,1.6802812625543337,1.2765484579202262,1.1811428545224272,1.0368862311888247,-0.08798661921294605,0.574171462406944
06075012902,1200.0,Recreational,"Census Tract 129.02, San Francisco County, California",3493.0,2611.0,0.3842,164167.0,3410.0,52.0,998.0,06,075,012902,2020,0.7474949899799599,0.015249266862170088,-0.19771868009227253,1.6802812625543337,1.2765484579202262,1.1811428545224272,1.0368862311888247,-0.08798661921294605,0.5812016076053581
06075012902,7633.0,Public Services,"Census Tract 129.02, San Francisco County, California",3493.0,2611.0,0.3842,164167.0,3410.0,52.0,998.0,06,075,012902,2020,0.7474949899799599,0.015249266862170088,-0.46721301158059153,1.5331761576016603,1.264739757223925,1.279933524143077,0.755377755033784,-0.3537437789482694,0.3860780674222279
06075012902,85000.0,Public Services,"Census Tract 129.02, San Francisco County, California",3493.0,2611.0,0.3842,164167.0,3410.0,52.0,998.0,06,075,012902,2020,0.7474949899799599,0.015249266862170088,0.45263929334379494,1.5331761576016603,1.264739757223925,1.279933524143077,0.755377755033784,-0.3537437789482694,0.6620337588995439
06075012902,32000.0,Public Services,"Census Tract 129.02, San Francisco County, California",3493.0,2611.0,0.3842,164167.0,3410.0,52.0,998.0,06,075,012902,2020,0.7474949899799599,0.015249266862170088,-0.17750239705382267,1.5331761576016603,1.264739757223925,1.279933524143077,0.755377755033784,-0.3537437789482694,0.47299125178025847
06075012902,8929.0,Recreational,"Census Tract 129.02, San Francisco County, California",3493.0,2611.0,0.3842,164167.0,3410.0,52.0,998.0,06,075,012902,2020,0.7474949899799599,0.015249266862170088,0.06102414009126389,1.6802812625543337,1.2765484579202262,1.1811428545224272,1.0368862311888247,-0.08798661921294605,0.6588244536604191
06075012902,500.0,Recreational,"Census Tract 129.02, San Francisco County, California",3493.0,2611.0,0.3842,164167.0,3410.0,52.0,998.0,06,075,012902,2020,0.7474949899799599,0.015249266862170088,-0.22115249742031956,1.6802812625543337,1.2765484579202262,1.1811428545224272,1.0368862311888247,-0.08798661921294605,0.574171462406944
06075012902,152900.0,Public Services,"Census Tract 129.02, San Francisco County, California",3493.0,2611.0,0.3842,164167.0,3410.0,52.0,998.0,06,075,012902,2020,0.7474949899799599,0.015249266862170088,1.259934025004139,1.5331761576016603,1.264739757223925,1.279933524143077,0.755377755033784,-0.3537437789482694,0.9042221783976471
06075022802,19604.5,Public Services,"Census Tract 228.02, San Francisco County, California",2424.0,936.0,0.4394,90750.0,2033.0,215.0,435.0,06,075,022802,2020,0.38613861386138615,0.1057550418101328,-0.3248782710787976,0.5803704108713313,-0.6853326046263953,0.6679523856478045,-0.8096013985932474,-1.091279893435528,-0.41950637958060133
06075022802,19604.5,Public Services,"Census Tract 228.02, San Francisco County, California",2424.0,936.0,0.4394,90750.0,2033.0,215.0,435.0,06,075,022802,2020,0.38613861386138615,0.1057550418101328,-0.3248782710787976,0.5803704108713313,-0.6853326046263953,0.6679523856478045,-0.8096013985932474,-1.091279893435528,-0.41950637958060133
06075022802,19604.5,Public Services,"Census Tract 228.02, San Francisco County, California",2424.0,936.0,0.4394,90750.0,2033.0,215.0,435.0,06,075,022802,2020,0.38613861386138615,0.1057550418101328,-0.3248782710787976,0.5803704108713313,-0.6853326046263953,0.6679523856478045,-0.8096013985932474,-1.091279893435528,-0.41950637958060133
06075022802,19604.5,Public Services,"Census Tract 228.02, San Francisco County, California",2424.0,936.0,0.4394,90750.0,2033.0,215.0,435.0,06,075,022802,2020,0.38613861386138615,0.1057550418101328,-0.3248782710787976,0.5803704108713313,-0.6853326046263953,0.6679523856478045,-0.8096013985932474,-1.091279893435528,-0.41950637958060133
06075022802,19604.5,Public Services,"Census Tract 228.02, San Francisco County, California",2424.0,936.0,0.4394,90750.0,2033.0,215.0,435.0,06,075,022802,2020,0.38613861386138615,0.1057550418101328,-0.3248782710787976,0.5803704108713313,-0.6853326046263953,0.6679523856478045,-0.8096013985932474,-1.091279893435528,-0.41950637958060133
06075022802,19604.5,Public Services,"Census Tract 228.02, San Francisco County, California",2424.0,936.0,0.4394,90750.0,2033.0,215.0,435.0,06,075,022802,2020,0.38613861386138615,0.1057550418101328,-0.3248782710787976,0.5803704108713313,-0.6853326046263953,0.6679523856478045,-0.8096013985932474,-1.091279893435528,-0.41950637958060133
06075022802,19604.5,Public Services,"Census Tract 228.02, San Francisco County, California",2424.0,936.0,0.4394,90750.0,2033.0,215.0,435.0,06,075,022802,2020,0.38613861386138615,0.1057550418101328,-0.3248782710787976,0.5803704108713313,-0.6853326046263953,0.6679523856478045,-0.8096013985932474,-1.091279893435528,-0.41950637958060133
06075022802,19604.5,Public Services,"Census Tract 228.02, San Francisco County, California",2424.0,936.0,0.4394,90750.0,2033.0,215.0,435.0,06,075,022802,2020,0.38613861386138615,0.1057550418101328,-0.3248782710787976,0.5803704108713313,-0.6853326046263953,0.6679523856478045,-0.8096013985932474,-1.091279893435528,-0.41950637958060133
06075022802,19604.5,Public Services,"Census Tract 228.02, San Francisco County, California",2424.0,936.0,0.4394,90750.0,2033.0,215.0,435.0,06,075,022802,2020,0.38613861386138615,0.1057550418101328,-0.3248782710787976,0.5803704108713313,-0.6853326046263953,0.6679523856478045,-0.8096013985932474,-1.091279893435528,-0.41950637958060133
06075022802,19604.5,Public Services,"Census Tract 228.02, San Francisco County, California",2424.0,936.0,0.4394,90750.0,2033.0,215.0,435.0,06,075,022802,2020,0.38613861386138615,0.1057550418101328,-0.3248782710787976,0.5803704108713313,-0.6853326046263953,0.6679523856478045,-0.8096013985932474,-1.091279893435528,-0.41950637958060133
06075022802,19604.5,Public Services,"Census Tract 228.02, San Francisco County, California",2424.0,936.0,0.4394,90750.0,2033.0,215.0,435.0,06,075,022802,2020,0.38613861386138615,0.1057550418101328,-0.3248782710787976,0.5803704108713313,-0.6853326046263953,0.6679523856478045,-0.8096013985932474,-1.091279893435528,-0.41950637958060133
06075022802,19604.5,Public Services,"Census Tract 228.02, San Francisco County, California",2424.0,936.0,0.4394,90750.0,2033.0,215.0,435.0,06,075,022802,2020,0.38613861386138615,0.1057550418101328,-0.3248782710787976,0.5803704108713313,-0.6853326046263953,0.6679523856478045,-0.8096013985932474,-1.091279893435528,-0.41950637958060133
06075022802,19604.5,Public Services,"Census Tract 228.02, San Francisco County, California",2424.0,936.0,0.4394,90750.0,2033.0,215.0,435.0,06,075,022802,2020,0.38613861386138615,0.1057550418101328,-0.3248782710787976,0.5803704108713313,-0.6853326046263953,0.6679523856478045,-0.8096013985932474,-1.091279893435528,-0.41950637958060133
06075022802,19604.5,Public Services,"Census Tract 228.02, San Francisco County, California",2424.0,936.0,0.4394,90750.0,2033.0,215.0,435.0,06,075,022802,2020,0.38613861386138615,0.1057550418101328,-0.3248782710787976,0.5803704108713313,-0.6853326046263953,0.6679523856478045,-0.8096013985932474,-1.091279893435528,-0.41950637958060133
06075022802,19604.5,Public Services,"Census Tract 228.02, San Francisco County, California",2424.0,936.0,0.4394,90750.0,2033.0,215.0,435.0,06,075,022802,2020,0.38613861386138615,0.1057550418101328,-0.3248782710787976,0.5803704108713313,-0.6853326046263953,0.6679523856478045,-0.8096013985932474,-1.091279893435528,-0.41950637958060133
06075017603,41231.0,Infrastructure,"Census Tract 176.03, San Francisco County, California",4684.0,1292.0,0.5665,80613.0,4668.0,1070.0,1139.0,06,075,017603,2020,0.27583262169086253,0.22922022279348758,-0.030840398007750052,-1.6178997691098629,-0.26187420507708953,-2.8459935300361847,1.535675849505336,0.8663517122515532,-0.029896172156066075
06075017603,41231.0,Infrastructure,"Census Tract 176.03, San Francisco County, California",4684.0,1292.0,0.5665,80613.0,4668.0,1070.0,1139.0,06,075,017603,2020,0.27583262169086253,0.22922022279348758,-0.030840398007750052,-1.6178997691098629,-0.26187420507708953,-2.8459935300361847,1.535675849505336,0.8663517122515532,-0.029896172156066075
06075017603,50000.0,Public Services,"Census Tract 176.03, San Francisco County, California",4684.0,1292.0,0.5665,80613.0,4668.0,1070.0,1139.0,06,075,017603,2020,0.27583262169086253,0.22922022279348758,0.036507988364236126,-1.6134993429225954,-0.2708694638391033,-2.5421327273181955,1.147317472016753,0.4679639033289289,-0.133119159402595
06075017603,19404.0,Public Services,"Census Tract 176.03, San Francisco County, California",4684.0,1292.0,0.5665,80613.0,4668.0,1070.0,1139.0,06,075,017603,2020,0.27583262169086253,0.22922022279348758,-0.3272621089830376,-1.6134993429225954,-0.2708694638391033,-2.5421327273181955,1.147317472016753,0.4679639033289289,-0.24225018860677716
06075017603,41231.0,Infrastructure,"Census Tract 176.03, San Francisco County, California",4684.0,1292.0,0.5665,80613.0,4668.0,1070.0,1139.0,06,075,017603,2020,0.27583262169086253,0.22922022279348758,-0.030840398007750052,-1.6178997691098629,-0.26187420507708953,-2.8459935300361847,1.535675849505336,0.8663517122515532,-0.029896172156066075
06075017603,43182.0,Public Services,"Census Tract 176.03, San Francisco County, California",4684.0,1292.0,0.5665,80613.0,4668.0,1070.0,1139.0,06,075,017603,2020,0.27583262169086253,0.22922022279348758,-0.04455438984578193,-1.6134993429225954,-0.2708694638391033,-2.5421327273181955,1.147317472016753,0.4679639033289289,-0.1574378728656004
06075017603,41231.0,Infrastructure,"Census Tract 176.03, San Francisco County, California",4684.0,1292.0,0.5665,80613.0,4668.0,1070.0,1139.0,06,075,017603,2020,0.27583262169086253,0.22922022279348758,-0.030840398007750052,-1.6178997691098629,-0.26187420507708953,-2.8459935300361847,1.535675849505336,0.8663517122515532,-0.029896172156066075
06075011902,4500.0,Public Services,"Census Tract 119.02, San Francisco County, California",2957.0,1580.0,0.4267,82903.0,2957.0,141.0,385.0,06,075,011902,2020,0.5343253297260737,0.047683462969225564,-0.5044627081091902,0.7995847765139973,0.06442656016859355,0.9457843135536337,-0.9485871138354349,-0.7235467325171848,-0.261445309831439
06075011902,6400.0,Public Services,"Census Tract 119.02, San Francisco County, California",2957.0,1580.0,0.4267,82903.0,2957.0,141.0,385.0,06,075,011902,2020,0.5343253297260737,0.047683462969225564,-0.48187272298172856,0.7995847765139973,0.06442656016859355,0.9457843135536337,-0.9485871138354349,-0.7235467325171848,-0.25466831429320047
06075016602,8187.75,Commercial,"Census Tract 166.02, San Francisco County, California",2527.0,1843.0,0.3759,176143.0,2527.0,174.0,915.0,06,075,016602,2020,0.7293233082706767,0.06885635140482786,0.025212662870211424,2.526741271233719,1.036603818180651,1.023830271616001,0.733383764643621,-0.9494414465138401,0.5133763512477941
06075016602,8825.0,Public Services,"Census Tract 166.02, San Francisco County, California",2527.0,1843.0,0.3759,176143.0,2527.0,174.0,915.0,06,075,016602,2020,0.7293233082706767,0.06885635140482786,-0.4530407682795734,1.6764422390846623,0.3706170265367334,0.8218862916496829,0.5246614677317527,-1.020217012432546,0.08689679161507513
06075017604,8187.75,Commercial,"Census Tract 176.04, San Francisco County, California",2710.0,712.0,0.5091,106597.0,2710.0,311.0,519.0,06,075,017604,2020,0.26273062730627306,0.11476014760147601,0.025212662870211424,-0.44828229912463086,-0.790986077941432,0.6431932371210427,-0.7090995340262823,-0.7720874641606252,-0.40694921877886125
06075030400,12570.0,Infrastructure,"Census Tract 304, San Francisco County, California",5403.0,2187.0,0.5132,121897.0,5392.0,179.0,546.0,06,075,030400,2020,0.4047751249305941,0.0331973293768546,-0.29974389825770453,-0.7067144327075192,1.0625869951735505,0.6375126401706894,-0.23787072953170463,1.35279203298672,0.23021114406871615
06075030400,7350.0,Public Services,"Census Tract 304, San Francisco County, California",5403.0,2187.0,0.5132,121897.0,5392.0,179.0,546.0,06,075,030400,2020,0.4047751249305941,0.0331973293768546,-0.47057773041799766,-0.6934894461703033,0.771109499657038,0.8031138640884782,-0.5010531107555911,0.9640242085827538,0.028272257205246953
06075030400,2640.0,Public Services,"Census Tract 304, San Francisco County, California",5403.0,2187.0,0.5132,121897.0,5392.0,179.0,546.0,06,075,030400,2020,0.4047751249305941,0.0331973293768546,-0.5265771146023898,-0.6934894461703033,0.771109499657038,0.8031138640884782,-0.5010531107555911,0.9640242085827538,0.011472441949929302
06075030400,27031.0,Public Services,"Census Tract 304, San Francisco County, California",5403.0,2187.0,0.5132,121897.0,5392.0,179.0,546.0,06,075,030400,2020,0.4047751249305941,0.0331973293768546,-0.23658115289506348,-0.6934894461703033,0.771109499657038,0.8031138640884782,-0.5010531107555911,0.9640242085827538,0.09847123046212718
06075030400,132400.0,Public Services,"Census Tract 304, San Francisco County, California",5403.0,2187.0,0.5132,121897.0,5392.0,179.0,546.0,06,075,030400,2020,0.4047751249305941,0.0331973293768546,1.0161999749446833,-0.6934894461703033,0.771109499657038,0.8031138640884782,-0.5010531107555911,0.9640242085827538,0.4743055688140511
06075030500,2176.0,Recreational,"Census Tract 305, San Francisco County, California",3570.0,1408.0,0.4874,145781.0,2586.0,328.0,162.0,06,075,030500,2020,0.39439775910364144,0.1268368136117556,-0.16504524336059553,-0.009783500079414692,-0.05214809794709726,-0.027225585216336355,-1.1837268802274539,-0.03655140907243463,-0.24503390582157727
06075030500,208377.0,Public Services,"Census Tract 305, San Francisco County, California",3570.0,1408.0,0.4874,145781.0,2586.0,328.0,162.0,06,075,030500,2020,0.39439775910364144,0.1268368136117556,1.9195259223284529,-0.24815632541591073,-0.13581967639155876,0.24369552276457873,-1.5684634038155914,-0.300619100916914,0.23505282180992282
06075030500,12570.0,Infrastructure,"Census Tract 305, San Francisco County, California",3570.0,1408.0,0.4874,145781.0,2586.0,328.0,162.0,06,075,030500,2020,0.39439775910364144,0.1268368136117556,-0.29974389825770453,-0.265652862741657,-0.09021219476527474,0.05497344896886649,-1.386339340577613,0.11267366315701072,-0.32597042411014754
06075030500,10550.0,Public Services,"Census Tract 305, San Francisco County, California",3570.0,1408.0,0.4874,145781.0,2586.0,328.0,162.0,06,075,030500,2020,0.39439775910364144,0.1268368136117556,-0.4325314396770094,-0.24815632541591073,-0.13581967639155876,0.24369552276457873,-1.5684634038155914,-0.300619100916914,-0.4705643867917158
06075030500,82551.0,Public Services,"Census Tract 305, San Francisco County, California",3570.0,1408.0,0.4874,145781.0,2586.0,328.0,162.0,06,075,030500,2020,0.39439775910364144,0.1268368136117556,0.4235219914610824,-0.24815632541591073,-0.13581967639155876,0.24369552276457873,-1.5684634038155914,-0.300619100916914,-0.21374835745028828
06075030500,19604.5,Public Services,"Census Tract 305, San Francisco County, California",3570.0,1408.0,0.4874,145781.0,2586.0,328.0,162.0,06,075,030500,2020,0.39439775910364144,0.1268368136117556,-0.3248782710787976,-0.24815632541591073,-0.13581967639155876,0.24369552276457873,-1.5684634038155914,-0.300619100916914,-0.43826843621225225
06075030500,12570.0,Infrastructure,"Census Tract 305, San Francisco County, California",3570.0,1408.0,0.4874,145781.0,2586.0,328.0,162.0,06,075,030500,2020,0.39439775910364144,0.1268368136117556,-0.29974389825770453,-0.265652862741657,-0.09021219476527474,0.05497344896886649,-1.386339340577613,0.11267366315701072,-0.32597042411014754
06075030500,82551.0,Public Services,"Census Tract 305, San Francisco County, California",3570.0,1408.0,0.4874,145781.0,2586.0,328.0,162.0,06,075,030500,2020,0.39439775910364144,0.1268368136117556,0.4235219914610824,-0.24815632541591073,-0.13581967639155876,0.24369552276457873,-1.5684634038155914,-0.300619100916914,-0.21374835745028828
06075030500,82551.0,Public Services,"Census Tract 305, San Francisco County, California",3570.0,1408.0,0.4874,145781.0,2586.0,328.0,162.0,06,075,030500,2020,0.39439775910364144,0.1268368136117556,0.4235219914610824,-0.24815632541591073,-0.13581967639155876,0.24369552276457873,-1.5684634038155914,-0.300619100916914,-0.21374835745028828
06075030500,12570.0,Infrastructure,"Census Tract 305, San Francisco County, California",3570.0,1408.0,0.4874,145781.0,2586.0,328.0,162.0,06,075,030500,2020,0.39439775910364144,0.1268368136117556,-0.29974389825770453,-0.265652862741657,-0.09021219476527474,0.05497344896886649,-1.386339340577613,0.11267366315701072,-0.32597042411014754
06075030500,19604.5,Public Services,"Census Tract 305, San Francisco County, California",3570.0,1408.0,0.4874,145781.0,2586.0,328.0,162.0,06,075,030500,2020,0.39439775910364144,0.1268368136117556,-0.3248782710787976,-0.24815632541591073,-0.13581967639155876,0.24369552276457873,-1.5684634038155914,-0.300619100916914,-0.43826843621225225
06075030500,82551.0,Public Services,"Census Tract 305, San Francisco County, California",3570.0,1408.0,0.4874,145781.0,2586.0,328.0,162.0,06,075,030500,2020,0.39439775910364144,0.1268368136117556,0.4235219914610824,-0.24815632541591073,-0.13581967639155876,0.24369552276457873,-1.5684634038155914,-0.300619100916914,-0.21374835745028828
06075030500,10300.0,Public Services,"Census Tract 305, San Francisco County, California",3570.0,1408.0,0.4874,145781.0,2586.0,328.0,162.0,06,075,030500,2020,0.39439775910364144,0.1268368136117556,-0.43550380614114914,-0.24815632541591073,-0.13581967639155876,0.24369552276457873,-1.5684634038155914,-0.300619100916914,-0.47145609673095773
06075030500,148039.0,Public Services,"Census Tract 305, San Francisco County, California",3570.0,1408.0,0.4874,145781.0,2586.0,328.0,162.0,06,075,030500,2020,0.39439775910364144,0.1268368136117556,1.2021393314754065,-0.24815632541591073,-0.13581967639155876,0.24369552276457873,-1.5684634038155914,-0.300619100916914,0.01983684455400897
06075030500,500.0,Recreational,"Census Tract 305, San Francisco County, California",3570.0,1408.0,0.4874,145781.0,2586.0,328.0,162.0,06,075,030500,2020,0.39439775910364144,0.1268368136117556,-0.22115249742031956,-0.009783500079414692,-0.05214809794709726,-0.027225585216336355,-1.1837268802274539,-0.03655140907243463,-0.2618660820394945
06075030500,82551.0,Public Services,"Census Tract 305, San Francisco County, California",3570.0,1408.0,0.4874,145781.0,2586.0,328.0,162.0,06,075,030500,2020,0.39439775910364144,0.1268368136117556,0.4235219914610824,-0.24815632541591073,-0.13581967639155876,0.24369552276457873,-1.5684634038155914,-0.300619100916914,-0.21374835745028828
06075030500,82551.0,Public Services,"Census Tract 305, San Francisco County, California",3570.0,1408.0,0.4874,145781.0,2586.0,328.0,162.0,06,075,030500,2020,0.39439775910364144,0.1268368136117556,0.4235219914610824,-0.24815632541591073,-0.13581967639155876,0.24369552276457873,-1.5684634038155914,-0.300619100916914,-0.21374835745028828
06075030500,50400.0,Public Services,"Census Tract 305, San Francisco County, California",3570.0,1408.0,0.4874,145781.0,2586.0,328.0,162.0,06,075,030500,2020,0.39439775910364144,0.1268368136117556,0.04126377470685965,-0.24815632541591073,-0.13581967639155876,0.24369552276457873,-1.5684634038155914,-0.300619100916914,-0.32842582247655505
06075030500,82551.0,Public Services,"Census Tract 305, San Francisco County, California",3570.0,1408.0,0.4874,145781.0,2586.0,328.0,162.0,06,075,030500,2020,0.39439775910364144,0.1268368136117556,0.4235219914610824,-0.24815632541591073,-0.13581967639155876,0.24369552276457873,-1.5684634038155914,-0.300619100916914,-0.21374835745028828
06075030500,82551.0,Public Services,"Census Tract 305, San Francisco County, California",3570.0,1408.0,0.4874,145781.0,2586.0,328.0,162.0,06,075,030500,2020,0.39439775910364144,0.1268368136117556,0.4235219914610824,-0.24815632541591073,-0.13581967639155876,0.24369552276457873,-1.5684634038155914,-0.300619100916914,-0.21374835745028828
06075030500,1554.0,Public Services,"Census Tract 305, San Francisco County, California",3570.0,1408.0,0.4874,145781.0,2586.0,328.0,162.0,06,075,030500,2020,0.39439775910364144,0.1268368136117556,-0.5394890745226126,-0.24815632541591073,-0.13581967639155876,0.24369552276457873,-1.5684634038155914,-0.300619100916914,-0.5026516772453968
06075030500,82551.0,Public Services,"Census Tract 305, San Francisco County, California",3570.0,1408.0,0.4874,145781.0,2586.0,328.0,162.0,06,075,030500,2020,0.39439775910364144,0.1268368136117556,0.4235219914610824,-0.24815632541591073,-0.13581967639155876,0.24369552276457873,-1.5684634038155914,-0.300619100916914,-0.21374835745028828
06075030500,156993.0,Public Services,"Census Tract 305, San Francisco County, California",3570.0,1408.0,0.4874,145781.0,2586.0,328.0,162.0,06,075,030500,2020,0.39439775910364144,0.1268368136117556,1.3085976087550344,-0.24815632541591073,-0.13581967639155876,0.24369552276457873,-1.5684634038155914,-0.300619100916914,0.05177432773789736
06075030500,82551.0,Public Services,"Census Tract 305, San Francisco County, California",3570.0,1408.0,0.4874,145781.0,2586.0,328.0,162.0,06,075,030500,2020,0.39439775910364144,0.1268368136117556,0.4235219914610824,-0.24815632541591073,-0.13581967639155876,0.24369552276457873,-1.5684634038155914,-0.300619100916914,-0.21374835745028828
06075030500,12570.0,Infrastructure,"Census Tract 305, San Francisco County, California",3570.0,1408.0,0.4874,145781.0,2586.0,328.0,162.0,06,075,030500,2020,0.39439775910364144,0.1268368136117556,-0.29974389825770453,-0.265652862741657,-0.09021219476527474,0.05497344896886649,-1.386339340577613,0.11267366315701072,-0.32597042411014754
06075030500,82551.0,Public Services,"Census Tract 305, San Francisco County, California",3570.0,1408.0,0.4874,145781.0,2586.0,328.0,162.0,06,075,030500,2020,0.39439775910364144,0.1268368136117556,0.4235219914610824,-0.24815632541591073,-0.13581967639155876,0.24369552276457873,-1.5684634038155914,-0.300619100916914,-0.21374835745028828
06075030500,5000.0,Public Services,"Census Tract 305, San Francisco County, California",3570.0,1408.0,0.4874,145781.0,2586.0,328.0,162.0,06,075,030500,2020,0.39439775910364144,0.1268368136117556,-0.4985179751809109,-0.24815632541591073,-0.13581967639155876,0.24369552276457873,-1.5684634038155914,-0.300619100916914,-0.49036034744288626
06075030500,440163.0,Public Services,"Census Tract 305, San Francisco County, California",3570.0,1408.0,0.4874,145781.0,2586.0,328.0,162.0,06,075,030500,2020,0.39439775910364144,0.1268368136117556,4.675337655356796,-0.24815632541591073,-0.13581967639155876,0.24369552276457873,-1.5684634038155914,-0.300619100916914,1.0617963417184257
06075061503,255444.0,Public Services,"Census Tract 615.03, San Francisco County, California",3102.0,1245.0,0.3907,250001.0,3102.0,491.0,790.0,06,075,061503,2020,0.40135396518375244,0.1582849774339136,2.479127411799107,1.4209798287294295,-0.32558791220147054,-0.3682856157306938,0.17719717962628395,-0.623506754406191,0.7915109562950956
06075061503,8187.75,Commercial,"Census Tract 615.03, San Francisco County, California",3102.0,1245.0,0.3907,250001.0,3102.0,491.0,790.0,06,075,061503,2020,0.40135396518375244,0.1582849774339136,0.025212662870211424,2.196183096749458,0.07029191908161858,0.14308618449992958,0.2780544405685253,-0.39218166589581543,0.31796119336683715
06075061503,500.0,Recreational,"Census Tract 615.03, San Francisco County, California",3102.0,1245.0,0.3907,250001.0,3102.0,491.0,790.0,06,075,061503,2020,0.40135396518375244,0.1582849774339136,-0.22115249742031956,1.573833385062867,-0.23217930210867144,-0.7408634681055337,0.48438918911396117,-0.34917060836801056,0.10068344650524882
06075020101,50000.0,Public Services,"Census Tract 201.01, San Francisco County, California",3314.0,1184.0,0.492,93344.0,3314.0,404.0,942.0,06,075,020101,2020,0.35727217863608934,0.12190706095353047,0.036507988364236126,-0.32755680431010464,-0.39660547284198966,-0.0416453761657324,0.599713753962534,-0.4772414070990826,-0.10524543219726634
06075020101,171385.0,Public Services,"Census Tract 201.01, San Francisco County, California",3314.0,1184.0,0.492,93344.0,3314.0,404.0,942.0,06,075,020101,2020,0.35727217863608934,0.12190706095353047,1.4797108013626288,-0.32755680431010464,-0.39660547284198966,-0.0416453761657324,0.599713753962534,-0.4772414070990826,0.32771541170225144
06075020101,18619.0,Public Services,"Census Tract 201.01, San Francisco County, California",3314.0,1184.0,0.492,93344.0,3314.0,404.0,942.0,06,075,020101,2020,0.35727217863608934,0.12190706095353047,-0.3365953396804363,-0.32755680431010464,-0.39660547284198966,-0.0416453761657324,0.599713753962534,-0.4772414070990826,-0.2171764306106681
06075020101,75321.0,Public Services,"Census Tract 201.01, San Francisco County, California",3314.0,1184.0,0.492,93344.0,3314.0,404.0,942.0,06,075,020101,2020,0.35727217863608934,0.12190706095353047,0.33756115331816205,-0.32755680431010464,-0.39660547284198966,-0.0416453761657324,0.599713753962534,-0.4772414070990826,-0.01492948271108857
06075020101,35000.0,Public Services,"Census Tract 201.01, San Francisco County, California",3314.0,1184.0,0.492,93344.0,3314.0,404.0,942.0,06,075,020101,2020,0.35727217863608934,0.12190706095353047,-0.1418339994841462,-0.32755680431010464,-0.39660547284198966,-0.0416453761657324,0.599713753962534,-0.4772414070990826,-0.15874802855178105
06075020101,218538.0,Infrastructure,"Census Tract 201.01, San Francisco County, California",3314.0,1184.0,0.492,93344.0,3314.0,404.0,942.0,06,075,020101,2020,0.35727217863608934,0.12190706095353047,1.632690983270596,-0.34429174730921375,-0.42169745605705505,-0.24216063513407676,0.9464875256093883,-0.060523446868306026,0.4926693221872817
06075020101,15000.0,Public Services,"Census Tract 201.01, San Francisco County, California",3314.0,1184.0,0.492,93344.0,3314.0,404.0,942.0,06,075,020101,2020,0.35727217863608934,0.12190706095353047,-0.37962331661532267,-0.32755680431010464,-0.39660547284198966,-0.0416453761657324,0.599713753962534,-0.4772414070990826,-0.23008482369113403
06075061200,17331.0,Recreational,"Census Tract 612, San Francisco County, California",3769.0,457.0,0.5119,90099.0,3763.0,483.0,618.0,06,075,061200,2020,0.12125232157070841,0.12835503587563116,0.34229690179162264,-0.41101011523955877,-1.102514203208797,-0.7058382959391927,0.02751663509051627,0.0963785496023936,-0.13622828684267002
06075061200,14000.0,Recreational,"Census Tract 612, San Francisco County, California",3769.0,457.0,0.5119,90099.0,3763.0,483.0,618.0,06,075,061200,2020,0.12125232157070841,0.12835503587563116,0.230785408192016,-0.41101011523955877,-1.102514203208797,-0.7058382959391927,0.02751663509051627,0.0963785496023936,-0.169681734922552
06075061200,74100.0,Public Services,"Census Tract 612, San Francisco County, California",3769.0,457.0,0.5119,90099.0,3763.0,483.0,618.0,06,075,061200,2020,0.12125232157070841,0.12835503587563116,0.3230441155073037,-0.6710501803958577,-1.2429950890003079,-0.33824973163276634,-0.3009136808068411,-0.16332285509561892,-0.28490766547902197
06075061200,75.0,Public Services,"Census Tract 612, San Francisco County, California",3769.0,457.0,0.5119,90099.0,3763.0,483.0,618.0,06,075,061200,2020,0.12125232157070841,0.12835503587563116,-0.5570735945244631,-0.6710501803958577,-1.2429950890003079,-0.33824973163276634,-0.3009136808068411,-0.16332285509561892,-0.548942978488552
06075061200,6400.0,Public Services,"Census Tract 612, San Francisco County, California",3769.0,457.0,0.5119,90099.0,3763.0,483.0,618.0,06,075,061200,2020,0.12125232157070841,0.12835503587563116,-0.48187272298172856,-0.6710501803958577,-1.2429950890003079,-0.33824973163276634,-0.3009136808068411,-0.16332285509561892,-0.5263827170257316
06075017602,992600.0,Public Services,"Census Tract 176.02, San Francisco County, California",3499.0,832.0,0.4997,55714.0,3499.0,681.0,403.0,06,075,017602,2020,0.23778222349242642,0.1946270362960846,11.243518504756583,-0.4604663015895162,-0.8064117244069525,-1.0816378630564716,-0.8985522563482474,-0.3496041936471248,2.924238277193019
06075017602,775000.0,Infrastructure,"Census Tract 176.02, San Francisco County, California",3499.0,832.0,0.4997,55714.0,3499.0,681.0,403.0,06,075,017602,2020,0.23778222349242642,0.1946270362960846,6.853533925111082,-0.4759264019114282,-0.9426028666584242,-1.325136178509278,-0.6655556549993215,0.06463852717342677,1.69011833550717
06075017602,93568.0,Infrastructure,"Census Tract 176.02, San Francisco County, California",3499.0,832.0,0.4997,55714.0,3499.0,681.0,403.0,06,075,017602,2020,0.23778222349242642,0.1946270362960846,0.460196289218162,-0.4759264019114282,-0.9426028666584242,-1.325136178509278,-0.6655556549993215,0.06463852717342677,-0.22788295526070595
06075017602,8187.75,Commercial,"Census Tract 176.02, San Francisco County, California",3499.0,832.0,0.4997,55714.0,3499.0,681.0,403.0,06,075,017602,2020,0.23778222349242642,0.1946270362960846,0.025212662870211424,-0.23833318830354566,-0.5970773356473118,-0.38480459326680094,-1.1316451467679711,-0.007430130408240181,-0.30822080749174896
06075017602,26751.0,Public Services,"Census Tract 176.02, San Francisco County, California",3499.0,832.0,0.4997,55714.0,3499.0,681.0,403.0,06,075,017602,2020,0.23778222349242642,0.1946270362960846,-0.23991020333489993,-0.4604663015895162,-0.8064117244069525,-1.0816378630564716,-0.8985522563482474,-0.3496041936471248,-0.520790335234426
06075025900,12570.0,Infrastructure,"Census Tract 259, San Francisco County, California",4800.0,1106.0,0.4886,118629.0,4800.0,498.0,427.0,06,075,025900,2020,0.23041666666666666,0.10375,-0.29974389825770453,-0.2861673543679758,-0.5371253595425857,-0.6096685812614013,-0.5937763668089522,0.9448316527317747,-0.1440006301019535
06075025900,30300.0,Public Services,"Census Tract 259, San Francisco County, California",4800.0,1106.0,0.4886,118629.0,4800.0,498.0,427.0,06,075,025900,2020,0.23041666666666666,0.10375,-0.19771448900997268,-0.26886949382309144,-0.48741481267740755,-0.39456701431638036,-0.8318391130319974,0.5479958858177241,-0.20766203318514043
06075025900,50400.0,Public Services,"Census Tract 259, San Francisco County, California",4800.0,1106.0,0.4886,118629.0,4800.0,498.0,427.0,06,075,025900,2020,0.23041666666666666,0.10375,0.04126377470685965,-0.26886949382309144,-0.48741481267740755,-0.39456701431638036,-0.8318391130319974,0.5479958858177241,-0.13596855407009073
06075025900,12570.0,Infrastructure,"Census Tract 259, San Francisco County, California",4800.0,1106.0,0.4886,118629.0,4800.0,498.0,427.0,06,075,025900,2020,0.23041666666666666,0.10375,-0.29974389825770453,-0.2861673543679758,-0.5371253595425857,-0.6096685812614013,-0.5937763668089522,0.9448316527317747,-0.1440006301019535
06075013001,56200.0,Public Services,"Census Tract 130.01, San Francisco County, California",1972.0,1728.0,0.3729,168005.0,1972.0,115.0,452.0,06,075,013001,2020,0.8762677484787018,0.05831643002028398,0.11022267667490082,1.7282251601026148,0.2367314613947711,1.0434009368718982,-0.7623462554109036,-1.4031286527884193,-0.014997325798646322
06075013001,7432.0,Public Services,"Census Tract 130.01, San Francisco County, California",1972.0,1728.0,0.3729,168005.0,1972.0,115.0,452.0,06,075,013001,2020,0.8762677484787018,0.05831643002028398,-0.46960279421775986,1.7282251601026148,0.2367314613947711,1.0434009368718982,-0.7623462554109036,-1.4031286527884193,-0.18894496706644456
06075023001,1200.0,Recreational,"Census Tract 230.01, San Francisco County, California",5125.0,529.0,0.4537,77462.0,5118.0,717.0,762.0,06,075,023001,2020,0.10321951219512195,0.14009378663540445,-0.19771868009227253,0.5421078032224974,-1.022991217321476,-1.7303245818046662,0.41001458729619106,1.0021726398690622,0.043972370835479224
06075023001,50400.0,Public Services,"Census Tract 230.01, San Francisco County, California",5125.0,529.0,0.4537,77462.0,5118.0,717.0,762.0,06,075,023001,2020,0.10321951219512195,0.14009378663540445,0.04126377470685965,0.3335384873524241,-1.1591710829983837,-1.2167993414971454,0.09936517909065895,0.7722234229630552,-0.002956262553483413
06075023001,149796.0,Public Services,"Census Tract 230.01, San Francisco County, California",5125.0,529.0,0.4537,77462.0,5118.0,717.0,762.0,06,075,023001,2020,0.10321951219512195,0.14009378663540445,1.2230291229853805,0.3335384873524241,-1.1591710829983837,-1.2167993414971454,0.09936517909065895,0.7722234229630552,0.35157334193007284
06075023001,6600.0,Recreational,"Census Tract 230.01, San Francisco County, California",5125.0,529.0,0.4537,77462.0,5118.0,717.0,762.0,06,075,023001,2020,0.10321951219512195,0.14009378663540445,-0.016943517847338302,0.5421078032224974,-1.022991217321476,-1.7303245818046662,0.41001458729619106,1.0021726398690622,0.0982049195089595
06075023001,1242.0,Recreational,"Census Tract 230.01, San Francisco County, California",5125.0,529.0,0.4537,77462.0,5118.0,717.0,762.0,06,075,023001,2020,0.10321951219512195,0.14009378663540445,-0.19631265105258972,0.5421078032224974,-1.022991217321476,-1.7303245818046662,0.41001458729619106,1.0021726398690622,0.044394179547384116
06075016200,13595.0,Infrastructure,"Census Tract 162, San Francisco County, California",3430.0,1853.0,0.4401,186042.0,3430.0,267.0,942.0,06,075,016200,2020,0.5402332361516035,0.07784256559766764,-0.29012713374299104,0.5429600155290908,0.5683187930688425,0.29346264805149197,0.9464875256093883,0.017956493611915623,0.23989124113315866
06075016200,50400.0,Public Services,"Census Tract 162, San Francisco County, California",3430.0,1853.0,0.4401,186042.0,3430.0,267.0,942.0,06,075,016200,2020,0.5402332361516035,0.07784256559766764,0.04126377470685965,0.568287729300476,0.3822592495925562,0.4727191390112758,0.599713753962534,-0.39720942461028746,0.18911231436889914
06075016200,213564.0,Public Services,"Census Tract 162, San Francisco County, California",3430.0,1853.0,0.4401,186042.0,3430.0,267.0,942.0,06,075,016200,2020,0.5402332361516035,0.07784256559766764,1.9811965817264234,0.568287729300476,0.3822592495925562,0.4727191390112758,0.599713753962534,-0.39720942461028746,0.7710921564747681
06075016200,296.0,Recreational,"Census Tract 162, San Francisco County, California",3430.0,1853.0,0.4401,186042.0,3430.0,267.0,942.0,06,075,016200,2020,0.5402332361516035,0.07784256559766764,-0.22798178132735042,0.76482951612772,0.4393481342731513,0.23984135255201358,0.8881370275532846,-0.13006997296427358,0.23143074032966418
06075016200,203500.0,Recreational,"Census Tract 162, San Francisco County, California",3430.0,1853.0,0.4401,186042.0,3430.0,267.0,942.0,06,075,016200,2020,0.5402332361516035,0.07784256559766764,6.574654527713319,0.76482951612772,0.4393481342731513,0.23984135255201358,0.8881370275532846,-0.13006997296427358,2.2722216330418648
06075016200,315700.0,Recreational,"Census Tract 162, San Francisco County, California",3430.0,1853.0,0.4401,186042.0,3430.0,267.0,942.0,06,075,016200,2020,0.5402332361516035,0.07784256559766764,10.330760676580287,0.76482951612772,0.4393481342731513,0.23984135255201358,0.8881370275532846,-0.13006997296427358,3.399053477701955
06075016200,50400.0,Public Services,"Census Tract 162, San Francisco County, California",3430.0,1853.0,0.4401,186042.0,3430.0,267.0,942.0,06,075,016200,2020,0.5402332361516035,0.07784256559766764,0.04126377470685965,0.568287729300476,0.3822592495925562,0.4727191390112758,0.599713753962534,-0.39720942461028746,0.18911231436889914
06075016200,500.0,Recreational,"Census Tract 162, San Francisco County, California",3430.0,1853.0,0.4401,186042.0,3430.0,267.0,942.0,06,075,016200,2020,0.5402332361516035,0.07784256559766764,-0.22115249742031956,0.76482951612772,0.4393481342731513,0.23984135255201358,0.8881370275532846,-0.13006997296427358,0.2334795255017735
06075016200,152414.0,Infrastructure,"Census Tract 162, San Francisco County, California",3430.0,1853.0,0.4401,186042.0,3430.0,267.0,942.0,06,075,016200,2020,0.5402332361516035,0.07784256559766764,1.0123017766648255,0.5429600155290908,0.5683187930688425,0.29346264805149197,0.9464875256093883,0.017956493611915623,0.6306199142555037
06075016200,19604.5,Public Services,"Census Tract 162, San Francisco County, California",3430.0,1853.0,0.4401,186042.0,3430.0,267.0,942.0,06,075,016200,2020,0.5402332361516035,0.07784256559766764,-0.3248782710787976,0.568287729300476,0.3822592495925562,0.4727191390112758,0.599713753962534,-0.39720942461028746,0.07926970063320193
06075016200,247500.0,Recreational,"Census Tract 162, San Francisco County, California",3430.0,1853.0,0.4401,186042.0,3430.0,267.0,942.0,06,075,016200,2020,0.5402332361516035,0.07784256559766764,8.047637331190561,0.76482951612772,0.4393481342731513,0.23984135255201358,0.8881370275532846,-0.13006997296427358,2.714116474085037
06075016200,26400.0,Recreational,"Census Tract 162, San Francisco County, California",3430.0,1853.0,0.4401,186042.0,3430.0,267.0,942.0,06,075,016200,2020,0.5402332361516035,0.07784256559766764,0.6458987437174206,0.76482951612772,0.4393481342731513,0.23984135255201358,0.8881370275532846,-0.13006997296427358,0.4935948978430955
06075016200,11430.0,Infrastructure,"Census Tract 162, San Francisco County, California",3430.0,1853.0,0.4401,186042.0,3430.0,267.0,942.0,06,075,016200,2020,0.5402332361516035,0.07784256559766764,-0.31043961683992244,0.5429600155290908,0.5683187930688425,0.29346264805149197,0.9464875256093883,0.017956493611915623,0.23379749620407925
06075018000,41231.0,Infrastructure,"Census Tract 180, San Francisco County, California",3504.0,1320.0,0.4095,160469.0,3283.0,614.0,513.0,06,075,018000,2020,0.3767123287671233,0.18702406335668595,-0.030840398007750052,1.0660795520002302,-0.220438547415617,-1.0631890254185252,-0.3365672507934624,0.06802128322860874,0.027553749041143098
06075018000,50064.0,Infrastructure,"Census Tract 180, San Francisco County, California",3504.0,1320.0,0.4095,160469.0,3283.0,614.0,513.0,06,075,018000,2020,0.3767123287671233,0.18702406335668595,0.05203265658587361,1.0660795520002302,-0.220438547415617,-1.0631890254185252,-0.3365672507934624,0.06802128322860874,0.0524156654192302
06075018000,41231.0,Infrastructure,"Census Tract 180, San Francisco County, California",3504.0,1320.0,0.4095,160469.0,3283.0,614.0,513.0,06,075,018000,2020,0.3767123287671233,0.18702406335668595,-0.030840398007750052,1.0660795520002302,-0.220438547415617,-1.0631890254185252,-0.3365672507934624,0.06802128322860874,0.027553749041143098
06075018000,5920.0,Public Services,"Census Tract 180, San Francisco County, California",3504.0,1320.0,0.4095,160469.0,3283.0,614.0,513.0,06,075,018000,2020,0.3767123287671233,0.18702406335668595,-0.48757966659287677,1.0964735236835932,-0.23827123928279947,-0.8300873337363289,-0.5927836828154349,-0.34615453922950434,-0.21719638427277654
06075018000,6400.0,Public Services,"Census Tract 180, San Francisco County, California",3504.0,1320.0,0.4095,160469.0,3283.0,614.0,513.0,06,075,018000,2020,0.3767123287671233,0.18702406335668595,-0.48187272298172856,1.0964735236835932,-0.23827123928279947,-0.8300873337363289,-0.5927836828154349,-0.34615453922950434,-0.21548430118943207
06075018000,17844.0,Recreational,"Census Tract 180, San Francisco County, California",3504.0,1320.0,0.4095,160469.0,3283.0,614.0,513.0,06,075,018000,2020,0.3767123287671233,0.18702406335668595,0.35947054220489144,1.2659533701644712,-0.14934285847604528,-1.279375490163026,-0.2513881217261216,-0.08063873205001584,0.1575280002376586
06075018000,5998.0,Infrastructure,"Census Tract 180, San Francisco County, California",3504.0,1320.0,0.4095,160469.0,3283.0,614.0,513.0,06,075,018000,2020,0.3767123287671233,0.18702406335668595,-0.3614037776632626,1.0660795520002302,-0.220438547415617,-1.0631890254185252,-0.3365672507934624,0.06802128322860874,-0.07161526485551067
06075018000,50000.0,Public Services,"Census Tract 180, San Francisco County, California",3504.0,1320.0,0.4095,160469.0,3283.0,614.0,513.0,06,075,018000,2020,0.3767123287671233,0.18702406335668595,0.036507988364236126,1.0964735236835932,-0.23827123928279947,-0.8300873337363289,-0.5927836828154349,-0.34615453922950434,-0.05997008778564267
06075018000,615241.0,Infrastructure,"Census Tract 180, San Francisco County, California",3504.0,1320.0,0.4095,160469.0,3283.0,614.0,513.0,06,075,018000,2020,0.3767123287671233,0.18702406335668595,5.3546415523246305,1.0660795520002302,-0.220438547415617,-1.0631890254185252,-0.3365672507934624,0.06802128322860874,1.6431983341408571
06075018000,8000.0,Public Services,"Census Tract 180, San Francisco County, California",3504.0,1320.0,0.4095,160469.0,3283.0,614.0,513.0,06,075,018000,2020,0.3767123287671233,0.18702406335668595,-0.4628495776112344,1.0964735236835932,-0.23827123928279947,-0.8300873337363289,-0.5927836828154349,-0.34615453922950434,-0.2097773575782838
06075018000,18070.0,Public Services,"Census Tract 180, San Francisco County, California",3504.0,1320.0,0.4095,160469.0,3283.0,614.0,513.0,06,075,018000,2020,0.3767123287671233,0.18702406335668595,-0.34312265643568707,1.0964735236835932,-0.23827123928279947,-0.8300873337363289,-0.5927836828154349,-0.34615453922950434,-0.1738592812256196
06075010102,330.0,Public Services,"Census Tract 101.02, San Francisco County, California",1920.0,521.0,0.5303,-666666666.0,1920.0,359.0,359.0,06,075,010102,2020,0.2713541666666667,0.18697916666666667,-0.5540417807310406,-0.9886520959726334,-1.1684848614430419,0.1273064718851097,-1.0208596857613725,-1.4390050587316723,-0.9243477188479483
06075012700,46500.0,Recreational,"Census Tract 127, San Francisco County, California",3970.0,3115.0,0.4706,205750.0,3970.0,258.0,677.0,06,075,012700,2020,0.7846347607052897,0.06498740554156171,1.3187840698513424,0.26534332174468356,1.833209359131474,0.27924467123914715,0.1842345460636747,0.23064448776139096,0.798144436110613
06075012700,500.0,Recreational,"Census Tract 127, San Francisco County, California",3970.0,3115.0,0.4706,205750.0,3970.0,258.0,677.0,06,075,012700,2020,0.7846347607052897,0.06498740554156171,-0.22115249742031956,0.26534332174468356,1.833209359131474,0.27924467123914715,0.1842345460636747,0.23064448776139096,0.3361634659291145
06075012700,500.0,Recreational,"Census Tract 127, San Francisco County, California",3970.0,3115.0,0.4706,205750.0,3970.0,258.0,677.0,06,075,012700,2020,0.7846347607052897,0.06498740554156171,-0.22115249742031956,0.26534332174468356,1.833209359131474,0.27924467123914715,0.1842345460636747,0.23064448776139096,0.3361634659291145
06075012700,500.0,Recreational,"Census Tract 127, San Francisco County, California",3970.0,3115.0,0.4706,205750.0,3970.0,258.0,677.0,06,075,012700,2020,0.7846347607052897,0.06498740554156171,-0.22115249742031956,0.26534332174468356,1.833209359131474,0.27924467123914715,0.1842345460636747,0.23064448776139096,0.3361634659291145
06075012700,34000.0,Public Services,"Census Tract 127, San Francisco County, California",3970.0,3115.0,0.4706,205750.0,3970.0,258.0,677.0,06,075,012700,2020,0.7846347607052897,0.06498740554156171,-0.15372346534070502,0.041828032284623735,1.8515077992373945,0.5065095086214443,-0.13691053682105983,-0.02464674750727562,0.23774288053254933
06075012700,500.0,Recreational,"Census Tract 127, San Francisco County, California",3970.0,3115.0,0.4706,205750.0,3970.0,258.0,677.0,06,075,012700,2020,0.7846347607052897,0.06498740554156171,-0.22115249742031956,0.26534332174468356,1.833209359131474,0.27924467123914715,0.1842345460636747,0.23064448776139096,0.3361634659291145
06075012700,1500.0,Recreational,"Census Tract 127, San Francisco County, California",3970.0,3115.0,0.4706,205750.0,3970.0,258.0,677.0,06,075,012700,2020,0.7846347607052897,0.06498740554156171,-0.18767561552310952,0.26534332174468356,1.833209359131474,0.27924467123914715,0.1842345460636747,0.23064448776139096,0.34620653049827754
06075012700,500.0,Recreational,"Census Tract 127, San Francisco County, California",3970.0,3115.0,0.4706,205750.0,3970.0,258.0,677.0,06,075,012700,2020,0.7846347607052897,0.06498740554156171,-0.22115249742031956,0.26534332174468356,1.833209359131474,0.27924467123914715,0.1842345460636747,0.23064448776139096,0.3361634659291145
06075012700,28300.0,Recreational,"Census Tract 127, San Francisco County, California",3970.0,3115.0,0.4706,205750.0,3970.0,258.0,677.0,06,075,012700,2020,0.7846347607052897,0.06498740554156171,0.7095048193221197,0.26534332174468356,1.833209359131474,0.27924467123914715,0.1842345460636747,0.23064448776139096,0.6153606609518463
06075012700,1500.0,Recreational,"Census Tract 127, San Francisco County, California",3970.0,3115.0,0.4706,205750.0,3970.0,258.0,677.0,06,075,012700,2020,0.7846347607052897,0.06498740554156171,-0.18767561552310952,0.26534332174468356,1.833209359131474,0.27924467123914715,0.1842345460636747,0.23064448776139096,0.34620653049827754
06075012700,1000.0,Recreational,"Census Tract 127, San Francisco County, California",3970.0,3115.0,0.4706,205750.0,3970.0,258.0,677.0,06,075,012700,2020,0.7846347607052897,0.06498740554156171,-0.20441405647171454,0.26534332174468356,1.833209359131474,0.27924467123914715,0.1842345460636747,0.23064448776139096,0.3411849982136961
06075060701,8000.0,Infrastructure,"Census Tract 607.01, San Francisco County, California",6889.0,2767.0,0.5181,162453.0,6797.0,609.0,1291.0,06,075,060701,2020,0.401654812019161,0.08959835221421215,-0.3426205946794027,-0.7904819401816561,1.9208970467326247,-1.0436407304117528,1.9902780080443414,2.358147132586801,0.7847651787822483
06075060701,8000.0,Infrastructure,"Census Tract 607.01, San Francisco County, California",6889.0,2767.0,0.5181,162453.0,6797.0,609.0,1291.0,06,075,060701,2020,0.401654812019161,0.08959835221421215,-0.3426205946794027,-0.7904819401816561,1.9208970467326247,-1.0436407304117528,1.9902780080443414,2.358147132586801,0.7847651787822483
06075060701,8000.0,Infrastructure,"Census Tract 607.01, San Francisco County, California",6889.0,2767.0,0.5181,162453.0,6797.0,609.0,1291.0,06,075,060701,2020,0.401654812019161,0.08959835221421215,-0.3426205946794027,-0.7904819401816561,1.9208970467326247,-1.0436407304117528,1.9902780080443414,2.358147132586801,0.7847651787822483
06075060701,798.0,Infrastructure,"Census Tract 607.01, San Francisco County, California",6889.0,2767.0,0.5181,162453.0,6797.0,609.0,1291.0,06,075,060701,2020,0.401654812019161,0.08959835221421215,-0.4101912659330286,-0.7904819401816561,1.9208970467326247,-1.0436407304117528,1.9902780080443414,2.358147132586801,0.7644939774061604
06075060701,8000.0,Infrastructure,"Census Tract 607.01, San Francisco County, California",6889.0,2767.0,0.5181,162453.0,6797.0,609.0,1291.0,06,075,060701,2020,0.401654812019161,0.08959835221421215,-0.3426205946794027,-0.7904819401816561,1.9208970467326247,-1.0436407304117528,1.9902780080443414,2.358147132586801,0.7847651787822483
06075060701,14793.0,Infrastructure,"Census Tract 607.01, San Francisco County, California",6889.0,2767.0,0.5181,162453.0,6797.0,609.0,1291.0,06,075,060701,2020,0.401654812019161,0.08959835221421215,-0.27888724702237955,-0.7904819401816561,1.9208970467326247,-1.0436407304117528,1.9902780080443414,2.358147132586801,0.8038851830793552
06075060701,8000.0,Infrastructure,"Census Tract 607.01, San Francisco County, California",6889.0,2767.0,0.5181,162453.0,6797.0,609.0,1291.0,06,075,060701,2020,0.401654812019161,0.08959835221421215,-0.3426205946794027,-0.7904819401816561,1.9208970467326247,-1.0436407304117528,1.9902780080443414,2.358147132586801,0.7847651787822483
06075060701,8000.0,Infrastructure,"Census Tract 607.01, San Francisco County, California",6889.0,2767.0,0.5181,162453.0,6797.0,609.0,1291.0,06,075,060701,2020,0.401654812019161,0.08959835221421215,-0.3426205946794027,-0.7904819401816561,1.9208970467326247,-1.0436407304117528,1.9902780080443414,2.358147132586801,0.7847651787822483
06075060701,1500.0,Infrastructure,"Census Tract 607.01, San Francisco County, California",6889.0,2767.0,0.5181,162453.0,6797.0,609.0,1291.0,06,075,060701,2020,0.401654812019161,0.08959835221421215,-0.4036049550166102,-0.7904819401816561,1.9208970467326247,-1.0436407304117528,1.9902780080443414,2.358147132586801,0.766469870681086
06075060701,8000.0,Infrastructure,"Census Tract 607.01, San Francisco County, California",6889.0,2767.0,0.5181,162453.0,6797.0,609.0,1291.0,06,075,060701,2020,0.401654812019161,0.08959835221421215,-0.3426205946794027,-0.7904819401816561,1.9208970467326247,-1.0436407304117528,1.9902780080443414,2.358147132586801,0.7847651787822483
06075060701,185855.0,Public Services,"Census Tract 607.01, San Francisco County, California",6889.0,2767.0,0.5181,162453.0,6797.0,609.0,1291.0,06,075,060701,2020,0.401654812019161,0.08959835221421215,1.651751372307035,-0.7780682171662928,1.4463584368947608,-0.8113149061751243,1.569834046353003,1.9892615014995605,1.188530606595487
06075060701,3344.0,Infrastructure,"Census Tract 607.01, San Francisco County, California",6889.0,2767.0,0.5181,162453.0,6797.0,609.0,1291.0,06,075,060701,2020,0.401654812019161,0.08959835221421215,-0.38630416109940857,-0.7904819401816561,1.9208970467326247,-1.0436407304117528,1.9902780080443414,2.358147132586801,0.7716601088562465
06075060701,10550.0,Public Services,"Census Tract 607.01, San Francisco County, California",6889.0,2767.0,0.5181,162453.0,6797.0,609.0,1291.0,06,075,060701,2020,0.401654812019161,0.08959835221421215,-0.4325314396770094,-0.7780682171662928,1.4463584368947608,-0.8113149061751243,1.569834046353003,1.9892615014995605,0.5632457630002737
06075060701,8000.0,Infrastructure,"Census Tract 607.01, San Francisco County, California",6889.0,2767.0,0.5181,162453.0,6797.0,609.0,1291.0,06,075,060701,2020,0.401654812019161,0.08959835221421215,-0.3426205946794027,-0.7904819401816561,1.9208970467326247,-1.0436407304117528,1.9902780080443414,2.358147132586801,0.7847651787822483
06075060701,8000.0,Infrastructure,"Census Tract 607.01, San Francisco County, California",6889.0,2767.0,0.5181,162453.0,6797.0,609.0,1291.0,06,075,060701,2020,0.401654812019161,0.08959835221421215,-0.3426205946794027,-0.7904819401816561,1.9208970467326247,-1.0436407304117528,1.9902780080443414,2.358147132586801,0.7847651787822483
06075060701,3990.0,Infrastructure,"Census Tract 607.01, San Francisco County, California",6889.0,2767.0,0.5181,162453.0,6797.0,609.0,1291.0,06,075,060701,2020,0.401654812019161,0.08959835221421215,-0.38024325390281843,-0.7904819401816561,1.9208970467326247,-1.0436407304117528,1.9902780080443414,2.358147132586801,0.7734783810152235
06075060701,8000.0,Infrastructure,"Census Tract 607.01, San Francisco County, California",6889.0,2767.0,0.5181,162453.0,6797.0,609.0,1291.0,06,075,060701,2020,0.401654812019161,0.08959835221421215,-0.3426205946794027,-0.7904819401816561,1.9208970467326247,-1.0436407304117528,1.9902780080443414,2.358147132586801,0.7847651787822483
06075060701,1104.0,Infrastructure,"Census Tract 607.01, San Francisco County, California",6889.0,2767.0,0.5181,162453.0,6797.0,609.0,1291.0,06,075,060701,2020,0.401654812019161,0.08959835221421215,-0.40732030989253853,-0.7904819401816561,1.9208970467326247,-1.0436407304117528,1.9902780080443414,2.358147132586801,0.7653552642183075
06075060701,12570.0,Infrastructure,"Census Tract 607.01, San Francisco County, California",6889.0,2767.0,0.5181,162453.0,6797.0,609.0,1291.0,06,075,060701,2020,0.401654812019161,0.08959835221421215,-0.29974389825770453,-0.7904819401816561,1.9208970467326247,-1.0436407304117528,1.9902780080443414,2.358147132586801,0.7976281877087577
06075060701,104826.0,Infrastructure,"Census Tract 607.01, San Francisco County, California",6889.0,2767.0,0.5181,162453.0,6797.0,609.0,1291.0,06,075,060701,2020,0.401654812019161,0.08959835221421215,0.5658212013222055,-0.7904819401816561,1.9208970467326247,-1.0436407304117528,1.9902780080443414,2.358147132586801,1.0572977175827307
06075060701,12570.0,Infrastructure,"Census Tract 607.01, San Francisco County, California",6889.0,2767.0,0.5181,162453.0,6797.0,609.0,1291.0,06,075,060701,2020,0.401654812019161,0.08959835221421215,-0.29974389825770453,-0.7904819401816561,1.9208970467326247,-1.0436407304117528,1.9902780080443414,2.358147132586801,0.7976281877087577
06075060701,12570.0,Infrastructure,"Census Tract 607.01, San Francisco County, California",6889.0,2767.0,0.5181,162453.0,6797.0,609.0,1291.0,06,075,060701,2020,0.401654812019161,0.08959835221421215,-0.29974389825770453,-0.7904819401816561,1.9208970467326247,-1.0436407304117528,1.9902780080443414,2.358147132586801,0.7976281877087577
06075060701,266.0,Infrastructure,"Census Tract 607.01, San Francisco County, California",6889.0,2767.0,0.5181,162453.0,6797.0,609.0,1291.0,06,075,060701,2020,0.401654812019161,0.08959835221421215,-0.415182601271397,-0.7904819401816561,1.9208970467326247,-1.0436407304117528,1.9902780080443414,2.358147132586801,0.7629965768046499
06075060701,60000.0,Public Services,"Census Tract 607.01, San Francisco County, California",6889.0,2767.0,0.5181,162453.0,6797.0,609.0,1291.0,06,075,060701,2020,0.401654812019161,0.08959835221421215,0.15540264692982433,-0.7780682171662928,1.4463584368947608,-0.8113149061751243,1.569834046353003,1.9892615014995605,0.7396259889823238
06075060701,1251.0,Public Services,"Census Tract 607.01, San Francisco County, California",6889.0,2767.0,0.5181,162453.0,6797.0,609.0,1291.0,06,075,060701,2020,0.401654812019161,0.08959835221421215,-0.54309158267715,-0.7780682171662928,1.4463584368947608,-0.8113149061751243,1.569834046353003,1.9892615014995605,0.5300777201002316
06075060701,8000.0,Infrastructure,"Census Tract 607.01, San Francisco County, California",6889.0,2767.0,0.5181,162453.0,6797.0,609.0,1291.0,06,075,060701,2020,0.401654812019161,0.08959835221421215,-0.3426205946794027,-0.7904819401816561,1.9208970467326247,-1.0436407304117528,1.9902780080443414,2.358147132586801,0.7847651787822483
06075060701,8000.0,Infrastructure,"Census Tract 607.01, San Francisco County, California",6889.0,2767.0,0.5181,162453.0,6797.0,609.0,1291.0,06,075,060701,2020,0.401654812019161,0.08959835221421215,-0.3426205946794027,-0.7904819401816561,1.9208970467326247,-1.0436407304117528,1.9902780080443414,2.358147132586801,0.7847651787822483
06075060701,8000.0,Infrastructure,"Census Tract 607.01, San Francisco County, California",6889.0,2767.0,0.5181,162453.0,6797.0,609.0,1291.0,06,075,060701,2020,0.401654812019161,0.08959835221421215,-0.3426205946794027,-0.7904819401816561,1.9208970467326247,-1.0436407304117528,1.9902780080443414,2.358147132586801,0.7847651787822483
06075060701,58308.0,Infrastructure,"Census Tract 607.01, San Francisco County, California",6889.0,2767.0,0.5181,162453.0,6797.0,609.0,1291.0,06,075,060701,2020,0.401654812019161,0.08959835221421215,0.129379589912018,-0.7904819401816561,1.9208970467326247,-1.0436407304117528,1.9902780080443414,2.358147132586801,0.9263652341596744
06075060701,8000.0,Infrastructure,"Census Tract 607.01, San Francisco County, California",6889.0,2767.0,0.5181,162453.0,6797.0,609.0,1291.0,06,075,060701,2020,0.401654812019161,0.08959835221421215,-0.3426205946794027,-0.7904819401816561,1.9208970467326247,-1.0436407304117528,1.9902780080443414,2.358147132586801,0.7847651787822483
06075060701,91179.0,Infrastructure,"Census Tract 607.01, San Francisco County, California",6889.0,2767.0,0.5181,162453.0,6797.0,609.0,1291.0,06,075,060701,2020,0.401654812019161,0.08959835221421215,0.43778219124191764,-0.7904819401816561,1.9208970467326247,-1.0436407304117528,1.9902780080443414,2.358147132586801,1.0188860145586442
06075060701,10550.0,Public Services,"Census Tract 607.01, San Francisco County, California",6889.0,2767.0,0.5181,162453.0,6797.0,609.0,1291.0,06,075,060701,2020,0.401654812019161,0.08959835221421215,-0.4325314396770094,-0.7780682171662928,1.4463584368947608,-0.8113149061751243,1.569834046353003,1.9892615014995605,0.5632457630002737
06075060701,8000.0,Infrastructure,"Census Tract 607.01, San Francisco County, California",6889.0,2767.0,0.5181,162453.0,6797.0,609.0,1291.0,06,075,060701,2020,0.401654812019161,0.08959835221421215,-0.3426205946794027,-0.7904819401816561,1.9208970467326247,-1.0436407304117528,1.9902780080443414,2.358147132586801,0.7847651787822483
06075060701,24636.0,Infrastructure,"Census Tract 607.01, San Francisco County, California",6889.0,2767.0,0.5181,162453.0,6797.0,609.0,1291.0,06,075,060701,2020,0.401654812019161,0.08959835221421215,-0.1865381610532821,-0.7904819401816561,1.9208970467326247,-1.0436407304117528,1.9902780080443414,2.358147132586801,0.8315899088700844
06075022903,32500.0,Public Services,"Census Tract 229.03, San Francisco County, California",3216.0,1449.0,0.4167,146250.0,3193.0,197.0,701.0,06,075,022903,2020,0.4505597014925373,0.061697463200751645,-0.17155766412554327,0.9721945132405062,-0.08808656186268525,0.7355331248681414,-0.07019739350480982,-0.544854633684444,-0.0015749860501930446
06075022903,500.0,Recreational,"Census Tract 229.03, San Francisco County, California",3216.0,1449.0,0.4167,146250.0,3193.0,197.0,701.0,06,075,022903,2020,0.4505597014925373,0.061697463200751645,-0.22115249742031956,1.1480418750969998,-0.0068641754279282945,0.5463116090074971,0.2479842047646205,-0.2730197777703703,0.11474016133525873
06075022903,95.0,Public Services,"Census Tract 229.03, San Francisco County, California",3216.0,1449.0,0.4167,146250.0,3193.0,197.0,701.0,06,075,022903,2020,0.4505597014925373,0.061697463200751645,-0.5568358052073319,0.9721945132405062,-0.08808656186268525,0.7355331248681414,-0.07019739350480982,-0.544854633684444,-0.11715842837472963
06075022903,60000.0,Public Services,"Census Tract 229.03, San Francisco County, California",3216.0,1449.0,0.4167,146250.0,3193.0,197.0,701.0,06,075,022903,2020,0.4505597014925373,0.061697463200751645,0.15540264692982433,0.9721945132405062,-0.08808656186268525,0.7355331248681414,-0.07019739350480982,-0.544854633684444,0.09651310726641721
06075022903,480000.0,Public Services,"Census Tract 229.03, San Francisco County, California",3216.0,1449.0,0.4167,146250.0,3193.0,197.0,701.0,06,075,022903,2020,0.4505597014925373,0.061697463200751645,5.14897830668453,0.9721945132405062,-0.08808656186268525,0.7355331248681414,-0.07019739350480982,-0.544854633684444,1.594585805192829
06075022903,2730.0,Recreational,"Census Tract 229.03, San Francisco County, California",3216.0,1449.0,0.4167,146250.0,3193.0,197.0,701.0,06,075,022903,2020,0.4505597014925373,0.061697463200751645,-0.14649905078954117,1.1480418750969998,-0.0068641754279282945,0.5463116090074971,0.2479842047646205,-0.2730197777703703,0.13713619532449228
06075022903,7000.0,Public Services,"Census Tract 229.03, San Francisco County, California",3216.0,1449.0,0.4167,146250.0,3193.0,197.0,701.0,06,075,022903,2020,0.4505597014925373,0.061697463200751645,-0.4747390434677932,0.9721945132405062,-0.08808656186268525,0.7355331248681414,-0.07019739350480982,-0.544854633684444,-0.09252939985286802
06075022903,296.0,Recreational,"Census Tract 229.03, San Francisco County, California",3216.0,1449.0,0.4167,146250.0,3193.0,197.0,701.0,06,075,022903,2020,0.4505597014925373,0.061697463200751645,-0.22798178132735042,1.1480418750969998,-0.0068641754279282945,0.5463116090074971,0.2479842047646205,-0.2730197777703703,0.11269137616314946
06075031100,1536.0,Recreational,"Census Tract 311, San Francisco County, California",6530.0,2708.0,0.3977,165020.0,6530.0,24.0,1241.0,06,075,031100,2020,0.41470137825421133,0.003675344563552833,-0.18647044777480995,1.4591972093028258,1.3836835916850894,1.3037309571046207,1.682351525535901,1.9406982274978748,1.0761699080009353
06075031100,45200.0,Public Services,"Census Tract 311, San Francisco County, California",6530.0,2708.0,0.3977,165020.0,6530.0,24.0,1241.0,06,075,031100,2020,0.41470137825421133,0.003675344563552833,-0.020561447747246223,1.3001530130208732,1.3776693208654063,1.3850591184858232,1.4308483311108153,1.74157631431441,1.0277003842125634
06075031100,30900.0,Public Services,"Census Tract 311, San Francisco County, California",6530.0,2708.0,0.3977,165020.0,6530.0,24.0,1241.0,06,075,031100,2020,0.41470137825421133,0.003675344563552833,-0.1905808094960374,1.3001530130208732,1.3776693208654063,1.3850591184858232,1.4308483311108153,1.74157631431441,0.9766945756879262
06075010300,4536.0,Recreational,"Census Tract 103, San Francisco County, California",4282.0,2690.0,0.4525,133708.0,4282.0,225.0,720.0,06,075,010300,2020,0.6282111163007941,0.05254553946753853,-0.08603980208317982,0.5617597190670756,1.3638028452132591,0.42372350642530365,0.29845268456953594,0.4390572872917749,0.4167879794821468
06075010300,629.0,Recreational,"Census Tract 103, San Francisco County, California",4282.0,2690.0,0.4525,133708.0,4282.0,225.0,720.0,06,075,010300,2020,0.6282111163007941,0.05254553946753853,-0.21683397965557946,0.5617597190670756,1.3638028452132591,0.42372350642530365,0.29845268456953594,0.4390572872917749,0.37754972621042693
06075010300,6400.0,Public Services,"Census Tract 103, San Francisco County, California",4282.0,2690.0,0.4525,133708.0,4282.0,225.0,720.0,06,075,010300,2020,0.6282111163007941,0.05254553946753853,-0.48187272298172856,0.35425165575960477,1.3567133193649252,0.6304075305253951,-0.01738282171277856,0.19061168815224233,0.1791182202739624
06075010300,50400.0,Public Services,"Census Tract 103, San Francisco County, California",4282.0,2690.0,0.4525,133708.0,4282.0,225.0,720.0,06,075,010300,2020,0.6282111163007941,0.05254553946753853,0.04126377470685965,0.35425165575960477,1.3567133193649252,0.6304075305253951,-0.01738282171277856,0.19061168815224233,0.3360591695805389
06075010300,50400.0,Public Services,"Census Tract 103, San Francisco County, California",4282.0,2690.0,0.4525,133708.0,4282.0,225.0,720.0,06,075,010300,2020,0.6282111163007941,0.05254553946753853,0.04126377470685965,0.35425165575960477,1.3567133193649252,0.6304075305253951,-0.01738282171277856,0.19061168815224233,0.3360591695805389
06075010300,296.0,Recreational,"Census Tract 103, San Francisco County, California",4282.0,2690.0,0.4525,133708.0,4282.0,225.0,720.0,06,075,010300,2020,0.6282111163007941,0.05254553946753853,-0.22798178132735042,0.5617597190670756,1.3638028452132591,0.42372350642530365,0.29845268456953594,0.4390572872917749,0.3742053857088956
06075022704,6950.0,Public Services,"Census Tract 227.04, San Francisco County, California",3421.0,2001.0,0.4607,235139.0,3414.0,189.0,375.0,06,075,022704,2020,0.5849166910260157,0.05536028119507909,-0.4753335167606212,0.21271167164386778,0.5545641508187338,0.7655690089660688,-0.9763842568838724,-0.4034188025620043,-0.2163716302554744
06075022704,500.0,Recreational,"Census Tract 227.04, San Francisco County, California",3421.0,2001.0,0.4607,235139.0,3414.0,189.0,375.0,06,075,022704,2020,0.5849166910260157,0.05536028119507909,-0.22115249742031956,0.4274716274624562,0.6028120497082002,0.581336781173838,-0.61794865925656,-0.13608188064303467,-0.002645033608896414
06075022704,1200.0,Recreational,"Census Tract 227.04, San Francisco County, California",3421.0,2001.0,0.4607,235139.0,3414.0,189.0,375.0,06,075,022704,2020,0.5849166910260157,0.05536028119507909,-0.19771868009227253,0.4274716274624562,0.6028120497082002,0.581336781173838,-0.61794865925656,-0.13608188064303467,0.004385111589517692
06075022704,108400.0,Public Services,"Census Tract 227.04, San Francisco County, California",3421.0,2001.0,0.4607,235139.0,3414.0,189.0,375.0,06,075,022704,2020,0.5849166910260157,0.05536028119507909,0.7308527943872714,0.21271167164386778,0.5545641508187338,0.7655690089660688,-0.9763842568838724,-0.4034188025620043,0.1454842630888933
06075022704,5040.0,Recreational,"Census Tract 227.04, San Francisco County, California",3421.0,2001.0,0.4607,235139.0,3414.0,189.0,375.0,06,075,022704,2020,0.5849166910260157,0.05536028119507909,-0.06916745360698597,0.4274716274624562,0.6028120497082002,0.581336781173838,-0.61794865925656,-0.13608188064303467,0.042950479535103656
06075022704,58760.0,Public Services,"Census Tract 227.04, San Francisco County, California",3421.0,2001.0,0.4607,235139.0,3414.0,189.0,375.0,06,075,022704,2020,0.5849166910260157,0.05536028119507909,0.14065970926769142,0.21271167164386778,0.5545641508187338,0.7655690089660688,-0.9763842568838724,-0.4034188025620043,-0.03157366244698062
06075030900,59200.0,Public Services,"Census Tract 309, San Francisco County, California",6803.0,2740.0,0.48,183421.0,6777.0,245.0,815.0,06,075,030900,2020,0.4027634866970454,0.036151689538143725,0.14589107424457728,-0.12042512023829392,1.4149244346440393,0.5553178202805764,0.24669003724737773,1.9299274455164883,0.6886971051386681
06075030900,1200.0,Recreational,"Census Tract 309, San Francisco County, California",6803.0,2740.0,0.48,183421.0,6777.0,245.0,815.0,06,075,030900,2020,0.4027634866970454,0.036151689538143725,-0.19771868009227253,0.11140331429548614,1.4190271409683433,0.33616057600945126,0.550795083594113,2.1230594270869605,0.6942881410188743
06075030900,50400.0,Public Services,"Census Tract 309, San Francisco County, California",6803.0,2740.0,0.48,183421.0,6777.0,245.0,815.0,06,075,030900,2020,0.4027634866970454,0.036151689538143725,0.04126377470685965,-0.12042512023829392,1.4149244346440393,0.5553178202805764,0.24669003724737773,1.9299274455164883,0.6573089152773528
06075030900,5920.0,Public Services,"Census Tract 309, San Francisco County, California",6803.0,2740.0,0.48,183421.0,6777.0,245.0,815.0,06,075,030900,2020,0.4027634866970454,0.036151689538143725,-0.48757966659287677,-0.12042512023829392,1.4149244346440393,0.5553178202805764,0.24669003724737773,1.9299274455164883,0.4986558828874319
06075030900,7640.0,Public Services,"Census Tract 309, San Francisco County, California",6803.0,2740.0,0.48,183421.0,6777.0,245.0,815.0,06,075,030900,2020,0.4027634866970454,0.036151689538143725,-0.4671297853195956,-0.12042512023829392,1.4149244346440393,0.5553178202805764,0.24669003724737773,1.9299274455164883,0.5047908472694163
06075030900,1578.0,Recreational,"Census Tract 309, San Francisco County, California",6803.0,2740.0,0.48,183421.0,6777.0,245.0,815.0,06,075,030900,2020,0.4027634866970454,0.036151689538143725,-0.18506441873512713,0.11140331429548614,1.4190271409683433,0.33616057600945126,0.550795083594113,2.1230594270869605,0.6980844194260178
06075030900,5832.0,Public Services,"Census Tract 309, San Francisco County, California",6803.0,2740.0,0.48,183421.0,6777.0,245.0,815.0,06,075,030900,2020,0.4027634866970454,0.036151689538143725,-0.48862593958825395,-0.12042512023829392,1.4149244346440393,0.5553178202805764,0.24669003724737773,1.9299274455164883,0.49834200098881876
06075030900,500.0,Recreational,"Census Tract 309, San Francisco County, California",6803.0,2740.0,0.48,183421.0,6777.0,245.0,815.0,06,075,030900,2020,0.4027634866970454,0.036151689538143725,-0.22115249742031956,0.11140331429548614,1.4190271409683433,0.33616057600945126,0.550795083594113,2.1230594270869605,0.6872579958204602
06075023400,14604.0,Public Services,"Census Tract 234, San Francisco County, California",3873.0,351.0,0.5103,69063.0,3821.0,722.0,543.0,06,075,023400,2020,0.0906274206041828,0.18895577074064382,-0.38433154509451994,-0.6434326225196155,-1.3664026533920295,-1.23557176905835,-0.5093922536701224,-0.09157004320911293,-0.5732761900603611
06075023400,500.0,Recreational,"Census Tract 234, San Francisco County, California",3873.0,351.0,0.5103,69063.0,3821.0,722.0,543.0,06,075,023400,2020,0.0906274206041828,0.18895577074064382,-0.22115249742031956,-0.3848075607801201,-1.2195897102095752,-1.7522153144086292,-0.17170104834993935,0.16584948277918826,-0.3872013662916349
06075023400,79000.0,Public Services,"Census Tract 234, San Francisco County, California",3873.0,351.0,0.5103,69063.0,3821.0,722.0,543.0,06,075,023400,2020,0.0906274206041828,0.18895577074064382,0.38130249820444195,-0.6434326225196155,-1.3664026533920295,-1.23557176905835,-0.5093922536701224,-0.09157004320911293,-0.3435859770706726
06075023400,500.0,Recreational,"Census Tract 234, San Francisco County, California",3873.0,351.0,0.5103,69063.0,3821.0,722.0,543.0,06,075,023400,2020,0.0906274206041828,0.18895577074064382,-0.22115249742031956,-0.3848075607801201,-1.2195897102095752,-1.7522153144086292,-0.17170104834993935,0.16584948277918826,-0.3872013662916349
06075023400,90000.0,Public Services,"Census Tract 234, San Francisco County, California",3873.0,351.0,0.5103,69063.0,3821.0,722.0,543.0,06,075,023400,2020,0.0906274206041828,0.18895577074064382,0.512086622626589,-0.6434326225196155,-1.3664026533920295,-1.23557176905835,-0.5093922536701224,-0.09157004320911293,-0.3043507397440285
06075023400,23851.0,Recreational,"Census Tract 234, San Francisco County, California",3873.0,351.0,0.5103,69063.0,3821.0,722.0,543.0,06,075,023400,2020,0.0906274206041828,0.18895577074064382,0.5605661717614322,-0.3848075607801201,-1.2195897102095752,-1.7522153144086292,-0.17170104834993935,0.16584948277918826,-0.15268576553710936
06075023400,105.0,Public Services,"Census Tract 234, San Francisco County, California",3873.0,351.0,0.5103,69063.0,3821.0,722.0,543.0,06,075,023400,2020,0.0906274206041828,0.18895577074064382,-0.5567169105487664,-0.6434326225196155,-1.3664026533920295,-1.23557176905835,-0.5093922536701224,-0.09157004320911293,-0.624991799696635
06075023400,1308.0,Recreational,"Census Tract 234, San Francisco County, California",3873.0,351.0,0.5103,69063.0,3821.0,722.0,543.0,06,075,023400,2020,0.0906274206041828,0.18895577074064382,-0.19410317684737385,-0.3848075607801201,-1.2195897102095752,-1.7522153144086292,-0.17170104834993935,0.16584948277918826,-0.37908657011975117
06075011300,17858.0,Public Services,"Census Tract 113, San Francisco County, California",2920.0,516.0,0.5984,36731.0,2879.0,660.0,290.0,06,075,011300,2020,0.17671232876712328,0.22924626606460577,-0.3456432231972775,-2.164124403080159,-1.1743059729709533,-1.002793667299412,-1.2126599727955911,-0.7490741752075764,-0.9863110376926746
06075011300,10053.0,Public Services,"Census Tract 113, San Francisco County, California",2920.0,516.0,0.5984,36731.0,2879.0,660.0,290.0,06,075,011300,2020,0.17671232876712328,0.22924626606460577,-0.4384405042077192,-2.164124403080159,-1.1743059729709533,-1.002793667299412,-1.2126599727955911,-0.7490741752075764,-1.014150221995807
06075011300,50400.0,Public Services,"Census Tract 113, San Francisco County, California",2920.0,516.0,0.5984,36731.0,2879.0,660.0,290.0,06,075,011300,2020,0.17671232876712328,0.22924626606460577,0.04126377470685965,-2.164124403080159,-1.1743059729709533,-1.002793667299412,-1.2126599727955911,-0.7490741752075764,-0.8702389383214334
06075011300,21255.0,Public Services,"Census Tract 113, San Francisco County, California",2920.0,516.0,0.5984,36731.0,2879.0,660.0,290.0,06,075,011300,2020,0.17671232876712328,0.22924626606460577,-0.30525470768254725,-2.164124403080159,-1.1743059729709533,-1.002793667299412,-1.2126599727955911,-0.7490741752075764,-0.9741944830382555
06075011300,5000.0,Recreational,"Census Tract 113, San Francisco County, California",2920.0,516.0,0.5984,36731.0,2879.0,660.0,290.0,06,075,011300,2020,0.17671232876712328,0.22924626606460577,-0.07050652888287437,-1.8275857157029236,-1.0373495342177976,-1.4807702301194867,-0.8437287004890763,-0.4707447414274012,-0.7456390110177865
06075010402,33800.0,Public Services,"Census Tract 104.02, San Francisco County, California",2238.0,1447.0,0.5458,134572.0,2238.0,164.0,301.0,06,075,010402,2020,0.6465594280607685,0.07327971403038427,-0.1561013585120168,-1.2561971878987213,-0.0904150064738498,0.8594311467720922,-1.18208311544231,-1.2196070377710098,-0.6270845542414345
06075010402,5687.0,Recreational,"Census Tract 104.02, San Francisco County, California",2238.0,1447.0,0.5458,134572.0,2238.0,164.0,301.0,06,075,010402,2020,0.6465594280607685,0.07327971403038427,-0.04750791101949107,-0.9661767378488993,-0.009073147258131659,0.6907904441936537,-0.8145101069178096,-0.9263137455290739,-0.4334395990057055
06075025501,6400.0,Public Services,"Census Tract 255.01, San Francisco County, California",4348.0,956.0,0.4236,141912.0,4254.0,681.0,811.0,06,075,025501,2020,0.21987120515179392,0.16008462623413258,-0.48187272298172856,0.8530937948992158,-0.6620481585147496,-1.0816378630564716,0.23557118002800273,0.23614712646483266,-0.08742176229250528
06075025501,500.0,Recreational,"Census Tract 255.01, San Francisco County, California",4348.0,956.0,0.4236,141912.0,4254.0,681.0,811.0,06,075,025501,2020,0.21987120515179392,0.16008462623413258,-0.22115249742031956,1.0350433589906742,-0.5513757315730575,-1.5727113070561318,0.5401701404772887,0.4831446102693561,0.10522327265920459
06075025501,500.0,Recreational,"Census Tract 255.01, San Francisco County, California",4348.0,956.0,0.4236,141912.0,4254.0,681.0,811.0,06,075,025501,2020,0.21987120515179392,0.16008462623413258,-0.22115249742031956,1.0350433589906742,-0.5513757315730575,-1.5727113070561318,0.5401701404772887,0.4831446102693561,0.10522327265920459
06075025501,18500.0,Public Services,"Census Tract 255.01, San Francisco County, California",4348.0,956.0,0.4236,141912.0,4254.0,681.0,811.0,06,075,025501,2020,0.21987120515179392,0.16008462623413258,-0.3380101861173668,0.8530937948992158,-0.6620481585147496,-1.0816378630564716,0.23557118002800273,0.23614712646483266,-0.04426300123319679
06075025501,2281.0,Recreational,"Census Tract 255.01, San Francisco County, California",4348.0,956.0,0.4236,141912.0,4254.0,681.0,811.0,06,075,025501,2020,0.21987120515179392,0.16008462623413258,-0.16153017076138848,1.0350433589906742,-0.5513757315730575,-1.5727113070561318,0.5401701404772887,0.4831446102693561,0.12310997065688391
06075025501,19925.0,Recreational,"Census Tract 255.01, San Francisco County, California",4348.0,956.0,0.4236,141912.0,4254.0,681.0,811.0,06,075,025501,2020,0.21987120515179392,0.16008462623413258,0.4291359334329855,1.0350433589906742,-0.5513757315730575,-1.5727113070561318,0.5401701404772887,0.4831446102693561,0.3003098019151961
06075032801,2000.0,Recreational,"Census Tract 328.01, San Francisco County, California",4055.0,927.0,0.4587,104634.0,3921.0,108.0,788.0,06,075,032801,2020,0.22860665844636252,0.02754399387911247,-0.1709371745745045,0.4602248205367537,-0.5834058231110063,0.9359666493580404,0.47907671755554904,0.2874236158385789,0.1063862605104609
06075032801,330200.0,Public Services,"Census Tract 328.01, San Francisco County, California",4055.0,927.0,0.4587,104634.0,3921.0,108.0,788.0,06,075,032801,2020,0.22860665844636252,0.02754399387911247,3.367936321372018,0.2472336189891696,-0.6958106053766359,1.0696823354575846,0.17163775101659645,0.03399737759227253,1.0291236033973088
06075032801,6890.0,Public Services,"Census Tract 328.01, San Francisco County, California",4055.0,927.0,0.4587,104634.0,3921.0,108.0,788.0,06,075,032801,2020,0.22860665844636252,0.02754399387911247,-0.47604688471201473,0.2472336189891696,-0.6958106053766359,1.0696823354575846,0.17163775101659645,0.03399737759227253,-0.12407135842790118
06075032801,500.0,Recreational,"Census Tract 328.01, San Francisco County, California",4055.0,927.0,0.4587,104634.0,3921.0,108.0,788.0,06,075,032801,2020,0.22860665844636252,0.02754399387911247,-0.22115249742031956,0.4602248205367537,-0.5834058231110063,0.9359666493580404,0.47907671755554904,0.2874236158385789,0.0913216636567164
06075032801,50400.0,Public Services,"Census Tract 328.01, San Francisco County, California",4055.0,927.0,0.4587,104634.0,3921.0,108.0,788.0,06,075,032801,2020,0.22860665844636252,0.02754399387911247,0.04126377470685965,0.2472336189891696,-0.6958106053766359,1.0696823354575846,0.17163775101659645,0.03399737759227253,0.03112183939776117
06075032801,18070.0,Public Services,"Census Tract 328.01, San Francisco County, California",4055.0,927.0,0.4587,104634.0,3921.0,108.0,788.0,06,075,032801,2020,0.22860665844636252,0.02754399387911247,-0.34312265643568707,0.2472336189891696,-0.6958106053766359,1.0696823354575846,0.17163775101659645,0.03399737759227253,-0.08419408994500287
06075032801,500.0,Recreational,"Census Tract 328.01, San Francisco County, California",4055.0,927.0,0.4587,104634.0,3921.0,108.0,788.0,06,075,032801,2020,0.22860665844636252,0.02754399387911247,-0.22115249742031956,0.4602248205367537,-0.5834058231110063,0.9359666493580404,0.47907671755554904,0.2874236158385789,0.0913216636567164
06075020500,30560.0,Public Services,"Census Tract 205, San Francisco County, California",3051.0,2414.0,0.5169,196406.0,2999.0,141.0,930.0,06,075,020500,2020,0.7912159947558177,0.04701567189063021,-0.19462322788726738,-0.7573550487591122,1.0353879630242158,0.9457843135536337,0.566357182304409,-0.6586932294659198,-0.016177884096255576
06075020500,6400.0,Public Services,"Census Tract 205, San Francisco County, California",3051.0,2414.0,0.5169,196406.0,2999.0,141.0,930.0,06,075,020500,2020,0.7912159947558177,0.04701567189063021,-0.48187272298172856,-0.7573550487591122,1.0353879630242158,0.9457843135536337,0.566357182304409,-0.6586932294659198,-0.10235273262459392
06075020500,16250.0,Recreational,"Census Tract 205, San Francisco County, California",3051.0,2414.0,0.5169,196406.0,2999.0,141.0,930.0,06,075,020500,2020,0.7912159947558177,0.04701567189063021,0.3061083924607386,-0.49289309792530245,1.058964732645195,0.7914878141718839,0.8562621982028117,-0.38323808521432334,0.26810936634235677
06075020500,15942.0,Public Services,"Census Tract 205, San Francisco County, California",3051.0,2414.0,0.5169,196406.0,2999.0,141.0,930.0,06,075,020500,2020,0.7912159947558177,0.04701567189063021,-0.3684234397784443,-0.7573550487591122,1.0353879630242158,0.9457843135536337,0.566357182304409,-0.6586932294659198,-0.06831794766360864
06075020500,8467.0,Public Services,"Census Tract 205, San Francisco County, California",3051.0,2414.0,0.5169,196406.0,2999.0,141.0,930.0,06,075,020500,2020,0.7912159947558177,0.04701567189063021,-0.45729719705622146,-0.7573550487591122,1.0353879630242158,0.9457843135536337,0.566357182304409,-0.6586932294659198,-0.0949800748469418
06075015500,289.0,Recreational,"Census Tract 155, San Francisco County, California",3624.0,1527.0,0.528,81944.0,3581.0,401.0,730.0,06,075,015500,2020,0.42135761589403975,0.11197989388438984,-0.2282161195006309,-0.6746733194876532,0.07928572595000291,-0.34683028123419773,0.3250150423615967,-0.0004799629998681704,-0.12645822518828084
06075015500,13527.0,Recreational,"Census Tract 155, San Francisco County, California",3624.0,1527.0,0.528,81944.0,3581.0,401.0,730.0,06,075,015500,2020,0.42135761589403975,0.11197989388438984,0.21495084305463566,-0.6746733194876532,0.07928572595000291,-0.34683028123419773,0.3250150423615967,-0.0004799629998681704,0.006491863578299134
06075015500,500.0,Recreational,"Census Tract 155, San Francisco County, California",3624.0,1527.0,0.528,81944.0,3581.0,401.0,730.0,06,075,015500,2020,0.42135761589403975,0.11197989388438984,-0.22115249742031956,-0.6746733194876532,0.07928572595000291,-0.34683028123419773,0.3250150423615967,-0.0004799629998681704,-0.12433913856418742
06075015500,25209.0,Recreational,"Census Tract 155, San Francisco County, California",3624.0,1527.0,0.528,81944.0,3581.0,401.0,730.0,06,075,015500,2020,0.42135761589403975,0.11197989388438984,0.6060277773778434,-0.6746733194876532,0.07928572595000291,-0.34683028123419773,0.3250150423615967,-0.0004799629998681704,0.12381494387526147
06075015500,237566.0,Public Services,"Census Tract 155, San Francisco County, California",3624.0,1527.0,0.528,81944.0,3581.0,401.0,730.0,06,075,015500,2020,0.42135761589403975,0.11197989388438984,2.266567541215548,-0.9489518565255369,0.0027227779727326596,-0.03038191962900959,0.010414321335658942,-0.2633628332066128,0.4854063861593195
06075015500,8000.0,Public Services,"Census Tract 155, San Francisco County, California",3624.0,1527.0,0.528,81944.0,3581.0,401.0,730.0,06,075,015500,2020,0.42135761589403975,0.11197989388438984,-0.4628495776112344,-0.9489518565255369,0.0027227779727326596,-0.03038191962900959,0.010414321335658942,-0.2633628332066128,-0.3334187494887152
06075015500,500.0,Recreational,"Census Tract 155, San Francisco County, California",3624.0,1527.0,0.528,81944.0,3581.0,401.0,730.0,06,075,015500,2020,0.42135761589403975,0.11197989388438984,-0.22115249742031956,-0.6746733194876532,0.07928572595000291,-0.34683028123419773,0.3250150423615967,-0.0004799629998681704,-0.12433913856418742
06075026404,8187.75,Commercial,"Census Tract 264.04, San Francisco County, California",2712.0,96.0,0.515,68636.0,2689.0,304.0,518.0,06,075,026404,2020,0.035398230088495575,0.11305317962067683,0.025212662870211424,-0.5800588686825462,-1.7863842883845826,0.6626418447229748,-0.7127421686188831,-0.7701491692715191,-0.5752117416099933
06075026404,500.0,Recreational,"Census Tract 264.04, San Francisco County, California",2712.0,96.0,0.515,68636.0,2689.0,304.0,518.0,06,075,026404,2020,0.035398230088495575,0.11305317962067683,-0.22115249742031956,-0.4617775645047197,-1.5012336185605042,0.07784993128268657,-0.23810694283009123,-0.6096866077809905,-0.5145582931024569
06075060703,41231.0,Infrastructure,"Census Tract 607.03, San Francisco County, California",5238.0,2009.0,0.4028,171797.0,5009.0,232.0,1033.0,06,075,060703,2020,0.38354333715158456,0.046316630065881416,-0.030840398007750052,1.1806187969138453,0.7991746000399037,0.43030071309890006,1.2186506599978717,1.2411610831657152,0.7402617414285062
06075060703,8500.0,Public Services,"Census Tract 607.03, San Francisco County, California",5238.0,2009.0,0.4028,171797.0,5009.0,232.0,1033.0,06,075,060703,2020,0.38354333715158456,0.046316630065881416,-0.456904844682955,1.2121220472903538,0.563877929263392,0.6041261319397085,0.8526677557033153,0.850185612801278,0.4574721355909137
06075060702,12570.0,Infrastructure,"Census Tract 607.02, San Francisco County, California",1203.0,589.0,0.4315,-666666666.0,1203.0,168.0,193.0,06,075,060702,2020,0.48960931005818786,0.1396508728179551,-0.29974389825770453,0.6899805388510448,-1.3022051813633466,0.6805188891855891,-1.2936244266650525,-1.4887230533661329,-0.6395191960678617
06075060702,8300.0,Public Services,"Census Tract 607.02, San Francisco County, California",1203.0,589.0,0.4315,-666666666.0,1203.0,168.0,193.0,06,075,060702,2020,0.48960931005818786,0.1396508728179551,-0.45928273785426676,0.7167321028852736,-1.0893177446634468,0.8444132047231284,-1.482292260365435,-1.9336855022184491,-0.7605329468853547
06075061501,103460.0,Infrastructure,"Census Tract 615.01, San Francisco County, California",2050.0,961.0,0.4638,250001.0,2050.0,212.0,251.0,06,075,061501,2020,0.468780487804878,0.10341463414634146,0.5530051034421092,0.13779880590928703,-0.7517028724323542,0.5084938931259904,-1.1201578135383268,-0.9156841776183074,-0.2519198918439383
06075061501,4644.0,Public Services,"Census Tract 615.01, San Francisco County, California",2050.0,961.0,0.4638,250001.0,2050.0,212.0,251.0,06,075,061501,2020,0.468780487804878,0.10341463414634146,-0.5027506250258458,0.1592026532586502,-0.6562270469868383,0.6792158421845272,-1.3210688306844975,-1.3493140438735398,-0.6594411878351382
06075061501,41231.0,Infrastructure,"Census Tract 615.01, San Francisco County, California",2050.0,961.0,0.4638,250001.0,2050.0,212.0,251.0,06,075,061501,2020,0.468780487804878,0.10341463414634146,-0.030840398007750052,0.13779880590928703,-0.7517028724323542,0.5084938931259904,-1.1201578135383268,-0.9156841776183074,-0.42707354227889605
06075061501,520000.0,Infrastructure,"Census Tract 615.01, San Francisco County, California",2050.0,961.0,0.4638,250001.0,2050.0,212.0,251.0,06,075,061501,2020,0.468780487804878,0.10341463414634146,4.461070558036019,0.13779880590928703,-0.7517028724323542,0.5084938931259904,-1.1201578135383268,-0.9156841776183074,0.9204997445342344
06075061501,24420.0,Public Services,"Census Tract 615.01, San Francisco County, California",2050.0,961.0,0.4638,250001.0,2050.0,212.0,251.0,06,075,061501,2020,0.468780487804878,0.10341463414634146,-0.26762454824653853,0.1592026532586502,-0.6562270469868383,0.6792158421845272,-1.3210688306844975,-1.3493140438735398,-0.588903364801346
06075023200,12100.0,Public Services,"Census Tract 232, San Francisco County, California",4326.0,386.0,0.4768,102938.0,4275.0,385.0,723.0,06,075,023200,2020,0.0892279241793805,0.09005847953216374,-0.4141027675993432,-0.06519000448581144,-1.3256548726966497,0.029689848566845384,-0.00904367879824731,0.22096864702730254,-0.28853589184310646
06075023200,20640.0,Infrastructure,"Census Tract 232, San Francisco County, California",4326.0,386.0,0.4768,102938.0,4275.0,385.0,723.0,06,075,023200,2020,0.0892279241793805,0.09005847953216374,-0.22402946934674076,-0.08444152004250427,-1.6026136994090225,-0.16787711410834097,0.2915015208722687,0.6241463787005243,-0.16010647555622318
06075023200,9527.0,Public Services,"Census Tract 232, San Francisco County, California",4326.0,386.0,0.4768,102938.0,4275.0,385.0,723.0,06,075,023200,2020,0.0892279241793805,0.09005847953216374,-0.4446943632482691,-0.06519000448581144,-1.3256548726966497,0.029689848566845384,-0.00904367879824731,0.22096864702730254,-0.29771337053778424
06075012404,695.0,Infrastructure,"Census Tract 124.04, San Francisco County, California",2443.0,751.0,0.4859,24685.0,2443.0,730.0,584.0,06,075,012404,2020,0.3074089234547687,0.2988129349160868,-0.4111576334891413,-0.240009748208758,-1.0624703048933983,-1.5167094695756491,-0.12422018989695328,-0.6497995516810048,-0.5431477103115923
06075012404,19604.5,Public Services,"Census Tract 124.04, San Francisco County, California",2443.0,751.0,0.4859,24685.0,2443.0,730.0,584.0,06,075,012404,2020,0.3074089234547687,0.2988129349160868,-0.3248782710787976,-0.2222648649069344,-0.9007137311591172,-1.2656076531562774,-0.3954239671715286,-1.0781712066485702,-0.6041384897968043
06075012404,50000.0,Public Services,"Census Tract 124.04, San Francisco County, California",2443.0,751.0,0.4859,24685.0,2443.0,730.0,584.0,06,075,012404,2020,0.3074089234547687,0.2988129349160868,0.036507988364236126,-0.2222648649069344,-0.9007137311591172,-1.2656076531562774,-0.3954239671715286,-1.0781712066485702,-0.4957226119638941
06075016000,29060.0,Public Services,"Census Tract 160, San Francisco County, California",2717.0,1110.0,0.4934,112969.0,2717.0,514.0,553.0,06,075,016000,2020,0.40853882959146115,0.18917924181082077,-0.21245742667210563,-0.3517221674518161,-0.48275792345507845,-0.45463878251223533,-0.48159511062168486,-0.8891301445629679,-0.461706476269124
06075061402,23460.0,Recreational,"Census Tract 614.02, San Francisco County, California",2400.0,1019.0,0.4466,139750.0,2400.0,351.0,235.0,06,075,061402,2020,0.4245833333333333,0.14625,0.547476710939623,0.6583816386362532,-0.4817931189216516,-0.12792295519456665,-0.9898216683454104,-0.8180994073113744,-0.12775798823473763
06075061402,500.0,Recreational,"Census Tract 614.02, San Francisco County, California",2400.0,1019.0,0.4466,139750.0,2400.0,351.0,235.0,06,075,061402,2020,0.4245833333333333,0.14625,-0.22115249742031956,0.6583816386362532,-0.4817931189216516,-0.12792295519456665,-0.9898216683454104,-0.8180994073113744,-0.3583467507427204
06075061402,88470.0,Public Services,"Census Tract 614.02, San Francisco County, California",2400.0,1019.0,0.4466,139750.0,2400.0,351.0,235.0,06,075,061402,2020,0.4245833333333333,0.14625,0.493895739866054,0.45609140042824525,-0.588702153263066,0.1573423559830372,-1.3655442595619975,-1.1078382346401063,-0.29025505902857596
06075061402,1200.0,Recreational,"Census Tract 614.02, San Francisco County, California",2400.0,1019.0,0.4466,139750.0,2400.0,351.0,235.0,06,075,061402,2020,0.4245833333333333,0.14625,-0.19771868009227253,0.6583816386362532,-0.4817931189216516,-0.12792295519456665,-0.9898216683454104,-0.8180994073113744,-0.3513166055443063
06075021200,500.0,Recreational,"Census Tract 212, San Francisco County, California",3079.0,2100.0,0.452,178681.0,3068.0,51.0,580.0,06,075,021200,2020,0.6820396232543033,0.016623207301173403,-0.22115249742031956,0.5699480173356499,0.7121561553032667,1.1855210010432198,-0.07342032451931459,-0.36453437243595554,0.10132600355681433
06075021200,51700.0,Public Services,"Census Tract 212, San Francisco County, California",3079.0,2100.0,0.452,178681.0,3068.0,51.0,580.0,06,075,021200,2020,0.6820396232543033,0.016623207301173403,0.05672008032038612,0.3628821425959302,0.6698221590713795,1.283688009655318,-0.4065428243909036,-0.6393751647272451,0.04724961322489363
06075021200,7600.0,Public Services,"Census Tract 212, San Francisco County, California",3079.0,2100.0,0.452,178681.0,3068.0,51.0,580.0,06,075,021200,2020,0.6820396232543033,0.016623207301173403,-0.46760536395385793,0.3628821425959302,0.6698221590713795,1.283688009655318,-0.4065428243909036,-0.6393751647272451,-0.11004802005737958
06075026403,75.0,Public Services,"Census Tract 264.03, San Francisco County, California",4143.0,246.0,0.4365,72837.0,4059.0,386.0,721.0,06,075,026403,2020,0.05937726285300507,0.09509731460950974,-0.5570735945244631,0.6304272345220191,-1.488645995478169,0.025935363054604445,-0.014603107407934812,0.09471129534239298,-0.27780633139074284
06075026403,41231.0,Infrastructure,"Census Tract 264.03, San Francisco County, California",4143.0,246.0,0.4365,72837.0,4059.0,386.0,721.0,06,075,026403,2020,0.05937726285300507,0.09509731460950974,-0.030840398007750052,0.6045034904080482,-1.8097919877163853,-0.17178677310969548,0.28551991352307127,0.5003375070808642,-0.0557392442094268
06075026403,7250.0,Infrastructure,"Census Tract 264.03, San Francisco County, California",4143.0,246.0,0.4365,72837.0,4059.0,386.0,721.0,06,075,026403,2020,0.05937726285300507,0.09509731460950974,-0.34965725164138817,0.6045034904080482,-1.8097919877163853,-0.17178677310969548,0.28551991352307127,0.5003375070808642,-0.15138430029951824
06075026403,500.0,Recreational,"Census Tract 264.03, San Francisco County, California",4143.0,246.0,0.4365,72837.0,4059.0,386.0,721.0,06,075,026403,2020,0.05937726285300507,0.09509731460950974,-0.22115249742031956,0.8237852636614553,-1.3355607312952518,-0.2811580834223084,0.301108920348742,0.3462067131420205,-0.04276229286156534
06075015600,1200.0,Recreational,"Census Tract 156, San Francisco County, California",3142.0,1156.0,0.5184,84625.0,3142.0,395.0,543.0,06,075,015600,2020,0.3679185232336092,0.12571610439210693,-0.19771868009227253,-0.5174579927310247,-0.33047854855272113,-0.320561402109442,-0.17170104834993935,-0.322451018684628,-0.2927795163151322
06075015600,1200.0,Recreational,"Census Tract 156, San Francisco County, California",3142.0,1156.0,0.5184,84625.0,3142.0,395.0,543.0,06,075,015600,2020,0.3679185232336092,0.12571610439210693,-0.19771868009227253,-0.5174579927310247,-0.33047854855272113,-0.320561402109442,-0.17170104834993935,-0.322451018684628,-0.2927795163151322
06075015600,12900.0,Recreational,"Census Tract 156, San Francisco County, California",3142.0,1156.0,0.5184,84625.0,3142.0,395.0,543.0,06,075,015600,2020,0.3679185232336092,0.12571610439210693,0.19396083810508497,-0.5174579927310247,-0.33047854855272113,-0.320561402109442,-0.17170104834993935,-0.322451018684628,-0.175275660855925
06075015600,500.0,Recreational,"Census Tract 156, San Francisco County, California",3142.0,1156.0,0.5184,84625.0,3142.0,395.0,543.0,06,075,015600,2020,0.3679185232336092,0.12571610439210693,-0.22115249742031956,-0.5174579927310247,-0.33047854855272113,-0.320561402109442,-0.17170104834993935,-0.322451018684628,-0.2998096615135463
06075026302,40777.0,Public Services,"Census Tract 263.02, San Francisco County, California",5332.0,515.0,0.4344,79583.0,5266.0,602.0,793.0,06,075,026302,2020,0.09658664666166542,0.11431826813520699,-0.07314855523080589,0.6666752792345858,-1.1754701952765356,-0.7850335075894377,0.1855363225408152,0.915039115852543,0.07332279219662477
06075026302,500.0,Recreational,"Census Tract 263.02, San Francisco County, California",5332.0,515.0,0.4344,79583.0,5266.0,602.0,793.0,06,075,026302,2020,0.09658664666166542,0.11431826813520699,-0.22115249742031956,0.8581761163894674,-1.0384540201328993,-1.2268377319135146,0.4923578964515794,1.140446516480567,0.14721366638056396
06075026302,912.0,Recreational,"Census Tract 263.02, San Francisco County, California",5332.0,515.0,0.4344,79583.0,5266.0,602.0,793.0,06,075,026302,2020,0.09658664666166542,0.11431826813520699,-0.20736002207866902,0.8581761163894674,-1.0384540201328993,-1.2268377319135146,0.4923578964515794,1.140446516480567,0.1513514089830591
06075026302,500.0,Recreational,"Census Tract 263.02, San Francisco County, California",5332.0,515.0,0.4344,79583.0,5266.0,602.0,793.0,06,075,026302,2020,0.09658664666166542,0.11431826813520699,-0.22115249742031956,0.8581761163894674,-1.0384540201328993,-1.2268377319135146,0.4923578964515794,1.140446516480567,0.14721366638056396
06075026302,500.0,Recreational,"Census Tract 263.02, San Francisco County, California",5332.0,515.0,0.4344,79583.0,5266.0,602.0,793.0,06,075,026302,2020,0.09658664666166542,0.11431826813520699,-0.22115249742031956,0.8581761163894674,-1.0384540201328993,-1.2268377319135146,0.4923578964515794,1.140446516480567,0.14721366638056396
06075026302,75.0,Public Services,"Census Tract 263.02, San Francisco County, California",5332.0,515.0,0.4344,79583.0,5266.0,602.0,793.0,06,075,026302,2020,0.09658664666166542,0.11431826813520699,-0.5570735945244631,0.6666752792345858,-1.1754701952765356,-0.7850335075894377,0.1855363225408152,0.915039115852543,-0.07185471959147244
06075026302,23128.0,Recreational,"Census Tract 263.02, San Francisco County, California",5332.0,515.0,0.4344,79583.0,5266.0,602.0,793.0,06,075,026302,2020,0.09658664666166542,0.11431826813520699,0.5363623861497493,0.8581761163894674,-1.0384540201328993,-1.2268377319135146,0.4923578964515794,1.140446516480567,0.3744681314515846
06075026302,23128.0,Recreational,"Census Tract 263.02, San Francisco County, California",5332.0,515.0,0.4344,79583.0,5266.0,602.0,793.0,06,075,026302,2020,0.09658664666166542,0.11431826813520699,0.5363623861497493,0.8581761163894674,-1.0384540201328993,-1.2268377319135146,0.4923578964515794,1.140446516480567,0.3744681314515846
06075021500,75.0,Public Services,"Census Tract 215, San Francisco County, California",5325.0,3217.0,0.4209,225129.0,5325.0,273.0,1428.0,06,075,021500,2020,0.604131455399061,0.05126760563380282,-0.5570735945244631,0.8996984238153729,1.9702584744067873,0.4501922259378302,1.9506549061165968,0.9102095996678744,0.7605212235239409
06075021500,24150.0,Recreational,"Census Tract 215, San Francisco County, California",5325.0,3217.0,0.4209,225129.0,5325.0,273.0,1428.0,06,075,021500,2020,0.604131455399061,0.05126760563380282,0.570575759448698,1.0792601696409754,1.9458669224718457,0.21357247342725783,2.179067616247437,1.1357705882859752,1.189634675417206
06075045202,13000.0,Public Services,"Census Tract 452.02, San Francisco County, California",3485.0,1832.0,0.4382,118538.0,3485.0,355.0,614.0,06,075,045202,2020,0.5256814921090387,0.10186513629842181,-0.4034022483284403,0.601083579278513,0.3578105811753283,0.14232441393407347,-0.3120325380262161,-0.35926322601646216,-0.08872785564097707
06075045202,32700.0,Public Services,"Census Tract 452.02, San Francisco County, California",3485.0,1832.0,0.4382,118538.0,3485.0,355.0,614.0,06,075,045202,2020,0.5256814921090387,0.10186513629842181,-0.1691797709542315,0.601083579278513,0.3578105811753283,0.14232441393407347,-0.3120325380262161,-0.35926322601646216,-0.018461112428714434
06075045202,5998.0,Public Services,"Census Tract 452.02, San Francisco County, California",3485.0,1832.0,0.4382,118538.0,3485.0,355.0,614.0,06,075,045202,2020,0.5256814921090387,0.10186513629842181,-0.48665228825606516,0.601083579278513,0.3578105811753283,0.14232441393407347,-0.3120325380262161,-0.35926322601646216,-0.11370286761926451
06075016101,4774.0,Infrastructure,"Census Tract 161.01, San Francisco County, California",2754.0,924.0,0.6665,21589.0,2745.0,1021.0,381.0,06,075,016101,2020,0.3355119825708061,0.37194899817850635,-0.3728876018252229,-3.3274407379697943,-0.8064571343421573,-2.6544202389698133,-0.7313533358404933,-0.4393921250486864,-1.0622533987286615
06075016101,500.0,Recreational,"Census Tract 161.01, San Francisco County, California",2754.0,924.0,0.6665,21589.0,2745.0,1021.0,381.0,06,075,016101,2020,0.3355119825708061,0.37194899817850635,-0.22115249742031956,-2.9428319398827507,-0.5867192808563114,-3.0612811241256233,-0.6020112445813235,-0.5816310386134388,-0.9554703829531226
06075016101,12600.0,Public Services,"Census Tract 161.01, San Francisco County, California",2754.0,924.0,0.6665,21589.0,2745.0,1021.0,381.0,06,075,016101,2020,0.3355119825708061,0.37194899817850635,-0.4081580346710638,-3.339596710187683,-0.6993032722933826,-2.3581629372183897,-0.9597059710548099,-0.8636027018725763,-1.1628669906671352
06075016101,18000.0,Public Services,"Census Tract 161.01, San Francisco County, California",2754.0,924.0,0.6665,21589.0,2745.0,1021.0,381.0,06,075,016101,2020,0.3355119825708061,0.37194899817850635,-0.3439549190456462,-3.339596710187683,-0.6993032722933826,-2.3581629372183897,-0.9597059710548099,-0.8636027018725763,-1.14360605597951
06075030201,42434.0,Public Services,"Census Tract 302.01, San Francisco County, California",4552.0,1958.0,0.4423,104750.0,4528.0,592.0,986.0,06,075,030201,2020,0.43014059753954303,0.13074204946996468,-0.05344771030648793,0.5303135872206435,0.5045025916786957,-0.7474886524670283,0.722021183375659,0.37689302670374825,0.28549546396670156
06075030201,9434.0,Public Services,"Census Tract 302.01, San Francisco County, California",4552.0,1958.0,0.4423,104750.0,4528.0,592.0,986.0,06,075,030201,2020,0.43014059753954303,0.13074204946996468,-0.44580008357292905,0.5303135872206435,0.5045025916786957,-0.7474886524670283,0.722021183375659,0.37689302670374825,0.16778975198676926
06075030201,5900.0,Public Services,"Census Tract 302.01, San Francisco County, California",4552.0,1958.0,0.4423,104750.0,4528.0,592.0,986.0,06,075,030201,2020,0.43014059753954303,0.13074204946996468,-0.48781745591000797,0.5303135872206435,0.5045025916786957,-0.7474886524670283,0.722021183375659,0.37689302670374825,0.1551845402856456
06075022702,6410.0,Public Services,"Census Tract 227.02, San Francisco County, California",2200.0,1361.0,0.4191,212439.0,2200.0,157.0,305.0,06,075,022702,2020,0.6186363636363637,0.07136363636363637,-0.48175382832316294,0.9307681764261448,-0.19053812475392595,0.8857125453577788,-1.170964258222935,-1.2458244113449255,-0.4140155344806524
06075022702,42800.0,Public Services,"Census Tract 227.02, San Francisco County, California",2200.0,1361.0,0.4191,212439.0,2200.0,157.0,305.0,06,075,022702,2020,0.6186363636363637,0.07136363636363637,-0.049096165802987396,0.9307681764261448,-0.19053812475392595,0.8857125453577788,-1.170964258222935,-1.2458244113449255,-0.2842182357245998
06075061508,9771.0,Infrastructure,"Census Tract 615.08, San Francisco County, California",2302.0,1388.0,0.4203,238154.0,2302.0,414.0,316.0,06,075,061508,2020,0.6029539530842746,0.17984361424847958,-0.32600470203983434,0.881449127363357,-0.11980909309489798,-0.2812572251476219,-0.92575557468941,-0.7451932724371363,-0.2855202574199013
06075061508,12570.0,Infrastructure,"Census Tract 615.08, San Francisco County, California",2302.0,1388.0,0.4203,238154.0,2302.0,414.0,316.0,06,075,061508,2020,0.6029539530842746,0.17984361424847958,-0.29974389825770453,0.881449127363357,-0.11980909309489798,-0.2812572251476219,-0.92575557468941,-0.7451932724371363,-0.27764201628526236
06075061508,4815.0,Infrastructure,"Census Tract 615.08, San Francisco County, California",2302.0,1388.0,0.4203,238154.0,2302.0,414.0,316.0,06,075,061508,2020,0.6029539530842746,0.17984361424847958,-0.3725029312446344,0.881449127363357,-0.11980909309489798,-0.2812572251476219,-0.92575557468941,-0.7451932724371363,-0.2994697261813413
06075061508,8000.0,Infrastructure,"Census Tract 615.08, San Francisco County, California",2302.0,1388.0,0.4203,238154.0,2302.0,414.0,316.0,06,075,061508,2020,0.6029539530842746,0.17984361424847958,-0.3426205946794027,0.881449127363357,-0.11980909309489798,-0.2812572251476219,-0.92575557468941,-0.7451932724371363,-0.2905050252117718
06075061508,8000.0,Infrastructure,"Census Tract 615.08, San Francisco County, California",2302.0,1388.0,0.4203,238154.0,2302.0,414.0,316.0,06,075,061508,2020,0.6029539530842746,0.17984361424847958,-0.3426205946794027,0.881449127363357,-0.11980909309489798,-0.2812572251476219,-0.92575557468941,-0.7451932724371363,-0.2905050252117718
06075016400,34300.0,Public Services,"Census Tract 164, San Francisco County, California",3999.0,2686.0,0.3804,171477.0,3812.0,158.0,1058.0,06,075,016400,2020,0.6716679169792448,0.041448058761804824,-0.15015662558373738,1.598767857557733,1.3520564301425961,0.8819580598455379,0.922160613324409,-0.00463875188507684,0.5790709000938511
06075016400,8000.0,Public Services,"Census Tract 164, San Francisco County, California",3999.0,2686.0,0.3804,171477.0,3812.0,158.0,1058.0,06,075,016400,2020,0.6716679169792448,0.041448058761804824,-0.4628495776112344,1.598767857557733,1.3520564301425961,0.8819580598455379,0.922160613324409,-0.00463875188507684,0.48526301448560194
06075016400,5600.0,Public Services,"Census Tract 164, San Francisco County, California",3999.0,2686.0,0.3804,171477.0,3812.0,158.0,1058.0,06,075,016400,2020,0.6716679169792448,0.041448058761804824,-0.4913842956669756,1.598767857557733,1.3520564301425961,0.8819580598455379,0.922160613324409,-0.00463875188507684,0.4767025990688796
06075016400,500.0,Recreational,"Census Tract 164, San Francisco County, California",3999.0,2686.0,0.3804,171477.0,3812.0,158.0,1058.0,06,075,016400,2020,0.6716679169792448,0.041448058761804824,-0.22115249742031956,1.7425123293954983,1.3593849015528525,0.7170593233184094,1.1962603779411893,0.2500161902818433,0.6642340963296243
06075023300,8187.75,Commercial,"Census Tract 233, San Francisco County, California",3797.0,233.0,0.5076,60350.0,3783.0,909.0,461.0,06,075,023300,2020,0.06136423492230708,0.24028548770816813,0.025212662870211424,-0.41477978144041644,-1.5650051409321286,-1.0182735265868774,-0.9203723403971268,0.28137580806857954,-0.4220983052700153
06075023300,18070.0,Public Services,"Census Tract 233, San Francisco County, California",3797.0,233.0,0.5076,60350.0,3783.0,909.0,461.0,06,075,023300,2020,0.06136423492230708,0.24028548770816813,-0.34312265643568707,-0.5968279936034594,-1.5037808854507386,-1.937660559847405,-0.7373288266673099,-0.14400479035694422,-0.6543114388526914
06075023300,16000.0,Public Services,"Census Tract 233, San Francisco County, California",3797.0,233.0,0.5076,60350.0,3783.0,909.0,461.0,06,075,023300,2020,0.06136423492230708,0.24028548770816813,-0.36773385075876386,-0.5968279936034594,-1.5037808854507386,-1.937660559847405,-0.7373288266673099,-0.14400479035694422,-0.6616947971496144
06075023300,1650.0,Public Services,"Census Tract 233, San Francisco County, California",3797.0,233.0,0.5076,60350.0,3783.0,909.0,461.0,06,075,023300,2020,0.06136423492230708,0.24028548770816813,-0.538347685800383,-0.5968279936034594,-1.5037808854507386,-1.937660559847405,-0.7373288266673099,-0.14400479035694422,-0.7128789476621001
06075023300,2495.0,Infrastructure,"Census Tract 233, San Francisco County, California",3797.0,233.0,0.5076,60350.0,3783.0,909.0,461.0,06,075,023300,2020,0.06136423492230708,0.24028548770816813,-0.3942696567803761,-0.610980138451364,-1.8290299716306402,-2.2165384308181078,-0.4920890418725958,0.26625078806227204,-0.6156725337557538
06075035202,150.0,Public Services,"Census Tract 352.02, San Francisco County, California",5015.0,1788.0,0.4364,99408.0,5015.0,377.0,1064.0,06,075,035202,2020,0.356530408773679,0.07517447657028914,-0.5561818845852212,0.632153331889284,0.3065847997297079,0.05972573266477287,0.9388388991534715,0.6963310257754046,0.2570344810286227
06075035202,12000.0,Public Services,"Census Tract 352.02, San Francisco County, California",5015.0,1788.0,0.4364,99408.0,5015.0,377.0,1064.0,06,075,035202,2020,0.356530408773679,0.07517447657028914,-0.4152917141849991,0.632153331889284,0.3065847997297079,0.05972573266477287,0.9388388991534715,0.6963310257754046,0.2993015321486894
06075030700,12570.0,Infrastructure,"Census Tract 307, San Francisco County, California",6895.0,3531.0,0.4295,167352.0,6895.0,172.0,706.0,06,075,030700,2020,0.5121102248005801,0.024945612762871647,-0.29974389825770453,0.7241713582282435,3.051498562924232,0.6648802531801711,0.24065785840409049,2.3622064398530194,1.018211298085786
06075030700,51900.0,Public Services,"Census Tract 307, San Francisco County, California",6895.0,3531.0,0.4295,167352.0,6895.0,172.0,706.0,06,075,030700,2020,0.5121102248005801,0.024945612762871647,0.05909797349169789,0.7512540502305753,2.3358242783596235,0.8293952626741647,-0.056298821980591066,1.993401086800705,0.9124962985327998
06075030700,1200.0,Recreational,"Census Tract 307, San Francisco County, California",6895.0,3531.0,0.4295,167352.0,6895.0,172.0,706.0,06,075,030700,2020,0.5121102248005801,0.024945612762871647,-0.19771868009227253,0.9384214394214965,2.292675499813774,0.6557652720273126,0.2612653836606509,2.1845144833587407,0.9342299046798201
06075030700,1352.0,Recreational,"Census Tract 307, San Francisco County, California",6895.0,3531.0,0.4295,167352.0,6895.0,172.0,706.0,06,075,030700,2020,0.5121102248005801,0.024945612762871647,-0.1926301940438966,0.9384214394214965,2.292675499813774,0.6557652720273126,0.2612653836606509,2.1845144833587407,0.935756450494333
06075030700,3212.0,Recreational,"Census Tract 307, San Francisco County, California",6895.0,3531.0,0.4295,167352.0,6895.0,172.0,706.0,06,075,030700,2020,0.5121102248005801,0.024945612762871647,-0.13036319371508592,0.9384214394214965,2.292675499813774,0.6557652720273126,0.2612653836606509,2.1845144833587407,0.9544365505929762
06075030700,12570.0,Infrastructure,"Census Tract 307, San Francisco County, California",6895.0,3531.0,0.4295,167352.0,6895.0,172.0,706.0,06,075,030700,2020,0.5121102248005801,0.024945612762871647,-0.29974389825770453,0.7241713582282435,3.051498562924232,0.6648802531801711,0.24065785840409049,2.3622064398530194,1.018211298085786
06075026003,34000.0,Public Services,"Census Tract 260.03, San Francisco County, California",5336.0,794.0,0.399,102424.0,5234.0,283.0,901.0,06,075,026003,2020,0.14880059970014992,0.05406954528085594,-0.15372346534070502,1.2777137472464266,-0.8506521720190792,0.41264737081542086,0.48574546746394026,0.9177988393866394,0.2949961532195806
06075026003,12570.0,Infrastructure,"Census Tract 260.03, San Francisco County, California",5336.0,794.0,0.399,102424.0,5234.0,283.0,901.0,06,075,026003,2020,0.14880059970014992,0.05406954528085594,-0.29974389825770453,1.2455813537305223,-0.9988369734847083,0.23090810402981973,0.8238645749508408,1.3074631018472818,0.3437061993731342
06075012406,8187.75,Commercial,"Census Tract 124.06, San Francisco County, California",1433.0,518.0,0.5595,-666666666.0,1433.0,452.0,301.0,06,075,012406,2020,0.3614794138171668,0.3154221912072575,0.025212662870211424,-1.573966893314277,-1.1044718779835931,0.2514427125678374,-1.5031938752132492,-2.0096887508549166,-1.009046712658196
06075012406,50400.0,Public Services,"Census Tract 124.06, San Francisco County, California",1433.0,518.0,0.5595,-666666666.0,1433.0,452.0,301.0,06,075,012406,2020,0.3614794138171668,0.3154221912072575,0.04126377470685965,-1.492672527214039,-1.1719775283597886,-0.22186068075329732,-1.18208311544231,-1.775001399007907,-0.930724157079609
06075025402,56400.0,Public Services,"Census Tract 254.02, San Francisco County, California",3713.0,1008.0,0.4465,143056.0,3713.0,211.0,412.0,06,075,025402,2020,0.27147858874225694,0.05682736331807164,0.11260056984621258,0.4578174977955101,-0.601508598624471,0.6829703276967682,-0.8735348276046536,-0.2019589845729683,-0.12504699884093365
06075025402,6800.0,Infrastructure,"Census Tract 254.02, San Francisco County, California",3713.0,1008.0,0.4465,143056.0,3713.0,211.0,412.0,06,075,025402,2020,0.27147858874225694,0.05682736331807164,-0.3538792458185795,0.4335493935220549,-0.6821501613577396,0.5124035521273449,-0.6386384219279331,0.20942048633521498,-0.17174537733670625
06075025402,4200.0,Infrastructure,"Census Tract 254.02, San Francisco County, California",3713.0,1008.0,0.4465,143056.0,3713.0,211.0,412.0,06,075,025402,2020,0.27147858874225694,0.05682736331807164,-0.3782729899534625,0.4335493935220549,-0.6821501613577396,0.5124035521273449,-0.6386384219279331,0.20942048633521498,-0.17906350057717116
06075025402,8187.75,Commercial,"Census Tract 254.02, San Francisco County, California",3713.0,1008.0,0.4465,143056.0,3713.0,211.0,412.0,06,075,025402,2020,0.27147858874225694,0.05682736331807164,0.025212662870211424,0.9498894388966356,-0.31267784694926887,0.9210304885772166,-1.0988614354345643,0.19996742272612028,0.02436133131206869
06075025402,720.0,Infrastructure,"Census Tract 254.02, San Francisco County, California",3713.0,1008.0,0.4465,143056.0,3713.0,211.0,412.0,06,075,025402,2020,0.27147858874225694,0.05682736331807164,-0.4109230782570751,0.4335493935220549,-0.6821501613577396,0.5124035521273449,-0.6386384219279331,0.20942048633521498,-0.18885852706825493
06075061101,18790.0,Public Services,"Census Tract 611.01, San Francisco County, California",1913.0,68.0,0.7517,20159.0,1913.0,719.0,182.0,06,075,061101,2020,0.03554626241505489,0.3758494511238892,-0.3345622410189647,-4.810231667097539,-1.695877565871815,-1.2243083125216272,-1.5128691177187163,-1.443834574916341,-1.6531977555182498
06075061101,222984.0,Public Services,"Census Tract 611.01, San Francisco County, California",1913.0,68.0,0.7517,20159.0,1913.0,719.0,182.0,06,075,061101,2020,0.03554626241505489,0.3758494511238892,2.0931953500952076,-4.810231667097539,-1.695877565871815,-1.2243083125216272,-1.5128691177187163,-1.443834574916341,-0.9248704781839979
06075061101,10580.0,Public Services,"Census Tract 611.01, San Francisco County, California",1913.0,68.0,0.7517,20159.0,1913.0,719.0,182.0,06,075,061101,2020,0.03554626241505489,0.3758494511238892,-0.43217475570131264,-4.810231667097539,-1.695877565871815,-1.2243083125216272,-1.5128691177187163,-1.443834574916341,-1.6824815099229538
06075061101,1860.0,Recreational,"Census Tract 611.01, San Francisco County, California",1913.0,68.0,0.7517,20159.0,1913.0,719.0,182.0,06,075,061101,2020,0.03554626241505489,0.3758494511238892,-0.1756239380401139,-4.3381179648478225,-1.5321592241833513,-1.7390808748462514,-1.1306021646433324,-1.143410411706557,-1.418455210546834
06075061101,500.0,Recreational,"Census Tract 611.01, San Francisco County, California",1913.0,68.0,0.7517,20159.0,1913.0,719.0,182.0,06,075,061101,2020,0.03554626241505489,0.3758494511238892,-0.22115249742031956,-4.3381179648478225,-1.5321592241833513,-1.7390808748462514,-1.1306021646433324,-1.143410411706557,-1.4321137783608957
06075033201,50400.0,Public Services,"Census Tract 332.01, San Francisco County, California",4444.0,1204.0,0.4525,48839.0,1780.0,688.0,783.0,06,075,033201,2020,0.2709270927092709,0.3865168539325843,0.04126377470685965,0.35425165575960477,-0.37332102673034406,-1.1079192616421583,0.1577391794923777,0.30238049128314587,0.038259738864824915
06075033201,56101.0,Public Services,"Census Tract 332.01, San Francisco County, California",4444.0,1204.0,0.4525,48839.0,1780.0,688.0,783.0,06,075,033201,2020,0.2709270927092709,0.3865168539325843,0.1090456195551015,0.35425165575960477,-0.37332102673034406,-1.1079192616421583,0.1577391794923777,0.30238049128314587,0.05859429231929748
06075033201,11500.0,Public Services,"Census Tract 332.01, San Francisco County, California",4444.0,1204.0,0.4525,48839.0,1780.0,688.0,783.0,06,075,033201,2020,0.2709270927092709,0.3865168539325843,-0.42123644711327857,0.35425165575960477,-0.37332102673034406,-1.1079192616421583,0.1577391794923777,0.30238049128314587,-0.10049032768121655
06075012203,19604.5,Public Services,"Census Tract 122.03, San Francisco County, California",1920.0,882.0,0.5701,-666666666.0,1827.0,873.0,234.0,06,075,012203,2020,0.459375,0.47783251231527096,-0.3248782710787976,-1.6756388481441393,-0.7482006091278385,-1.8024990814067314,-1.3683239738668411,-1.4390050587316723,-1.0442139618111332
06075021100,59200.0,Public Services,"Census Tract 211, San Francisco County, California",3941.0,2704.0,0.424,191950.0,3941.0,156.0,924.0,06,075,021100,2020,0.6861202740421213,0.039583861963968535,0.14589107424457728,0.8461894054301553,1.3730124316430772,0.8894670308700197,0.5496788964753465,-0.04465474312947441,0.49464183522326616
06075021100,5339.0,Public Services,"Census Tract 211, San Francisco County, California",3941.0,2704.0,0.424,191950.0,3941.0,156.0,924.0,06,075,021100,2020,0.6861202740421213,0.039583861963968535,-0.4944874462555374,0.8461894054301553,1.3730124316430772,0.8894670308700197,0.5496788964753465,-0.04465474312947441,0.3025282790732317
06075030800,500.0,Recreational,"Census Tract 308, San Francisco County, California",6297.0,3930.0,0.4799,172628.0,6257.0,132.0,771.0,06,075,030800,2020,0.6241067174845164,0.021096372063289116,-0.22115249742031956,0.11304097394920083,2.733365379939345,0.8308911328590175,0.43392070930904575,1.7850566175921714,0.8242591904149281
06075030800,6237.0,Public Services,"Census Tract 308, San Francisco County, California",6297.0,3930.0,0.4799,172628.0,6257.0,132.0,771.0,06,075,030800,2020,0.6241067174845164,0.021096372063289116,-0.4838107059163476,-0.11869902287102903,2.8003489782869537,0.9795746831638021,0.1243826078342527,1.5808224184532957,0.6409048905614716
06075030800,3375.0,Public Services,"Census Tract 308, San Francisco County, California",6297.0,3930.0,0.4799,172628.0,6257.0,132.0,771.0,06,075,030800,2020,0.6241067174845164,0.021096372063289116,-0.517838357197819,-0.11869902287102903,2.8003489782869537,0.9795746831638021,0.1243826078342527,1.5808224184532957,0.6306965951770303
06075030800,12900.0,Public Services,"Census Tract 308, San Francisco County, California",6297.0,3930.0,0.4799,172628.0,6257.0,132.0,771.0,06,075,030800,2020,0.6241067174845164,0.021096372063289116,-0.4045911949140962,-0.11869902287102903,2.8003489782869537,0.9795746831638021,0.1243826078342527,1.5808224184532957,0.6646707438621471
06075030800,8536.0,Public Services,"Census Tract 308, San Francisco County, California",6297.0,3930.0,0.4799,172628.0,6257.0,132.0,771.0,06,075,030800,2020,0.6241067174845164,0.021096372063289116,-0.4564768239121189,-0.11869902287102903,2.8003489782869537,0.9795746831638021,0.1243826078342527,1.5808224184532957,0.6491050551627402
06075030800,55308.0,Public Services,"Census Tract 308, San Francisco County, California",6297.0,3930.0,0.4799,172628.0,6257.0,132.0,771.0,06,075,030800,2020,0.6241067174845164,0.021096372063289116,0.09961727313085035,-0.11869902287102903,2.8003489782869537,0.9795746831638021,0.1243826078342527,1.5808224184532957,0.815933284275631
06075030800,44700.0,Public Services,"Census Tract 308, San Francisco County, California",6297.0,3930.0,0.4799,172628.0,6257.0,132.0,771.0,06,075,030800,2020,0.6241067174845164,0.021096372063289116,-0.026506180675525636,-0.11869902287102903,2.8003489782869537,0.9795746831638021,0.1243826078342527,1.5808224184532957,0.7780962481337181
06075030800,3375.0,Public Services,"Census Tract 308, San Francisco County, California",6297.0,3930.0,0.4799,172628.0,6257.0,132.0,771.0,06,075,030800,2020,0.6241067174845164,0.021096372063289116,-0.517838357197819,-0.11869902287102903,2.8003489782869537,0.9795746831638021,0.1243826078342527,1.5808224184532957,0.6306965951770303
06075012503,75.0,Public Services,"Census Tract 125.03, San Francisco County, California",3600.0,856.0,0.4462,35000.0,3520.0,574.0,781.0,06,075,012503,2020,0.23777777777777778,0.1630681818181818,-0.5570735945244631,0.4629957898973058,-0.7784703890729777,-0.6799079132466915,0.1521797508826902,-0.27992117441119113,-0.28159593614585904
06075012503,8187.75,Commercial,"Census Tract 125.03, San Francisco County, California",3600.0,856.0,0.4462,35000.0,3520.0,574.0,781.0,06,075,012503,2020,0.23777777777777778,0.1630681818181818,0.025212662870211424,0.9565899424334792,-0.5582955871884878,-0.0875187342086948,0.2452707292351184,0.09045376149162154,0.11781337712096947
06075012503,4860.0,Infrastructure,"Census Tract 125.03, San Francisco County, California",3600.0,856.0,0.4462,35000.0,3520.0,574.0,781.0,06,075,012503,2020,0.23777777777777778,0.1630681818181818,-0.37208073182691526,0.4386780164286351,-0.9070865886628763,-0.9068026653643446,0.46496813399899445,0.13297019948810251,-0.1308863786539583
06075012503,18070.0,Public Services,"Census Tract 125.03, San Francisco County, California",3600.0,856.0,0.4462,35000.0,3520.0,574.0,781.0,06,075,012503,2020,0.23777777777777778,0.1630681818181818,-0.34312265643568707,0.4629957898973058,-0.7784703890729777,-0.6799079132466915,0.1521797508826902,-0.27992117441119113,-0.21741065471922622
06075012801,675.0,Recreational,"Census Tract 128.01, San Francisco County, California",2751.0,2075.0,0.5237,210509.0,2751.0,27.0,324.0,06,075,012801,2020,0.7542711741185023,0.009814612868047983,-0.2152940430883078,-0.6042539543779142,0.6845440074257246,1.2905965175422427,-0.7534166839960698,-0.5836350078396925,-0.21775438325955757
06075032902,15900.0,Public Services,"Census Tract 329.02, San Francisco County, California",4450.0,1017.0,0.4687,111829.0,4413.0,355.0,806.0,06,075,032902,2020,0.22853932584269662,0.08044414230682076,-0.36892279734441974,0.07462388226266063,-0.5910305978742305,0.14232441393407347,0.22167260850378398,0.3065200765842904,-0.08646671925593202
06075035400,150.0,Public Services,"Census Tract 354, San Francisco County, California",7332.0,2552.0,0.4963,115160.0,7332.0,678.0,1174.0,06,075,035400,2020,0.348063284233497,0.09247135842880523,-0.5561818845852212,-0.4017789911025039,1.1960506411945704,-1.070374406519749,1.2446074726862841,2.294900882900735,0.5444387592953458
06075035400,1200.0,Recreational,"Census Tract 354, San Francisco County, California",7332.0,2552.0,0.4963,115160.0,7332.0,678.0,1174.0,06,075,035400,2020,0.348063284233497,0.09247135842880523,-0.19771868009227253,-0.15553520926003864,1.211383788929227,-1.559576867493754,1.504383728329094,2.476426000649695,0.7420255989273119
06075035400,10550.0,Public Services,"Census Tract 354, San Francisco County, California",7332.0,2552.0,0.4963,115160.0,7332.0,678.0,1174.0,06,075,035400,2020,0.348063284233497,0.09247135842880523,-0.4325314396770094,-0.4017789911025039,1.1960506411945704,-1.070374406519749,1.2446074726862841,2.294900882900735,0.5815338927678093
06075035400,500.0,Recreational,"Census Tract 354, San Francisco County, California",7332.0,2552.0,0.4963,115160.0,7332.0,678.0,1174.0,06,075,035400,2020,0.348063284233497,0.09247135842880523,-0.22115249742031956,-0.15553520926003864,1.211383788929227,-1.559576867493754,1.504383728329094,2.476426000649695,0.7349954537288979
06075035400,500.0,Recreational,"Census Tract 354, San Francisco County, California",7332.0,2552.0,0.4963,115160.0,7332.0,678.0,1174.0,06,075,035400,2020,0.348063284233497,0.09247135842880523,-0.22115249742031956,-0.15553520926003864,1.211383788929227,-1.559576867493754,1.504383728329094,2.476426000649695,0.7349954537288979
06075026100,50400.0,Public Services,"Census Tract 261, San Francisco County, California",7518.0,484.0,0.4463,103043.0,7518.0,531.0,1752.0,06,075,026100,2020,0.06437882415536046,0.07063048683160415,0.04126377470685965,0.46126969253004085,-1.2115610867495863,-0.5184650362203312,2.8512823408859718,2.4232280272362168,0.7862501280482487
06075026100,6400.0,Public Services,"Census Tract 261, San Francisco County, California",7518.0,484.0,0.4463,103043.0,7518.0,531.0,1752.0,06,075,026100,2020,0.06437882415536046,0.07063048683160415,-0.48187272298172856,0.46126969253004085,-1.2115610867495863,-0.5184650362203312,2.8512823408859718,2.4232280272362168,0.6293091787416722
06075026100,50400.0,Public Services,"Census Tract 261, San Francisco County, California",7518.0,484.0,0.4463,103043.0,7518.0,531.0,1752.0,06,075,026100,2020,0.06437882415536046,0.07063048683160415,0.04126377470685965,0.46126969253004085,-1.2115610867495863,-0.5184650362203312,2.8512823408859718,2.4232280272362168,0.7862501280482487
06075026100,261700.0,Public Services,"Census Tract 261, San Francisco County, California",7518.0,484.0,0.4463,103043.0,7518.0,531.0,1752.0,06,075,026100,2020,0.06437882415536046,0.07063048683160415,2.553507910197739,0.46126969253004085,-1.2115610867495863,-0.5184650362203312,2.8512823408859718,2.4232280272362168,1.5399233686955127
06075026100,4000.0,Public Services,"Census Tract 261, San Francisco County, California",7518.0,484.0,0.4463,103043.0,7518.0,531.0,1752.0,06,075,026100,2020,0.06437882415536046,0.07063048683160415,-0.5104074410374697,0.46126969253004085,-1.2115610867495863,-0.5184650362203312,2.8512823408859718,2.4232280272362168,0.6207487633249498
06075026100,52545.0,Public Services,"Census Tract 261, San Francisco County, California",7518.0,484.0,0.4463,103043.0,7518.0,531.0,1752.0,06,075,026100,2020,0.06437882415536046,0.07063048683160415,0.06676667896917833,0.46126969253004085,-1.2115610867495863,-0.5184650362203312,2.8512823408859718,2.4232280272362168,0.7939009993269444
06075026100,6400.0,Public Services,"Census Tract 261, San Francisco County, California",7518.0,484.0,0.4463,103043.0,7518.0,531.0,1752.0,06,075,026100,2020,0.06437882415536046,0.07063048683160415,-0.48187272298172856,0.46126969253004085,-1.2115610867495863,-0.5184650362203312,2.8512823408859718,2.4232280272362168,0.6293091787416722
06075026100,500.0,Recreational,"Census Tract 261, San Francisco County, California",7518.0,484.0,0.4463,103043.0,7518.0,531.0,1752.0,06,075,026100,2020,0.06437882415536046,0.07063048683160415,-0.22115249742031956,0.6632946175973983,-1.0726930835010515,-0.9159893289372385,3.0396880087102054,2.600672092677424,0.8025326342835098
06075026100,173521.0,Public Services,"Census Tract 261, San Francisco County, California",7518.0,484.0,0.4463,103043.0,7518.0,531.0,1752.0,06,075,026100,2020,0.06437882415536046,0.07063048683160415,1.5051067004322385,0.46126969253004085,-1.2115610867495863,-0.5184650362203312,2.8512823408859718,2.4232280272362168,1.2254030057658623
06075026100,6400.0,Public Services,"Census Tract 261, San Francisco County, California",7518.0,484.0,0.4463,103043.0,7518.0,531.0,1752.0,06,075,026100,2020,0.06437882415536046,0.07063048683160415,-0.48187272298172856,0.46126969253004085,-1.2115610867495863,-0.5184650362203312,2.8512823408859718,2.4232280272362168,0.6293091787416722
06075026100,34850.0,Public Services,"Census Tract 261, San Francisco County, California",7518.0,484.0,0.4463,103043.0,7518.0,531.0,1752.0,06,075,026100,2020,0.06437882415536046,0.07063048683160415,-0.14361741936263003,0.46126969253004085,-1.2115610867495863,-0.5184650362203312,2.8512823408859718,2.4232280272362168,0.7307857698274017
06075025300,41231.0,Infrastructure,"Census Tract 253, San Francisco County, California",4601.0,2063.0,0.4636,149353.0,4548.0,240.0,898.0,06,075,025300,2020,0.44838078678548143,0.052770448548812667,-0.030840398007750052,0.14121788784700653,0.8790862255298865,0.3990234410880639,0.8148921639270447,0.8101979617355325,0.4480180865947753
06075026402,8450.0,Public Services,"Census Tract 264.02, San Francisco County, California",5758.0,1090.0,0.4085,130521.0,5704.0,436.0,705.0,06,075,026402,2020,0.18930184091698507,0.07643758765778401,-0.45749931797578297,1.1137344973562442,-0.5060423695667241,-0.16178891255744235,-0.059078536285434816,1.208949672233808,0.1787427321517674
06075026402,1753.0,Recreational,"Census Tract 264.02, San Francisco County, California",5758.0,1090.0,0.4085,130521.0,5704.0,436.0,705.0,06,075,026402,2020,0.18930184091698507,0.07643758765778401,-0.17920596440311537,1.28232996670162,-0.40337461894943216,-0.5000654094619394,0.2586091478814448,1.4250101466085914,0.3768716438727316
06075011200,1200.0,Recreational,"Census Tract 112, San Francisco County, California",3298.0,1944.0,0.4638,145000.0,3298.0,279.0,443.0,06,075,011200,2020,0.5894481503941783,0.08459672528805337,-0.19771868009227253,0.37670417819729535,0.5398563525474044,0.1873035943025021,-0.43732462627054686,-0.21824461891943603,-0.021713962425320935
06075011200,500.0,Recreational,"Census Tract 112, San Francisco County, California",3298.0,1944.0,0.4638,145000.0,3298.0,279.0,443.0,06,075,011200,2020,0.5894481503941783,0.08459672528805337,-0.22115249742031956,0.37670417819729535,0.5398563525474044,0.1873035943025021,-0.43732462627054686,-0.21824461891943603,-0.02874410762373504
06075011200,500.0,Recreational,"Census Tract 112, San Francisco County, California",3298.0,1944.0,0.4638,145000.0,3298.0,279.0,443.0,06,075,011200,2020,0.5894481503941783,0.08459672528805337,-0.22115249742031956,0.37670417819729535,0.5398563525474044,0.1873035943025021,-0.43732462627054686,-0.21824461891943603,-0.02874410762373504
06075011200,12570.0,Infrastructure,"Census Tract 112, San Francisco County, California",3298.0,1944.0,0.4638,145000.0,3298.0,279.0,443.0,06,075,011200,2020,0.5894481503941783,0.08459672528805337,-0.29974389825770453,0.13779880590928703,0.7029846804686282,0.2465467400352378,-0.5459235080153727,-0.07134826624488833,-0.04763648897014576
06075011200,500.0,Recreational,"Census Tract 112, San Francisco County, California",3298.0,1944.0,0.4638,145000.0,3298.0,279.0,443.0,06,075,011200,2020,0.5894481503941783,0.08459672528805337,-0.22115249742031956,0.37670417819729535,0.5398563525474044,0.1873035943025021,-0.43732462627054686,-0.21824461891943603,-0.02874410762373504
06075016801,180.0,Public Services,"Census Tract 168.01, San Francisco County, California",4087.0,2313.0,0.4613,157313.0,4087.0,404.0,1290.0,06,075,016801,2020,0.5659407878639588,0.0988500122339124,-0.5558252006095245,0.20235508744027744,0.9178015101604053,-0.0416453761657324,1.5670543320481591,0.0560751658650436,0.24546684362919105
06075060100,75.0,Public Services,"Census Tract 601, San Francisco County, California",4073.0,2329.0,0.4291,199444.0,4073.0,154.0,486.0,06,075,060100,2020,0.5718143874294133,0.037809968082494476,-0.5570735945244631,0.7581584396996359,0.9364290670497218,0.8969760018945016,-0.6678359690462161,0.04641613349570626,0.04102267909199862
06075060100,75.0,Public Services,"Census Tract 601, San Francisco County, California",4073.0,2329.0,0.4291,199444.0,4073.0,154.0,486.0,06,075,060100,2020,0.5718143874294133,0.037809968082494476,-0.5570735945244631,0.7581584396996359,0.9364290670497218,0.8969760018945016,-0.6678359690462161,0.04641613349570626,0.04102267909199862
06075060100,4500.0,Recreational,"Census Tract 601, San Francisco County, California",4073.0,2329.0,0.4291,199444.0,4073.0,154.0,486.0,06,075,060100,2020,0.5718143874294133,0.037809968082494476,-0.08724496983147939,0.9449720780363562,0.9650834298615519,0.7345719094015798,-0.32310648776468565,0.29944743119610107,0.30848694377983876
06075016700,500.0,Recreational,"Census Tract 167, San Francisco County, California",5427.0,3716.0,0.4455,185806.0,5397.0,202.0,2025.0,06,075,016700,2020,0.6847245255205454,0.037428200852325365,-0.22115249742031956,0.6763958948271167,2.497005394107585,0.524420876403534,3.764840376433464,1.2039055419786007,1.2413926527950259
06075016700,19446.0,Recreational,"Census Tract 167, San Francisco County, California",5427.0,3716.0,0.4455,185806.0,5397.0,202.0,2025.0,06,075,016700,2020,0.6847245255205454,0.037428200852325365,0.4131005070042219,0.6763958948271167,2.497005394107585,0.524420876403534,3.764840376433464,1.2039055419786007,1.4316685541223881
06075016700,1200.0,Recreational,"Census Tract 167, San Francisco County, California",5427.0,3716.0,0.4455,185806.0,5397.0,202.0,2025.0,06,075,016700,2020,0.6847245255205454,0.037428200852325365,-0.19771868009227253,0.6763958948271167,2.497005394107585,0.524420876403534,3.764840376433464,1.2039055419786007,1.24842279799344
06075016700,50400.0,Public Services,"Census Tract 167, San Francisco County, California",5427.0,3716.0,0.4455,185806.0,5397.0,202.0,2025.0,06,075,016700,2020,0.6847245255205454,0.037428200852325365,0.04126377470685965,0.475078471468161,2.551205404892346,0.7167606973069367,3.610144346108316,0.9805825497873322,1.2397979106051946
06075025401,15950.0,Public Services,"Census Tract 254.01, San Francisco County, California",4005.0,2006.0,0.4166,169712.0,4005.0,154.0,588.0,06,075,025401,2020,0.5008739076154807,0.03845193508114857,-0.36832832405159177,0.9739206106077711,0.5603852623466452,0.8969760018945016,-0.3843051099521536,-0.0004991665839322639,0.10675058401280049
06075025401,34200.0,Public Services,"Census Tract 254.01, San Francisco County, California",4005.0,2006.0,0.4166,169712.0,4005.0,154.0,588.0,06,075,025401,2020,0.5008739076154807,0.03845193508114857,-0.15134557216939326,0.9739206106077711,0.5603852623466452,0.8969760018945016,-0.3843051099521536,-0.0004991665839322639,0.17184540957746006
06075025401,10900.0,Public Services,"Census Tract 254.01, San Francisco County, California",4005.0,2006.0,0.4166,169712.0,4005.0,154.0,588.0,06,075,025401,2020,0.5008739076154807,0.03845193508114857,-0.42837012662721385,0.9739206106077711,0.5603852623466452,0.8969760018945016,-0.3843051099521536,-0.0004991665839322639,0.08873804324011389
06075025401,6224.0,Recreational,"Census Tract 254.01, San Francisco County, California",4005.0,2006.0,0.4166,169712.0,4005.0,154.0,588.0,06,075,025401,2020,0.5008739076154807,0.03845193508114857,-0.029530825440689277,1.1496795347507145,0.6083344792837087,0.7345719094015798,-0.052170438285665977,0.2540241287343507,0.33455070994705594
06075025401,1750.0,Public Services,"Census Tract 254.01, San Francisco County, California",4005.0,2006.0,0.4166,169712.0,4005.0,154.0,588.0,06,075,025401,2020,0.5008739076154807,0.03845193508114857,-0.537158739214727,0.9739206106077711,0.5603852623466452,0.8969760018945016,-0.3843051099521536,-0.0004991665839322639,0.056101459463859936
06075025401,5800.0,Public Services,"Census Tract 254.01, San Francisco County, California",4005.0,2006.0,0.4166,169712.0,4005.0,154.0,588.0,06,075,025401,2020,0.5008739076154807,0.03845193508114857,-0.48900640249566385,0.9739206106077711,0.5603852623466452,0.8969760018945016,-0.3843051099521536,-0.0004991665839322639,0.0705471604795789
06075025401,8777.0,Public Services,"Census Tract 254.01, San Francisco County, California",4005.0,2006.0,0.4166,169712.0,4005.0,154.0,588.0,06,075,025401,2020,0.5008739076154807,0.03845193508114857,-0.4536114626406882,0.9739206106077711,0.5603852623466452,0.8969760018945016,-0.3843051099521536,-0.0004991665839322639,0.08116564243607158
06075025401,500.0,Recreational,"Census Tract 254.01, San Francisco County, California",4005.0,2006.0,0.4166,169712.0,4005.0,154.0,588.0,06,075,025401,2020,0.5008739076154807,0.03845193508114857,-0.22115249742031956,1.1496795347507145,0.6083344792837087,0.7345719094015798,-0.052170438285665977,0.2540241287343507,0.27706420835316686
06075012204,10408.0,Recreational,"Census Tract 122.04, San Francisco County, California",2639.0,1287.0,0.5213,56386.0,2639.0,301.0,478.0,06,075,012204,2020,0.4876847290640394,0.11405835543766578,0.11053644841723755,-0.5649501226887561,-0.1857908936744008,0.09098437084506443,-0.34435637399833424,-0.6584498589531637,-0.2582444272774319
06075011102,50400.0,Public Services,"Census Tract 111.02, San Francisco County, California",2141.0,921.0,0.4393,95441.0,2130.0,316.0,392.0,06,075,011102,2020,0.4301728164409155,0.14835680751173708,0.04126377470685965,0.5820965082385962,-0.7027959392101295,0.28874934891146997,-0.9291291137015287,-1.286530333472847,-0.38796374853789733
06075011102,26100.0,Public Services,"Census Tract 111.02, San Francisco County, California",2141.0,921.0,0.4393,95441.0,2130.0,316.0,392.0,06,075,011102,2020,0.4301728164409155,0.14835680751173708,-0.24765024560751975,0.5820965082385962,-0.7027959392101295,0.28874934891146997,-0.9291291137015287,-1.286530333472847,-0.47463795463221115
06075020402,5344.0,Infrastructure,"Census Tract 204.02, San Francisco County, California",4498.0,2769.0,0.4218,134219.0,4498.0,224.0,769.0,06,075,020402,2020,0.615606936416185,0.04979991107158737,-0.367539742534114,0.855806012830458,1.923856736565587,0.4615779851097362,0.4290784899038098,0.7405131869987839,0.5422307997899876
06075020402,23300.0,Public Services,"Census Tract 204.02, San Francisco County, California",4498.0,2769.0,0.4218,134219.0,4498.0,224.0,769.0,06,075,020402,2020,0.615606936416185,0.04979991107158737,-0.2809407500058844,0.8841635475099868,1.4486868815059255,0.6341620160376361,0.1188231792245652,0.33963675899344703,0.3831042688348775
06075020402,18070.0,Public Services,"Census Tract 204.02, San Francisco County, California",4498.0,2769.0,0.4218,134219.0,4498.0,224.0,769.0,06,075,020402,2020,0.615606936416185,0.04979991107158737,-0.34312265643568707,0.8841635475099868,1.4486868815059255,0.6341620160376361,0.1188231792245652,0.33963675899344703,0.36444969690593676
06075025701,296.0,Recreational,"Census Tract 257.01, San Francisco County, California",5427.0,462.0,0.4284,107055.0,5345.0,517.0,939.0,06,075,025701,2020,0.08512990602542841,0.09672591206735266,-0.22798178132735042,0.9564356956123599,-1.0969917736332886,-0.8546952776461418,0.8801683202156664,1.2039055419786007,0.24059364644441855
06075025701,16978.0,Recreational,"Census Tract 257.01, San Francisco County, California",5427.0,462.0,0.4284,107055.0,5345.0,517.0,939.0,06,075,025701,2020,0.08512990602542841,0.09672591206735266,0.3304795624819075,0.9564356956123599,-1.0969917736332886,-0.8546952776461418,0.8801683202156664,1.2039055419786007,0.40813204958719596
06075025701,22950.0,Public Services,"Census Tract 257.01, San Francisco County, California",5427.0,462.0,0.4284,107055.0,5345.0,517.0,939.0,06,075,025701,2020,0.08512990602542841,0.09672591206735266,-0.28510206305568003,0.7702411212704912,-1.2371739774723964,-0.46590223904895817,0.5913746110480028,0.9805825497873322,0.10595704231522912
06075012502,27500.0,Public Services,"Census Tract 125.02, San Francisco County, California",4034.0,705.0,0.5083,17052.0,3853.0,1072.0,645.0,06,075,012502,2020,0.17476450173525038,0.27822475992732937,-0.23100499340833738,-0.6089106751743137,-0.9542679572159022,-2.5496416983426777,-0.22586139457605983,0.01950882903826652,-0.4612378211769232
06075012502,3740.0,Recreational,"Census Tract 125.02, San Francisco County, California",4034.0,705.0,0.5083,17052.0,3853.0,1072.0,645.0,06,075,012502,2020,0.17476450173525038,0.27822475992732937,-0.11268740007335902,-0.3520543677058226,-0.8286016962635797,-3.2845665966860467,0.09923500112908029,0.27339583125480305,-0.3055685430313978
06075040200,75.0,Public Services,"Census Tract 402, San Francisco County, California",6144.0,2723.0,0.4978,144559.0,6144.0,256.0,986.0,06,075,040200,2020,0.4431966145833333,0.041666666666666664,-0.5570735945244631,-0.42767045161148026,1.3951326554491406,0.5140184796459261,0.722021183375659,1.475262993274109,0.40705395236177705
06075040200,10720.0,Public Services,"Census Tract 402, San Francisco County, California",6144.0,2723.0,0.4978,144559.0,6144.0,256.0,986.0,06,075,040200,2020,0.4431966145833333,0.041666666666666664,-0.4305102304813944,-0.42767045161148026,1.3951326554491406,0.5140184796459261,0.722021183375659,1.475262993274109,0.4450229615746977
06075040200,7850.0,Public Services,"Census Tract 402, San Francisco County, California",6144.0,2723.0,0.4978,144559.0,6144.0,256.0,986.0,06,075,040200,2020,0.4431966145833333,0.041666666666666664,-0.46463299748971826,-0.42767045161148026,1.3951326554491406,0.5140184796459261,0.722021183375659,1.475262993274109,0.4347861314722005
06075040200,32860.0,Public Services,"Census Tract 402, San Francisco County, California",6144.0,2723.0,0.4978,144559.0,6144.0,256.0,986.0,06,075,040200,2020,0.4431966145833333,0.041666666666666664,-0.16727745641718209,-0.42767045161148026,1.3951326554491406,0.5140184796459261,0.722021183375659,1.475262993274109,0.5239927937939614
06075040200,8187.75,Commercial,"Census Tract 402, San Francisco County, California",6144.0,2723.0,0.4978,144559.0,6144.0,256.0,986.0,06,075,040200,2020,0.4431966145833333,0.041666666666666664,0.025212662870211424,-0.19589666590354013,2.458601261670866,0.7960037254219383,0.9920108207182754,2.555964860434673,1.0467642696919353
06075040200,13900.0,Public Services,"Census Tract 402, San Francisco County, California",6144.0,2723.0,0.4978,144559.0,6144.0,256.0,986.0,06,075,040200,2020,0.4431966145833333,0.041666666666666664,-0.39270172905753736,-0.42767045161148026,1.3951326554491406,0.5140184796459261,0.722021183375659,1.475262993274109,0.4563655120018548
06075040200,500.0,Recreational,"Census Tract 402, San Francisco County, California",6144.0,2723.0,0.4978,144559.0,6144.0,256.0,986.0,06,075,040200,2020,0.4431966145833333,0.041666666666666664,-0.22115249742031956,-0.18010010406576174,1.4002508804116147,0.2880009642807324,1.0050114018383518,1.682854187053233,0.6183994631262181
06075040200,500.0,Recreational,"Census Tract 402, San Francisco County, California",6144.0,2723.0,0.4978,144559.0,6144.0,256.0,986.0,06,075,040200,2020,0.4431966145833333,0.041666666666666664,-0.22115249742031956,-0.18010010406576174,1.4002508804116147,0.2880009642807324,1.0050114018383518,1.682854187053233,0.6183994631262181
06075040200,16229.0,Public Services,"Census Tract 402, San Francisco County, California",6144.0,2723.0,0.4978,144559.0,6144.0,256.0,986.0,06,075,040200,2020,0.4431966145833333,0.041666666666666664,-0.3650111630776119,-0.42767045161148026,1.3951326554491406,0.5140184796459261,0.722021183375659,1.475262993274109,0.46467268179583243
06075021300,6096.0,Public Services,"Census Tract 213, San Francisco County, California",2673.0,1759.0,0.4712,161133.0,2673.0,66.0,462.0,06,075,021300,2020,0.658062102506547,0.024691358024691357,-0.4854871206021224,0.03147144808103339,0.2728223528678218,1.227370726971704,-0.7345491123624661,-0.9194871034380281,-0.3327133172316988
06075011001,50400.0,Public Services,"Census Tract 110.01, San Francisco County, California",2796.0,1416.0,0.526,102536.0,2796.0,316.0,798.0,06,075,011001,2020,0.5064377682403434,0.11301859799713877,0.04126377470685965,-0.9144299091802351,-0.1265058979469005,0.28874934891146997,0.19943489406503398,-0.8346256047645643,-0.26633365805459674
06075011001,1200.0,Recreational,"Census Tract 110.01, San Francisco County, California",2796.0,1416.0,0.526,102536.0,2796.0,316.0,798.0,06,075,011001,2020,0.5064377682403434,0.11301859799713877,-0.19771868009227253,-0.6419201264133557,-0.043312210626283806,0.025312173033175105,0.5056390753476098,-0.5535754694458871,-0.1957040785190049
06075011001,9600.0,Public Services,"Census Tract 110.01, San Francisco County, California",2796.0,1416.0,0.526,102536.0,2796.0,316.0,798.0,06,075,011001,2020,0.5064377682403434,0.11301859799713877,-0.4438264322407403,-0.9144299091802351,-0.1265058979469005,0.28874934891146997,0.19943489406503398,-0.8346256047645643,-0.41186072013887676
06075030101,30114.0,Public Services,"Census Tract 301.01, San Francisco County, California",5252.0,2568.0,0.3763,132111.0,5084.0,687.0,1074.0,06,075,030101,2020,0.48895658796648894,0.1351298190401259,-0.19992592965929262,1.6695378496156017,1.214678198083887,-1.1041647761299171,0.966636042201909,0.8598446451706154,0.6344107248150492
06075030101,27444.0,Public Services,"Census Tract 301.01, San Francisco County, California",5252.0,2568.0,0.3763,132111.0,5084.0,687.0,1074.0,06,075,030101,2020,0.48895658796648894,0.1351298190401259,-0.23167080349630467,1.6695378496156017,1.214678198083887,-1.1041647761299171,0.966636042201909,0.8598446451706154,0.6248872626639455
06075031302,35180.0,Public Services,"Census Tract 313.02, San Francisco County, California",5635.0,788.0,0.424,98209.0,5601.0,784.0,1159.0,06,075,031302,2020,0.13984028393966283,0.13997500446348865,-0.13969389562996562,0.8461894054301553,-0.8576375058525728,-1.468349870817288,1.202911758113628,1.124088173560344,0.2882115211358963
06075031302,4794.0,Public Services,"Census Tract 313.02, San Francisco County, California",5635.0,788.0,0.424,98209.0,5601.0,784.0,1159.0,06,075,031302,2020,0.13984028393966283,0.13997500446348865,-0.500967205147362,0.8461894054301553,-0.8576375058525728,-1.468349870817288,1.202911758113628,1.124088173560344,0.17982952828067741
06075031302,2215.0,Public Services,"Census Tract 313.02, San Francisco County, California",5635.0,788.0,0.424,98209.0,5601.0,784.0,1159.0,06,075,031302,2020,0.13984028393966283,0.13997500446348865,-0.5316301375914272,0.8461894054301553,-0.8576375058525728,-1.468349870817288,1.202911758113628,1.124088173560344,0.17063064854745782
06075013102,296.0,Recreational,"Census Tract 131.02, San Francisco County, California",2981.0,1900.0,0.4648,202176.0,2935.0,198.0,543.0,06,075,013102,2020,0.637370010063737,0.06746166950596252,-0.22798178132735042,0.3603275816601466,0.4912589722829303,0.5419334624867045,-0.17170104834993935,-0.4299973671602428,-0.025314508866947846
06075013102,1200.0,Recreational,"Census Tract 131.02, San Francisco County, California",2981.0,1900.0,0.4648,202176.0,2935.0,198.0,543.0,06,075,013102,2020,0.637370010063737,0.06746166950596252,-0.19771868009227253,0.3603275816601466,0.4912589722829303,0.5419334624867045,-0.17170104834993935,-0.4299973671602428,-0.01623557849642447
06075013102,500.0,Recreational,"Census Tract 131.02, San Francisco County, California",2981.0,1900.0,0.4648,202176.0,2935.0,198.0,543.0,06,075,013102,2020,0.637370010063737,0.06746166950596252,-0.22115249742031956,0.3603275816601466,0.4912589722829303,0.5419334624867045,-0.17170104834993935,-0.4299973671602428,-0.023265723694838578
06075017000,45160.0,Public Services,"Census Tract 170, San Francisco County, California",4323.0,3195.0,0.4461,213668.0,4323.0,273.0,1264.0,06,075,017000,2020,0.7390700902151284,0.06315058986814712,-0.02103702638150858,0.4647218872645707,1.944645583683977,0.4501922259378302,1.4947817601222215,0.21889885437673026,0.6456006589184003
06075017000,500.0,Recreational,"Census Tract 170, San Francisco County, California",4323.0,3195.0,0.4461,213668.0,4323.0,273.0,1264.0,06,075,017000,2020,0.7390700902151284,0.06315058986814712,-0.22115249742031956,0.6665699369048276,1.9215682323396086,0.21357247342725783,1.7434449484576406,0.46644486671724206,0.687359315444027
06075017000,32030.0,Recreational,"Census Tract 170, San Francisco County, California",4323.0,3195.0,0.4461,213668.0,4323.0,273.0,1264.0,06,075,017000,2020,0.7390700902151284,0.06315058986814712,0.8343735887987132,0.6665699369048276,1.9215682323396086,0.21357247342725783,1.7434449484576406,0.46644486671724206,1.0040171413097365
06075017000,500.0,Recreational,"Census Tract 170, San Francisco County, California",4323.0,3195.0,0.4461,213668.0,4323.0,273.0,1264.0,06,075,017000,2020,0.7390700902151284,0.06315058986814712,-0.22115249742031956,0.6665699369048276,1.9215682323396086,0.21357247342725783,1.7434449484576406,0.46644486671724206,0.687359315444027
06075017000,2000.0,Recreational,"Census Tract 170, San Francisco County, California",4323.0,3195.0,0.4461,213668.0,4323.0,273.0,1264.0,06,075,017000,2020,0.7390700902151284,0.06315058986814712,-0.1709371745745045,0.6665699369048276,1.9215682323396086,0.21357247342725783,1.7434449484576406,0.46644486671724206,0.7024239122977715
06075016802,16100.0,Public Services,"Census Tract 168.02, San Francisco County, California",3774.0,1727.0,0.5453,89318.0,3737.0,496.0,903.0,06,075,016802,2020,0.45760466348701645,0.13272678619213274,-0.366544904173108,-1.2475667010623968,0.23556723908918883,-0.3870580432918985,0.49130489607362776,-0.15987320067799843,-0.23939519843706403
06075016802,3700.0,Public Services,"Census Tract 168.02, San Francisco County, California",3774.0,1727.0,0.5453,89318.0,3737.0,496.0,903.0,06,075,016802,2020,0.45760466348701645,0.13272678619213274,-0.5139742807944374,-1.2475667010623968,0.23556723908918883,-0.3870580432918985,0.49130489607362776,-0.15987320067799843,-0.28362401142346294
06075016802,53500.0,Public Services,"Census Tract 168.02, San Francisco County, California",3774.0,1727.0,0.5453,89318.0,3737.0,496.0,903.0,06,075,016802,2020,0.45760466348701645,0.13272678619213274,0.078121118862192,-1.2475667010623968,0.23556723908918883,-0.3870580432918985,0.49130489607362776,-0.15987320067799843,-0.10599539152647405
06075047702,296.0,Recreational,"Census Tract 477.02, San Francisco County, California",3803.0,1679.0,0.4607,125156.0,3791.0,403.0,695.0,06,075,047702,2020,0.44149355771759136,0.10630440517013981,-0.22798178132735042,0.4274716274624562,0.24716758504545858,-0.355586574275783,0.23204679008938406,0.11909020083326878,0.0736470774442543
06075047702,50400.0,Public Services,"Census Tract 477.02, San Francisco County, California",3803.0,1679.0,0.4607,125156.0,3791.0,403.0,695.0,06,075,047702,2020,0.44149355771759136,0.10630440517013981,0.04126377470685965,0.21271167164386778,0.17968456842123934,-0.037890890653491466,-0.08687567933387232,-0.13986520505579964,0.028339630977908623
06075047702,1420.0,Recreational,"Census Tract 477.02, San Francisco County, California",3803.0,1679.0,0.4607,125156.0,3791.0,403.0,695.0,06,075,047702,2020,0.44149355771759136,0.10630440517013981,-0.19035376607488633,0.4274716274624562,0.24716758504545858,-0.355586574275783,0.23204679008938406,0.11909020083326878,0.08493548201999354
06075021600,1072.0,Recreational,"Census Tract 216, San Francisco County, California",3977.0,2208.0,0.4317,188482.0,3977.0,143.0,815.0,06,075,021600,2020,0.5551923560472718,0.03595675132009052,-0.20200372097511543,0.9023929270397696,0.8314406341342484,0.7827315211302986,0.550795083594113,0.2353204159559829,0.36829383967039653
06075021600,500.0,Recreational,"Census Tract 216, San Francisco County, California",3977.0,2208.0,0.4317,188482.0,3977.0,143.0,815.0,06,075,021600,2020,0.5551923560472718,0.03595675132009052,-0.22115249742031956,0.9023929270397696,0.8314406341342484,0.7827315211302986,0.550795083594113,0.2353204159559829,0.3625492067368353
06075021600,27000.0,Public Services,"Census Tract 216, San Francisco County, California",3977.0,2208.0,0.4317,188482.0,3977.0,143.0,815.0,06,075,021600,2020,0.5551923560472718,0.03595675132009052,-0.2369497263366168,0.7132799081507437,0.7955581680742659,0.9382753425291519,0.24669003724737773,-0.01981723132260695,0.23519461998180927
06075045201,8500.0,Public Services,"Census Tract 452.01, San Francisco County, California",3357.0,1165.0,0.4945,155586.0,3344.0,114.0,746.0,06,075,045201,2020,0.3470360440869824,0.03409090909090909,-0.456904844682955,-0.37070923849173193,-0.418725696648053,1.047155422384139,0.05488975021315895,-0.44757437910754644,-0.2844103358461827
06075025502,12570.0,Infrastructure,"Census Tract 255.02, San Francisco County, California",4895.0,1084.0,0.3761,147596.0,4798.0,408.0,862.0,06,075,025502,2020,0.22145045965270685,0.0850354314297624,-0.29974389825770453,1.637066235599447,-0.5696819477051713,-0.25779927113949486,0.7072232316414907,1.0091040177802322,0.36519879845212533
06075025502,8302.0,Public Services,"Census Tract 255.02, San Francisco County, California",4895.0,1084.0,0.3761,147596.0,4798.0,408.0,862.0,06,075,025502,2020,0.22145045965270685,0.0850354314297624,-0.45925895892255364,1.6729900443501324,-0.5130277034002177,-0.05666331821469614,0.377336609575034,0.6135393197525132,0.212691852941744
06075032601,16257.0,Public Services,"Census Tract 326.01, San Francisco County, California",5196.0,1569.0,0.4126,113472.0,5196.0,612.0,951.0,06,075,032601,2020,0.30196304849884525,0.11778290993071594,-0.36467825803362824,1.0429645052983747,0.05162011480718846,-0.822578362711847,0.6247311827061278,0.821208515693266,0.27160667801472604
06075032601,4830.0,Public Services,"Census Tract 326.01, San Francisco County, California",5196.0,1569.0,0.4126,113472.0,5196.0,612.0,951.0,06,075,032601,2020,0.30196304849884525,0.11778290993071594,-0.5005391843765259,1.0429645052983747,0.05162011480718846,-0.822578362711847,0.6247311827061278,0.821208515693266,0.23084840011185676
06075032601,2400.0,Public Services,"Census Tract 326.01, San Francisco County, California",5196.0,1569.0,0.4126,113472.0,5196.0,612.0,951.0,06,075,032601,2020,0.30196304849884525,0.11778290993071594,-0.5294305864079638,1.0429645052983747,0.05162011480718846,-0.822578362711847,0.6247311827061278,0.821208515693266,0.22218097950242538
06075025702,5100.0,Public Services,"Census Tract 257.02, San Francisco County, California",3904.0,401.0,0.4904,88519.0,3899.0,255.0,730.0,06,075,025702,2020,0.10271516393442623,0.06540138497050525,-0.497329028595255,-0.29993924643386344,-1.3081915381129154,0.5177729651581671,0.010414321335658942,-0.07018218581986596,-0.37700396696630933
06075025702,6427.0,Public Services,"Census Tract 257.02, San Francisco County, California",3904.0,401.0,0.4904,88519.0,3899.0,255.0,730.0,06,075,025702,2020,0.10271516393442623,0.06540138497050525,-0.4815517074036014,-0.29993924643386344,-1.3081915381129154,0.5177729651581671,0.010414321335658942,-0.07018218581986596,-0.3722707706088132
06075025702,50400.0,Public Services,"Census Tract 257.02, San Francisco County, California",3904.0,401.0,0.4904,88519.0,3899.0,255.0,730.0,06,075,025702,2020,0.10271516393442623,0.06540138497050525,0.04126377470685965,-0.29993924643386344,-1.3081915381129154,0.5177729651581671,0.010414321335658942,-0.07018218581986596,-0.21542612597567493
06075025702,9300.0,Public Services,"Census Tract 257.02, San Francisco County, California",3904.0,401.0,0.4904,88519.0,3899.0,255.0,730.0,06,075,025702,2020,0.10271516393442623,0.06540138497050525,-0.44739327199770795,-0.29993924643386344,-1.3081915381129154,0.5177729651581671,0.010414321335658942,-0.07018218581986596,-0.3620232399870452
06075025702,56113.0,Public Services,"Census Tract 257.02, San Francisco County, California",3904.0,401.0,0.4904,88519.0,3899.0,255.0,730.0,06,075,025702,2020,0.10271516393442623,0.06540138497050525,0.1091882931453802,-0.29993924643386344,-1.3081915381129154,0.5177729651581671,0.010414321335658942,-0.07018218581986596,-0.19504877044411875
06075060502,57885.0,Public Services,"Census Tract 605.02, San Francisco County, California",3611.0,137.0,0.6303,31359.0,3597.0,1106.0,562.0,06,075,060502,2020,0.03793962891165882,0.3074784542674451,0.13025642664320244,-2.714749463237721,-1.6155462267866376,-2.6772942057588693,-0.4565776818780911,-0.27233193469242606,-0.8672851750188353
06075031000,75.0,Public Services,"Census Tract 310, San Francisco County, California",4020.0,1646.0,0.4333,165806.0,4020.0,242.0,484.0,06,075,031000,2020,0.40945273631840795,0.06019900497512438,-0.5570735945244631,0.6856623502745016,0.14126523233702407,0.5665812768172992,-0.6733953976559036,0.009849796668929175,-0.11379322743934485
06075031000,12138.0,Public Services,"Census Tract 310, San Francisco County, California",4020.0,1646.0,0.4333,165806.0,4020.0,242.0,484.0,06,075,031000,2020,0.40945273631840795,0.06019900497512438,-0.413650967896794,0.6856623502745016,0.14126523233702407,0.5665812768172992,-0.6733953976559036,0.009849796668929175,-0.07076643945104409
06075031000,6400.0,Public Services,"Census Tract 310, San Francisco County, California",4020.0,1646.0,0.4333,165806.0,4020.0,242.0,484.0,06,075,031000,2020,0.40945273631840795,0.06019900497512438,-0.48187272298172856,0.6856623502745016,0.14126523233702407,0.5665812768172992,-0.6733953976559036,0.009849796668929175,-0.09123296597652446
06075031000,6100.0,Public Services,"Census Tract 310, San Francisco County, California",4020.0,1646.0,0.4333,165806.0,4020.0,242.0,484.0,06,075,031000,2020,0.40945273631840795,0.06019900497512438,-0.4854395627386962,0.6856623502745016,0.14126523233702407,0.5665812768172992,-0.6733953976559036,0.009849796668929175,-0.09230301790361477
06075020601,2100.0,Recreational,"Census Tract 206.01, San Francisco County, California",3050.0,2121.0,0.4764,145000.0,3050.0,185.0,896.0,06,075,020601,2020,0.6954098360655737,0.060655737704918035,-0.1675894863847835,0.17035906182922142,0.7353503595204021,0.5988493672570085,0.7659501817098051,-0.3839060749564079,0.15363334791504807
06075020601,225000.0,Public Services,"Census Tract 206.01, San Francisco County, California",3050.0,2121.0,0.4764,145000.0,3050.0,185.0,896.0,06,075,020601,2020,0.6954098360655737,0.060655737704918035,2.11716451326203,-0.058285615016750884,0.6942708274886075,0.7805869510150325,0.4718468959397215,-0.6593831603494439,0.7084768857212085
06075020601,8433.0,Public Services,"Census Tract 206.01, San Francisco County, California",3050.0,2121.0,0.4764,145000.0,3050.0,185.0,896.0,06,075,020601,2020,0.6954098360655737,0.060655737704918035,-0.4577014388953444,-0.058285615016750884,0.6942708274886075,0.7805869510150325,0.4718468959397215,-0.6593831603494439,-0.06398289992600376
06075017101,500.0,Recreational,"Census Tract 171.01, San Francisco County, California",4117.0,3167.0,0.4216,173250.0,3925.0,198.0,909.0,06,075,017101,2020,0.7692494534855477,0.050445859872611465,-0.22115249742031956,1.0677965520649717,1.8906426267167615,0.5419334624867045,0.8004812468394841,0.32883897984782184,0.5903567837109863
06075047701,15900.0,Public Services,"Census Tract 477.01, San Francisco County, California",4947.0,1665.0,0.4356,89922.0,4939.0,576.0,1021.0,06,075,047701,2020,0.33656761673741664,0.11662279813727475,-0.36892279734441974,0.6459621108274051,0.16338545614308742,-0.6874168842711734,0.8193111840451903,0.6494157256957661,0.22913427437462103
06075030302,1820.0,Recreational,"Census Tract 303.02, San Francisco County, California",4079.0,1600.0,0.5036,153750.0,4079.0,375.0,580.0,06,075,030302,2020,0.39225300318705564,0.09193429762196617,-0.1769630133160023,-0.27508436398122477,0.1599131977524257,-0.2329984716935896,-0.07342032451931459,0.3034553696486084,-0.03233647726197554
06075030302,500.0,Recreational,"Census Tract 303.02, San Francisco County, California",4079.0,1600.0,0.5036,153750.0,4079.0,375.0,580.0,06,075,030302,2020,0.39225300318705564,0.09193429762196617,-0.22115249742031956,-0.27508436398122477,0.1599131977524257,-0.2329984716935896,-0.07342032451931459,0.3034553696486084,-0.04559332249327071
06075022902,61442.0,Public Services,"Census Tract 229.02, San Francisco County, California",2280.0,900.0,0.4247,147656.0,2273.0,262.0,292.0,06,075,022902,2020,0.39473684210526316,0.11526616805983282,0.17254725669498217,0.8341067238592991,-0.7272446076273574,0.4914915665724805,-1.2071005441859037,-1.1906299406629979,-0.32682299698857525
06075013500,13400.0,Public Services,"Census Tract 135, San Francisco County, California",2552.0,1791.0,0.5095,137250.0,2552.0,150.0,513.0,06,075,013500,2020,0.7018025078369906,0.05877742946708464,-0.39864646198581677,-0.6296238435814944,0.3100774666464548,0.9119939439434653,-0.5927836828154349,-1.0029687403444436,-0.4114374984300317
06075021800,60960.0,Public Services,"Census Tract 218, San Francisco County, California",4145.0,2548.0,0.4256,184720.0,4145.0,217.0,665.0,06,075,021800,2020,0.6147165259348613,0.05235223160434258,0.1668165341521208,0.818571847553914,1.1913937519722413,0.6604434146233226,-0.17026710847918483,0.09609115710944117,0.3782401360557362
06075021800,7185.0,Public Services,"Census Tract 218, San Francisco County, California",4145.0,2548.0,0.4256,184720.0,4145.0,217.0,665.0,06,075,021800,2020,0.6147165259348613,0.05235223160434258,-0.47253949228432984,0.818571847553914,1.1913937519722413,0.6604434146233226,-0.17026710847918483,0.09609115710944117,0.18643332812480096
06075021800,12570.0,Infrastructure,"Census Tract 218, San Francisco County, California",4145.0,2548.0,0.4256,184720.0,4145.0,217.0,665.0,06,075,021800,2020,0.6147165259348613,0.05235223160434258,-0.29974389825770453,0.7908434560137811,1.5968110100232502,0.48894559811921784,0.11803490774554298,0.501690609502937,0.4107156383966231
06075013200,75.0,Public Services,"Census Tract 132, San Francisco County, California",4477.0,2989.0,0.5203,190208.0,4449.0,194.0,503.0,06,075,013200,2020,0.6676345767254858,0.043605304562823105,-0.5570735945244631,-0.8160423592461244,1.7048157887340272,0.7467965814048642,-0.6205808258638724,0.32514821043944103,-0.024523716655602976
06075013200,64500.0,Public Services,"Census Tract 132, San Francisco County, California",4477.0,2989.0,0.5203,190208.0,4449.0,194.0,503.0,06,075,013200,2020,0.6676345767254858,0.043605304562823105,0.20890524328433904,-0.8160423592461244,1.7048157887340272,0.7467965814048642,-0.6205808258638724,0.32514821043944103,0.2052699346870377
06075020102,0.0,Commercial,"Census Tract 201.02, San Francisco County, California",2860.0,1214.0,0.5445,114375.0,2860.0,413.0,740.0,06,075,020102,2020,0.4244755244755245,0.14440559440559442,-2.856113030630101,-1.2389417164721201,0.02019882732230419,0.35979924063574525,0.09592271093848698,-0.6267153474776623,-1.1326100433844746
06075020102,34300.0,Public Services,"Census Tract 201.02, San Francisco County, California",2860.0,1214.0,0.5445,114375.0,2860.0,413.0,740.0,06,075,020102,2020,0.4244755244755245,0.14440559440559442,-0.15015662558373738,-1.2337579221242758,-0.3616788036745212,-0.07543574577590083,0.03821146438409644,-0.7904700282190221,-0.44049656981992574
06075020102,17284.0,Public Services,"Census Tract 201.02, San Francisco County, California",2860.0,1214.0,0.5445,114375.0,2860.0,413.0,740.0,06,075,020102,2020,0.4244755244755245,0.14440559440559442,-0.3524677765989423,-1.2337579221242758,-0.3616788036745212,-0.07543574577590083,0.03821146438409644,-0.7904700282190221,-0.5011899151244872
06075020102,8187.75,Commercial,"Census Tract 201.02, San Francisco County, California",2860.0,1214.0,0.5445,114375.0,2860.0,413.0,740.0,06,075,020102,2020,0.4244755244755245,0.14440559440559442,0.025212662870211424,-1.2389417164721201,0.02019882732230419,0.35979924063574525,0.09592271093848698,-0.6267153474776623,-0.26821233533438116
06075026001,53400.0,Public Services,"Census Tract 260.01, San Francisco County, California",6708.0,700.0,0.4383,99901.0,6671.0,767.0,1185.0,06,075,026001,2020,0.10435301132975551,0.11497526607704991,0.07693217227653612,0.599357481911247,-0.9600890687438136,-1.4045236171091922,1.2751843300395653,1.8643840115816992,0.4628981846248909
06075026001,66900.0,Public Services,"Census Tract 260.01, San Francisco County, California",6708.0,700.0,0.4383,99901.0,6671.0,767.0,1185.0,06,075,026001,2020,0.10435301132975551,0.11497526607704991,0.23743996134008022,0.599357481911247,-0.9600890687438136,-1.4045236171091922,1.2751843300395653,1.8643840115816992,0.5110505213439541
06075026001,20000.0,Public Services,"Census Tract 260.01, San Francisco County, California",6708.0,700.0,0.4383,99901.0,6671.0,767.0,1185.0,06,075,026001,2020,0.10435301132975551,0.11497526607704991,-0.32017598733252856,0.599357481911247,-0.9600890687438136,-1.4045236171091922,1.2751843300395653,1.8643840115816992,0.3437657367421715
06075026001,2255.0,Recreational,"Census Tract 260.01, San Francisco County, California",6708.0,700.0,0.4383,99901.0,6671.0,767.0,1185.0,06,075,026001,2020,0.10435301132975551,0.11497526607704991,-0.16240056969071592,0.7943073898945873,-0.8341241258390881,-1.9492319078442972,1.5336023219003607,2.059600401588927,0.48980615191173477
06075042800,500.0,Recreational,"Census Tract 428, San Francisco County, California",2416.0,1556.0,0.494,198000.0,2416.0,81.0,89.0,06,075,042800,2020,0.6440397350993378,0.03352649006622516,-0.22115249742031956,-0.11786903722459617,0.11131581748795169,1.0541766054194412,-1.3776320921094973,-0.8074115714380214,-0.3827470300196494
06075021400,50400.0,Public Services,"Census Tract 214, San Francisco County, California",3633.0,2476.0,0.5227,184219.0,3633.0,289.0,785.0,06,075,021400,2020,0.6815304156344619,0.07954858243875584,0.04126377470685965,-0.8574686960604877,1.107569745970317,0.39012045774197524,0.1632986081020652,-0.25715345525489597,0.042464412949961644
06075021400,5500.0,Public Services,"Census Tract 214, San Francisco County, California",3633.0,2476.0,0.5227,184219.0,3633.0,289.0,785.0,06,075,021400,2020,0.6815304156344619,0.07954858243875584,-0.4925732422526315,-0.8574686960604877,1.107569745970317,0.39012045774197524,0.1632986081020652,-0.25715345525489597,-0.11768669213788566
06075021400,14000.0,Public Services,"Census Tract 214, San Francisco County, California",3633.0,2476.0,0.5227,184219.0,3633.0,289.0,785.0,06,075,021400,2020,0.6815304156344619,0.07954858243875584,-0.3915127824718815,-0.8574686960604877,1.107569745970317,0.39012045774197524,0.1632986081020652,-0.25715345525489597,-0.08736855420366066
06075031402,18565.0,Recreational,"Census Tract 314.02, San Francisco County, California",4755.0,813.0,0.4143,111129.0,4681.0,397.0,719.0,06,075,031402,2020,0.17097791798107256,0.0848109378337962,0.38360737405277984,1.1873457067861568,-0.7093172174325981,-0.32931769515102727,0.29579644879032985,0.7550164352977737,0.3656933552394206
06075031402,46335.0,Public Services,"Census Tract 314.02, San Francisco County, California",4755.0,813.0,0.4143,111129.0,4681.0,397.0,719.0,06,075,031402,2020,0.17097791798107256,0.0848109378337962,-0.007066904000051962,1.0136208500548687,-0.8285319482130158,-0.015363977580045847,-0.02016253601762231,0.5169489960591397,0.12524048400644466
06075020300,2976.0,Public Services,"Census Tract 203, San Francisco County, California",3651.0,2449.0,0.411,162059.0,3642.0,380.0,1299.0,06,075,020300,2020,0.670775130101342,0.1043382756727073,-0.5225822540745859,1.070582063174617,1.0761357437195955,0.04846227612805006,1.592071760791753,-0.24473469935146222,0.3575199328666291
06075020300,50400.0,Public Services,"Census Tract 203, San Francisco County, California",3651.0,2449.0,0.411,162059.0,3642.0,380.0,1299.0,06,075,020300,2020,0.670775130101342,0.1043382756727073,0.04126377470685965,1.070582063174617,1.0761357437195955,0.04846227612805006,1.592071760791753,-0.24473469935146222,0.5266737415010627
06075020300,16926.0,Public Services,"Census Tract 203, San Francisco County, California",3651.0,2449.0,0.411,162059.0,3642.0,380.0,1299.0,06,075,020300,2020,0.670775130101342,0.1043382756727073,-0.35672420537559035,1.070582063174617,1.0761357437195955,0.04846227612805006,1.592071760791753,-0.24473469935146222,0.4072773474763277
06075020300,50500.0,Public Services,"Census Tract 203, San Francisco County, California",3651.0,2449.0,0.411,162059.0,3642.0,380.0,1299.0,06,075,020300,2020,0.670775130101342,0.1043382756727073,0.04245272129251553,1.070582063174617,1.0761357437195955,0.04846227612805006,1.592071760791753,-0.24473469935146222,0.5270304254767595
06075020300,6465.0,Public Services,"Census Tract 203, San Francisco County, California",3651.0,2449.0,0.411,162059.0,3642.0,380.0,1299.0,06,075,020300,2020,0.670775130101342,0.1043382756727073,-0.4810999077010522,1.070582063174617,1.0761357437195955,0.04846227612805006,1.592071760791753,-0.24473469935146222,0.3699646367786892
06075020300,15258.0,Public Services,"Census Tract 203, San Francisco County, California",3651.0,2449.0,0.411,162059.0,3642.0,380.0,1299.0,06,075,020300,2020,0.670775130101342,0.1043382756727073,-0.3765558344243305,1.070582063174617,1.0761357437195955,0.04846227612805006,1.592071760791753,-0.24473469935146222,0.40132785876170574
06075061506,8000.0,Infrastructure,"Census Tract 615.06, San Francisco County, California",4899.0,1657.0,0.3381,250001.0,4899.0,81.0,330.0,06,075,061506,2020,0.33823229230455193,0.01653398652786283,-0.3426205946794027,2.2866918037662205,0.2782691894385346,1.020659222303432,-0.883884323245028,1.0118102226243777,0.4027703277301854
06075031202,695.0,Infrastructure,"Census Tract 312.02, San Francisco County, California",3306.0,145.0,0.4336,108438.0,3283.0,252.0,517.0,06,075,031202,2020,0.043859649122807015,0.0767590618336887,-0.4111576334891413,0.6540801785049865,-1.9592563242809826,0.35210753307180975,-0.3246040360950675,-0.06593585655659717,-0.36339611198513083
06075010701,82402.0,Public Services,"Census Tract 107.01, San Francisco County, California",3800.0,109.0,0.5696,22257.0,3800.0,886.0,771.0,06,075,010701,2020,0.028684210526315788,0.2331578947368421,0.4217504610484551,-1.667008361307813,-1.6481444513429415,-1.8513073930658634,0.1243826078342527,-0.14193499770637194,-0.47304276160250636
06075010701,16920.0,Public Services,"Census Tract 107.01, San Francisco County, California",3800.0,109.0,0.5696,22257.0,3800.0,886.0,771.0,06,075,010701,2020,0.028684210526315788,0.2331578947368421,-0.35679554217072973,-1.667008361307813,-1.6481444513429415,-1.8513073930658634,0.1243826078342527,-0.14193499770637194,-0.7066065625682618
06075010701,46000.0,Public Services,"Census Tract 107.01, San Francisco County, California",3800.0,109.0,0.5696,22257.0,3800.0,886.0,771.0,06,075,010701,2020,0.028684210526315788,0.2331578947368421,-0.011049875061999167,-1.667008361307813,-1.6481444513429415,-1.8513073930658634,0.1243826078342527,-0.14193499770637194,-0.6028828624356427
06075010701,22500.0,Public Services,"Census Tract 107.01, San Francisco County, California",3800.0,109.0,0.5696,22257.0,3800.0,886.0,771.0,06,075,010701,2020,0.028684210526315788,0.2331578947368421,-0.29045232269113147,-1.667008361307813,-1.6481444513429415,-1.8513073930658634,0.1243826078342527,-0.14193499770637194,-0.6867035967243824
06075010701,13271.0,Infrastructure,"Census Tract 107.01, San Francisco County, California",3800.0,109.0,0.5696,22257.0,3800.0,886.0,771.0,06,075,010701,2020,0.028684210526315788,0.2331578947368421,-0.29316696955056876,-1.6708955391445206,-2.0125307412743045,-2.126616273786954,0.43506009725300726,0.26828044169538123,-0.6278797436903147
06075025100,695.0,Infrastructure,"Census Tract 251, San Francisco County, California",3579.0,1771.0,0.4987,139550.0,3579.0,380.0,487.0,06,075,025100,2020,0.4948309583682593,0.10617490919251188,-0.4111576334891413,-0.45883099222282886,0.44697150991738716,-0.14832881910156837,-0.41432814633302906,0.11876262405633826,-0.17093935048632375
06075061000,12570.0,Infrastructure,"Census Tract 610, San Francisco County, California",5008.0,671.0,0.4688,80093.0,5008.0,395.0,560.0,06,075,061000,2020,0.1339856230031949,0.07887380191693291,-0.29974389825770453,0.052321757466290385,-1.1808578982118914,-0.20697370412188612,-0.19599947808732254,1.0855543046273446,-0.08184133658287529
06075061000,1200.0,Recreational,"Census Tract 610, San Francisco County, California",5008.0,671.0,0.4688,80093.0,5008.0,395.0,560.0,06,075,061000,2020,0.1339856230031949,0.07887380191693291,-0.19771868009227253,0.2948211955115516,-0.8661542173770369,-0.320561402109442,-0.1265450401034361,0.9240178400451684,0.004778184580541633
06075061000,75.0,Public Services,"Census Tract 610, San Francisco County, California",5008.0,671.0,0.4688,80093.0,5008.0,395.0,560.0,06,075,061000,2020,0.1339856230031949,0.07887380191693291,-0.5570735945244631,0.07289778489539572,-0.9938515156056997,-0.007855006555563976,-0.4621371104877786,0.691501509590736,-0.2366781529466823
06075035101,50400.0,Public Services,"Census Tract 351.01, San Francisco County, California",4160.0,1951.0,0.4288,138098.0,4160.0,529.0,436.0,06,075,035101,2020,0.4689903846153846,0.12716346153846153,0.04126377470685965,0.7633367318014306,0.49635303553961974,-0.5109560651958494,-0.8068216842884036,0.1064401203623026,0.07604956568262296
06075061502,10550.0,Public Services,"Census Tract 615.02, San Francisco County, California",1703.0,1282.0,0.4985,102362.0,1703.0,39.0,484.0,06,075,061502,2020,0.7527891955372872,0.022900763358778626,-0.4325314396770094,-0.4397531331823355,-0.2825116868949261,1.3287418358022092,-0.6733953976559036,-1.5887200604564011,-0.5904153848642474
06075026401,9945.0,Public Services,"Census Tract 264.01, San Francisco County, California",3651.0,204.0,0.4121,74781.0,3635.0,382.0,548.0,06,075,026401,2020,0.05587510271158587,0.10508940852819808,-0.4397245665202275,1.0515949921347,-1.5375433323126249,0.04095330510356819,-0.4954936821459036,-0.24473469935146222,-0.32603294791975657
06075026401,51400.0,Public Services,"Census Tract 264.01, San Francisco County, California",3651.0,204.0,0.4121,74781.0,3635.0,382.0,548.0,06,075,026401,2020,0.05587510271158587,0.10508940852819808,0.053153240563418476,1.0515949921347,-1.5375433323126249,0.04095330510356819,-0.4954936821459036,-0.24473469935146222,-0.1781696057946627
06075026401,2600.0,Recreational,"Census Tract 264.01, San Francisco County, California",3651.0,204.0,0.4121,74781.0,3635.0,382.0,548.0,06,075,026401,2020,0.05587510271158587,0.10508940852819808,-0.15085104543617847,1.2233742191678838,-1.3819491397295225,-0.26364549733913795,-0.15841986945390898,0.017555760036415055,-0.10247565499285959
06075032700,2495.0,Public Services,"Census Tract 327, San Francisco County, California",7242.0,2724.0,0.4347,133490.0,7242.0,348.0,1203.0,06,075,032700,2020,0.376139188069594,0.048053024026512015,-0.5283010871515907,0.661496987132791,1.3962968777547229,0.16860581251976,1.325219187526753,2.2328071033835664,0.803953343019364
06075032700,18825.0,Recreational,"Census Tract 327, San Francisco County, California",7242.0,2724.0,0.4347,133490.0,7242.0,348.0,1203.0,06,075,032700,2020,0.376139188069594,0.048053024026512015,0.3923113633460545,0.8532631374283234,1.4013553663267164,-0.1147885156321888,1.58141456592607,2.4163069238620842,1.1706203284467902
06075032700,64940.0,Public Services,"Census Tract 327, San Francisco County, California",7242.0,2724.0,0.4347,133490.0,7242.0,348.0,1203.0,06,075,032700,2020,0.376139188069594,0.048053024026512015,0.21413660826122494,0.661496987132791,1.3962968777547229,0.16860581251976,1.325219187526753,2.2328071033835664,1.0266846516432087
06075010702,8000.0,Public Services,"Census Tract 107.02, San Francisco County, California",1682.0,452.0,0.5772,69788.0,1682.0,168.0,262.0,06,075,010702,2020,0.26872770511296074,0.09988109393579073,-0.4628495776112344,-1.7981917612199605,-1.2488162005282193,0.8444132047231284,-1.2904919733312161,-1.6032086090104072,-1.0679009251112046
06075010702,70760.0,Public Services,"Census Tract 107.02, San Francisco County, California",1682.0,452.0,0.5772,69788.0,1682.0,168.0,262.0,06,075,010702,2020,0.26872770511296074,0.09988109393579073,0.2833332995463973,-1.7981917612199605,-1.2488162005282193,0.8444132047231284,-1.2904919733312161,-1.6032086090104072,-0.8440460619639152
06075010800,83741.0,Public Services,"Census Tract 108, San Francisco County, California",5013.0,2351.0,0.5185,127941.0,5013.0,374.0,774.0,06,075,010800,2020,0.4689806503091961,0.07460602433672452,0.43767045583038733,-0.7849726066353524,0.9620419577725321,0.07098918920149568,0.13272175074878395,0.6949511640083564,0.3203094942937568
06075010800,12615.0,Commercial,"Census Tract 108, San Francisco County, California",5013.0,2351.0,0.5185,127941.0,5013.0,374.0,774.0,06,075,010800,2020,0.4689806503091961,0.07460602433672452,1.5831924713095578,-0.6582314099457148,1.8574841605590933,0.4681557687036531,0.21977228708691302,1.4598591006451325,1.00319110561212
06075010401,500.0,Recreational,"Census Tract 104.01, San Francisco County, California",2305.0,1223.0,0.52,85972.0,2305.0,258.0,137.0,06,075,010401,2020,0.53058568329718,0.11193058568329718,-0.22115249742031956,-0.5436605471904633,-0.25647799224090845,0.27924467123914715,-1.2501327747076059,-0.881558432809408,-0.5362358993468668
06075010401,8500.0,Public Services,"Census Tract 104.01, San Francisco County, California",2305.0,1223.0,0.52,85972.0,2305.0,258.0,137.0,06,075,010401,2020,0.53058568329718,0.11193058568329718,-0.456904844682955,-0.8108640671443298,-0.3512008029242807,0.5065095086214443,-1.637956261436685,-1.1733816685748955,-0.7664254814145877
06075010401,9350.0,Public Services,"Census Tract 104.01, San Francisco County, California",2305.0,1223.0,0.52,85972.0,2305.0,258.0,137.0,06,075,010401,2020,0.53058568329718,0.11193058568329718,-0.44679879870488,-0.8108640671443298,-0.3512008029242807,0.5065095086214443,-1.637956261436685,-1.1733816685748955,-0.7633936676211652
06075010401,3813.0,Recreational,"Census Tract 104.01, San Francisco County, California",2305.0,1223.0,0.52,85972.0,2305.0,258.0,137.0,06,075,010401,2020,0.53058568329718,0.11193058568329718,-0.11024358769486269,-0.5436605471904633,-0.25647799224090845,0.27924467123914715,-1.2501327747076059,-0.881558432809408,-0.5029632264292296
06075010401,12283.0,Recreational,"Census Tract 104.01, San Francisco County, California",2305.0,1223.0,0.52,85972.0,2305.0,258.0,137.0,06,075,010401,2020,0.53058568329718,0.11193058568329718,0.17330560197450637,-0.5436605471904633,-0.25647799224090845,0.27924467123914715,-1.2501327747076059,-0.881558432809408,-0.41789846952841897
06075061401,6500.0,Public Services,"Census Tract 614.01, San Francisco County, California",3496.0,1704.0,0.5183,119896.0,3496.0,619.0,471.0,06,075,061401,2020,0.4874141876430206,0.17705949656750572,-0.4806837763960727,-0.7815204119008227,0.20879012606079636,-0.8488597612975336,-0.7095316836188724,-0.3516739862976971,-0.4493222136620727
06075061401,49900.0,Public Services,"Census Tract 614.01, San Francisco County, California",3496.0,1704.0,0.5183,119896.0,3496.0,619.0,471.0,06,075,061401,2020,0.4874141876430206,0.17705949656750572,0.03531904177858024,-0.7815204119008227,0.20879012606079636,-0.8488597612975336,-0.7095316836188724,-0.3516739862976971,-0.2945213682096769
06075061401,12570.0,Infrastructure,"Census Tract 614.01, San Francisco County, California",3496.0,1704.0,0.5183,119896.0,3496.0,619.0,471.0,06,075,061401,2020,0.4874141876430206,0.17705949656750572,-0.29974389825770453,-0.7939010221193755,0.34782190051314926,-1.082737320425298,-0.4621810051266086,0.06260887354031759,-0.2677772798004379
06075015900,66900.0,Public Services,"Census Tract 159, San Francisco County, California",4652.0,1140.0,0.4859,97869.0,4580.0,772.0,992.0,06,075,015900,2020,0.24505588993981084,0.1685589519650655,0.23743996134008022,-0.2222648649069344,-0.44783125428761,-1.4232960446703968,0.7386994692047215,0.44588611505615783,0.09953491168126237
06075015402,14300.0,Public Services,"Census Tract 154.02, San Francisco County, California",2706.0,1824.0,0.4466,142182.0,2706.0,22.0,482.0,06,075,015402,2020,0.6740576496674058,0.008130081300813009,-0.38794594271491384,0.45609140042824525,0.3484968027306701,1.3925680895103052,-0.6789548262655911,-0.8967193842817329,-0.20725424866130684
06075013300,958.0,Recreational,"Census Tract 133, San Francisco County, California",4487.0,3318.0,0.5998,151895.0,4452.0,374.0,509.0,06,075,013300,2020,0.7394695787831513,0.08400718778077268,-0.20582008551139735,-1.8505129508549312,2.0574199998971157,-0.22862032517279696,-0.2620130648429459,0.5759951844191106,0.03375609260164884
06075013300,20855.0,Public Services,"Census Tract 133, San Francisco County, California",4487.0,3318.0,0.5998,151895.0,4452.0,374.0,509.0,06,075,013300,2020,0.7394695787831513,0.08400718778077268,-0.3100104940251708,-2.1882897662218697,2.0878449272705977,0.07098918920149568,-0.6039025400348099,0.332047519274682,-0.12869629174045233
06075022803,49100.0,Public Services,"Census Tract 228.03, San Francisco County, California",5265.0,1548.0,0.4391,137737.0,5238.0,706.0,1111.0,06,075,022803,2020,0.294017094017094,0.13478426880488736,0.02580746909333318,0.585548702973127,0.027171446389960555,-1.175500000862495,1.069485471481128,0.8688137466564286,0.37506083314279326
06075022803,2414.0,Recreational,"Census Tract 228.03, San Francisco County, California",5265.0,1548.0,0.4391,137737.0,5238.0,706.0,1111.0,06,075,022803,2020,0.294017094017094,0.13478426880488736,-0.15707774546905953,0.7812061126648687,0.10247993016713823,-1.6821649700759473,1.3370408742391113,1.0956912037609012,0.4210157061683328
06075022803,50400.0,Public Services,"Census Tract 228.03, San Francisco County, California",5265.0,1548.0,0.4391,137737.0,5238.0,706.0,1111.0,06,075,022803,2020,0.294017094017094,0.13478426880488736,0.04126377470685965,0.585548702973127,0.027171446389960555,-1.175500000862495,1.069485471481128,0.8688137466564286,0.37969772482685116
06075022803,50400.0,Public Services,"Census Tract 228.03, San Francisco County, California",5265.0,1548.0,0.4391,137737.0,5238.0,706.0,1111.0,06,075,022803,2020,0.294017094017094,0.13478426880488736,0.04126377470685965,0.585548702973127,0.027171446389960555,-1.175500000862495,1.069485471481128,0.8688137466564286,0.37969772482685116
06075022803,45108.0,Public Services,"Census Tract 228.03, San Francisco County, California",5265.0,1548.0,0.4391,137737.0,5238.0,706.0,1111.0,06,075,022803,2020,0.294017094017094,0.13478426880488736,-0.021655278606049638,0.585548702973127,0.027171446389960555,-1.175500000862495,1.069485471481128,0.8688137466564286,0.36082200883297844
06075026202,50000.0,Public Services,"Census Tract 262.02, San Francisco County, California",4036.0,253.0,0.3931,103920.0,4036.0,187.0,1078.0,06,075,026202,2020,0.06268582755203171,0.04633300297324083,0.036507988364236126,1.3795534919150672,-1.4804964393390931,0.7730779799905507,0.977754899421284,0.020888690805314712,0.18530582646945004
06075026202,900.0,Recreational,"Census Tract 262.02, San Francisco County, California",4036.0,253.0,0.3931,103920.0,4036.0,187.0,1078.0,06,075,026202,2020,0.06268582755203171,0.04633300297324083,-0.20776174466143554,1.5345295533737098,-1.32782932988954,0.5900930742154233,1.2493850935253108,0.2747318107389722,0.24053529001155702
06075012802,38150.0,Public Services,"Census Tract 128.02, San Francisco County, California",1915.0,1521.0,0.4324,211333.0,1915.0,101.0,553.0,06,075,012802,2020,0.7942558746736292,0.05274151436031332,-0.10438218203598593,0.7011972265798876,-0.004262555860761025,1.095963734043271,-0.48159511062168486,-1.4424547131492929,-0.23270647652387455
06075012802,14000.0,Public Services,"Census Tract 128.02, San Francisco County, California",1915.0,1521.0,0.4324,211333.0,1915.0,101.0,553.0,06,075,012802,2020,0.7942558746736292,0.05274151436031332,-0.3915127824718815,0.7011972265798876,-0.004262555860761025,1.095963734043271,-0.48159511062168486,-1.4424547131492929,-0.3188456566546432
06075020401,21000.0,Public Services,"Census Tract 204.01, San Francisco County, California",3308.0,2330.0,0.434,180557.0,3308.0,111.0,898.0,06,075,020401,2020,0.7043530834340992,0.03355501813784764,-0.30828652147596974,0.6735796687036463,0.9375932893553042,1.0584188789208617,0.477406324549409,-0.48138099240022714,0.17744568141446065
06075020401,12570.0,Infrastructure,"Census Tract 204.01, San Francisco County, California",3308.0,2330.0,0.434,180557.0,3308.0,111.0,898.0,06,075,020401,2020,0.7043530834340992,0.03355501813784764,-0.29974389825770453,0.6472420146295466,1.2742048182303567,0.9033694522627965,0.8148921639270447,-0.06458275413452438,0.35277960182696577
06075023003,55234.0,Public Services,"Census Tract 230.03, San Francisco County, California",3968.0,394.0,0.4356,118333.0,3958.0,200.0,422.0,06,075,023003,2020,0.09929435483870967,0.050530570995452245,0.098737452657465,0.6459621108274051,-1.3163410942519915,0.7242696683314185,-0.8457376845562161,-0.026026609274323813,-0.16678810283817472
06075025600,60280.0,Public Services,"Census Tract 256, San Francisco County, California",5114.0,610.0,0.456,91473.0,5090.0,329.0,827.0,06,075,025600,2020,0.11928040672663277,0.06463654223968565,0.1587316973696608,0.29383824790532664,-1.0648690762462187,0.23994103725233779,0.2800466089055027,0.7646341832442901,0.13889576480706475
06075035201,6400.0,Public Services,"Census Tract 352.01, San Francisco County, California",5467.0,1686.0,0.427,110000.0,5465.0,572.0,665.0,06,075,035201,2020,0.3083958295225901,0.10466605672461116,-0.48187272298172856,0.7944064844122026,0.1878341245603153,-0.6723989422222096,-0.17026710847918483,1.008179785128296,0.14525021809403016
06075035201,500.0,Recreational,"Census Tract 352.01, San Francisco County, California",5467.0,1686.0,0.427,110000.0,5465.0,572.0,665.0,06,075,035201,2020,0.3083958295225901,0.10466605672461116,-0.22115249742031956,0.9793629307643683,0.2548989864511704,-1.095493336289736,0.1523597167132018,1.2306251316619832,0.33299785538112503
06075035201,14700.0,Public Services,"Census Tract 352.01, San Francisco County, California",5467.0,1686.0,0.427,110000.0,5465.0,572.0,665.0,06,075,035201,2020,0.3083958295225901,0.10466605672461116,-0.3831901563722903,0.7944064844122026,0.1878341245603153,-0.6723989422222096,-0.17026710847918483,1.008179785128296,0.17485498807686162
06075011800,600.0,Recreational,"Census Tract 118, San Francisco County, California",1590.0,145.0,0.5034,37164.0,1590.0,372.0,246.0,06,075,011800,2020,0.09119496855345911,0.2339622641509434,-0.21780480923059856,-0.2718090446737936,-1.4471138087205218,-0.2198640321312117,-0.9606030747741436,-1.3591710983998713,-0.7500977532809834
06075033100,12570.0,Infrastructure,"Census Tract 331, San Francisco County, California",3868.0,1198.0,0.4459,115000.0,3803.0,178.0,182.0,06,075,033100,2020,0.3097207859358842,0.0468051538259269,-0.29974389825770453,0.4438066393352143,-0.4009796272263188,0.641422299172044,-1.3265232670856384,0.314285924045856,-0.1875493079560494
06075025200,52700.0,Public Services,"Census Tract 252, San Francisco County, California",5402.0,2936.0,0.4997,137917.0,5402.0,329.0,782.0,06,075,025200,2020,0.5435024065161052,0.06090336912254721,0.06860954617694494,-0.4604663015895162,1.6431120065381664,0.23994103725233779,0.15495946518753395,0.9633342776992297,0.42588754677597396
06075013401,1200.0,Recreational,"Census Tract 134.01, San Francisco County, California",1644.0,834.0,0.4171,176313.0,1602.0,50.0,359.0,06,075,013401,2020,0.5072992700729927,0.031210986267166042,-0.19771868009227253,1.1414912364821401,-0.6861230132154628,1.1898991475640124,-0.6604484317238571,-1.3230996523273049,-0.2952026083835191
06075013401,500.0,Recreational,"Census Tract 134.01, San Francisco County, California",1644.0,834.0,0.4171,176313.0,1602.0,50.0,359.0,06,075,013401,2020,0.5072992700729927,0.031210986267166042,-0.22115249742031956,1.1414912364821401,-0.6861230132154628,1.1898991475640124,-0.6604484317238571,-1.3230996523273049,-0.30223275358193324
06075042601,50420.0,Public Services,"Census Tract 426.01, San Francisco County, California",4159.0,1789.0,0.4863,90391.0,4159.0,758.0,832.0,06,075,042601,2020,0.43015147872084636,0.18225534984371244,0.04150156402399083,-0.22916925437599495,0.30774902203529025,-1.3707332474990237,0.29394518042972145,0.10575018947877851,0.02094258694135427
06075042601,6750.0,Public Services,"Census Tract 426.01, San Francisco County, California",4159.0,1789.0,0.4863,90391.0,4159.0,758.0,832.0,06,075,042601,2020,0.43015147872084636,0.18225534984371244,-0.47771140993193295,-0.22916925437599495,0.30774902203529025,-1.3707332474990237,0.29394518042972145,0.10575018947877851,-0.13482130524542285
06075017102,3750.0,Public Services,"Census Tract 171.02, San Francisco County, California",3893.0,2654.0,0.4684,150602.0,3886.0,300.0,1038.0,06,075,017102,2020,0.6817364500385307,0.07720020586721564,-0.5133798075016094,0.07980217436445627,1.3148013163639631,0.34882111710732494,0.866566327227534,-0.077771425538631,0.18704830119055024
06075017102,55420.0,Public Services,"Census Tract 171.02, San Francisco County, California",3893.0,2654.0,0.4684,150602.0,3886.0,300.0,1038.0,06,075,017102,2020,0.6817364500385307,0.07720020586721564,0.10094889330678494,0.07980217436445627,1.3148013163639631,0.34882111710732494,0.866566327227534,-0.077771425538631,0.3713469114330685
06075017102,1854.0,Recreational,"Census Tract 171.02, San Francisco County, California",3893.0,2654.0,0.4684,150602.0,3886.0,300.0,1038.0,06,075,017102,2020,0.6817364500385307,0.07720020586721564,-0.17582479933149717,0.30137183412641133,1.3240413522695986,0.09536251736585705,1.1431356623570679,0.17920927762087954,0.4031448689059813
06075016500,26300.0,Public Services,"Census Tract 165, San Francisco County, California",5654.0,3871.0,0.4096,185014.0,5437.0,631.0,1215.0,06,075,016500,2020,0.6846480367881146,0.116056648887254,-0.24527235243620796,1.0947474263163275,2.731659862257599,-0.8939135874444248,1.358575759184878,1.137196860347302,0.8869094441301975
06075032802,12570.0,Infrastructure,"Census Tract 328.02, San Francisco County, California",4572.0,1120.0,0.4216,113000.0,4539.0,437.0,839.0,06,075,032802,2020,0.24496937882764655,0.09627671293236395,-0.29974389825770453,0.8592250947681784,-0.5164075307118494,-0.37117938217877583,0.6384347471257201,0.790577976615477,0.19682130341415263
06075032802,12570.0,Infrastructure,"Census Tract 328.02, San Francisco County, California",4572.0,1120.0,0.4216,113000.0,4539.0,437.0,839.0,06,075,032802,2020,0.24496937882764655,0.09627671293236395,-0.29974389825770453,0.8592250947681784,-0.5164075307118494,-0.37117938217877583,0.6384347471257201,0.790577976615477,0.19682130341415263
06075031301,1136.0,Recreational,"Census Tract 313.01, San Francisco County, California",4069.0,987.0,0.4335,110760.0,4069.0,405.0,431.0,06,075,031301,2020,0.2425657409682969,0.0995330548046203,-0.19986120053369397,0.8729150532729015,-0.5171366682049054,-0.3643428673173682,-0.4691994556210198,0.2967754722277628,-0.0358335696633776
06075015300,36246.0,Public Services,"Census Tract 153, San Francisco County, California",2289.0,1293.0,0.4045,156683.0,2174.0,138.0,516.0,06,075,015300,2020,0.564875491480996,0.06347746090156393,-0.12701972502687392,1.1827783920468469,-0.26970524153352105,0.9570477700903566,-0.5844445399009036,-1.184420562711281,-0.1778433499539372
06075042602,18500.0,Recreational,"Census Tract 426.02, San Francisco County, California",2854.0,1497.0,0.4343,148816.0,2854.0,91.0,629.0,06,075,042602,2020,0.5245269796776454,0.03188507358093903,0.3814313767294612,0.8598137760431822,0.04615114849695245,1.010395140211515,0.05673522866178309,-0.5148320644049824,0.2063877801287053
06075042602,1200.0,Recreational,"Census Tract 426.02, San Francisco County, California",2854.0,1497.0,0.4343,148816.0,2854.0,91.0,629.0,06,075,042602,2020,0.5245269796776454,0.03188507358093903,-0.19771868009227253,0.8598137760431822,0.04615114849695245,1.010395140211515,0.05673522866178309,-0.5148320644049824,0.03264276308218515
06075030600,8450.0,Public Services,"Census Tract 306, San Francisco County, California",2537.0,1332.0,0.426,201833.0,2537.0,63.0,355.0,06,075,030600,2020,0.5250295624753646,0.024832479306267245,-0.45749931797578297,0.8116674580848535,-0.2243005716158121,1.2386341835084267,-1.0319785429807475,-1.013317703597305,-0.3446733754135305
06075042700,500.0,Recreational,"Census Tract 427, San Francisco County, California",5276.0,1795.0,0.4937,101375.0,5276.0,574.0,809.0,06,075,042700,2020,0.3402198635329795,0.1087945413191812,-0.22115249742031956,-0.1129560582634521,0.3752879511972537,-1.1042496293313213,0.5348576689188766,1.1030390909238315,0.21862802177000612
06075042700,140000.0,Public Services,"Census Tract 427, San Francisco County, California",5276.0,1795.0,0.4937,101375.0,5276.0,574.0,809.0,06,075,042700,2020,0.3402198635329795,0.1087945413191812,1.1065599154545303,-0.35690045955361177,0.3147343558687839,-0.6799079132466915,0.23001175141831523,0.8764029863751936,0.5014300234090864
06075042700,1482.0,Recreational,"Census Tract 427, San Francisco County, California",5276.0,1795.0,0.4937,101375.0,5276.0,574.0,809.0,06,075,042700,2020,0.3402198635329795,0.1087945413191812,-0.1882781993972593,-0.1129560582634521,0.3752879511972537,-1.1042496293313213,0.5348576689188766,1.1030390909238315,0.2284903111769242
06075012001,73860.0,Public Services,"Census Tract 120.01, San Francisco County, California",1938.0,876.0,0.4589,60056.0,1905.0,365.0,378.0,06,075,012001,2020,0.4520123839009288,0.19160104986876642,0.3201906437017296,0.24378142425463978,-0.7551859429613321,0.1047795588116641,-0.9680451139693412,-1.4265863028282386,-0.4059385344159506
06075031401,5900.0,Public Services,"Census Tract 314.01, San Francisco County, California",2545.0,242.0,0.4496,85990.0,2545.0,87.0,345.0,06,075,031401,2020,0.09508840864440078,0.03418467583497053,-0.48781745591000797,0.4043084794102925,-1.493302884700498,1.1485265312146442,-1.059775686029185,-1.0077982565291124,-0.6127940752160013
06075012403,7505.0,Infrastructure,"Census Tract 124.03, San Francisco County, California",2253.0,452.0,0.5533,21509.0,2253.0,674.0,264.0,06,075,012403,2020,0.2006213936972925,0.2991566799822459,-0.3472647882743131,-1.3922403612203522,-1.5049439349212659,-1.2977685654997961,-1.0812773657685435,-0.7783442817779196,-0.9215059703993919
06075020702,25000.0,Public Services,"Census Tract 207.02, San Francisco County, California",2355.0,1260.0,0.4756,131987.0,2355.0,202.0,607.0,06,075,020702,2020,0.535031847133758,0.08577494692144373,-0.26072865804973444,-0.044476836078630747,-0.3081245776177363,0.7167606973069367,-0.33149053816012236,-1.1388851243986906,-0.37277138020778505
06075017803,56788.0,Public Services,"Census Tract 178.03, San Francisco County, California",2458.0,799.0,0.6106,53790.0,2412.0,467.0,530.0,06,075,017803,2020,0.3250610252237592,0.19361525704809288,0.11721368259855741,-2.3747082818864995,-0.8448310604911677,-0.27817796343691137,-0.5455285396330911,-1.0678222433957087,-0.7570694243730338
06075016300,2187.0,Recreational,"Census Tract 163, San Francisco County, California",4528.0,2538.0,0.4587,131500.0,4482.0,359.0,1207.0,06,075,016300,2020,0.5605123674911661,0.08009817045961624,-0.1646769976597262,0.4602248205367537,1.1959209861178035,-0.16294812736090764,1.5920395090428945,0.6033827638445777,0.55035384445757
06075026303,2505.0,Recreational,"Census Tract 263.03, San Francisco County, California",5053.0,582.0,0.3873,69798.0,4992.0,360.0,1271.0,06,075,026303,2020,0.11517910152384722,0.07211538461538461,-0.15403134921641343,1.6295138132891729,-0.9644534638210867,-0.16732627388170024,1.7620385989120833,0.9540773784389738,0.5003045994858111
06075026303,40500.0,Public Services,"Census Tract 263.03, San Francisco County, California",5053.0,582.0,0.3873,69798.0,4992.0,360.0,1271.0,06,075,026303,2020,0.11517910152384722,0.07211538461538461,-0.07644193727307269,1.4796671392164427,-1.0974673008025226,0.12355198637286878,1.514239760256128,0.7225483993493204,0.4122206378070929
06075032901,47500.0,Public Services,"Census Tract 329.01, San Francisco County, California",5335.0,1104.0,0.4044,131219.0,5313.0,224.0,896.0,06,075,032901,2020,0.2069353327085286,0.04216073781291173,0.0067843237228390665,1.1845044894141126,-0.4897432572885721,0.6341620160376361,0.4718468959397215,0.9171089085031153,0.3921563988291459
06075030202,9480.0,Public Services,"Census Tract 302.02, San Francisco County, California",4190.0,2143.0,0.4482,111359.0,4190.0,337.0,1197.0,06,075,030202,2020,0.51145584725537,0.08042959427207637,-0.4452531681435274,0.428473842552004,0.7198837182114176,0.2099051531544103,1.3085409016976903,0.1271380468680255,0.27088168595743417
06075030202,2508.0,Public Services,"Census Tract 302.02, San Francisco County, California",4190.0,2143.0,0.4482,111359.0,4190.0,337.0,1197.0,06,075,030202,2020,0.51145584725537,0.08042959427207637,-0.5281465240954555,0.428473842552004,0.7198837182114176,0.2099051531544103,1.3085409016976903,0.1271380468680255,0.24601367917185576
06075026201,1200.0,Recreational,"Census Tract 262.01, San Francisco County, California",3849.0,144.0,0.3855,94363.0,3811.0,401.0,649.0,06,075,026201,2020,0.037412314886983634,0.10522172658094989,-0.19771868009227253,1.65899168705604,-1.4482182946356235,-0.34683028123419773,0.10985994424590459,0.14981772896915874,0.0014014282043882352
06075030102,39500.0,Public Services,"Census Tract 301.02, San Francisco County, California",4829.0,2993.0,0.4608,156680.0,4259.0,254.0,793.0,06,075,030102,2020,0.6197970594325948,0.0596384127729514,-0.08833140312963152,0.2109855742766029,1.7094726779563563,0.521527450670408,0.1855363225408152,0.5680038814399228,0.4290769140986816
06075030102,11300.0,Public Services,"Census Tract 301.02, San Francisco County, California",4829.0,2993.0,0.4608,156680.0,4259.0,254.0,793.0,06,075,030102,2020,0.6197970594325948,0.0596384127729514,-0.42361434028459033,0.2109855742766029,1.7094726779563563,0.521527450670408,0.1855363225408152,0.5680038814399228,0.32849203295219404
06075013402,10205.0,Public Services,"Census Tract 134.02, San Francisco County, California",2156.0,1737.0,0.4717,194883.0,2156.0,41.0,428.0,06,075,013402,2020,0.8056586270871985,0.019016697588126158,-0.4366333053975222,0.02284096124470794,0.24720946214501163,1.3212328647777274,-0.8290593987271536,-1.2761813702199858,-0.4040159687249826
06075016601,58582.0,Public Services,"Census Tract 166.01, San Francisco County, California",3217.0,2307.0,0.3922,167729.0,3217.0,375.0,854.0,06,075,016601,2020,0.7171277587814734,0.11656823127137084,0.13854338434522392,1.3950883682204531,0.9108161763269117,0.06723470368925474,0.355098895136284,-0.5441647028009199,0.3352423258803932
06075015202,4774.0,Public Services,"Census Tract 152.02, San Francisco County, California",2277.0,1093.0,0.4975,109423.0,2189.0,161.0,398.0,06,075,015202,2020,0.4800175669740887,0.07354956601187757,-0.5012049944644932,-0.4224921595096846,-0.5025497026499772,0.870694603308815,-0.9124508278724662,-1.19269973331357,-0.6209906183414404
06075020202,8187.75,Commercial,"Census Tract 202.02, San Francisco County, California",4201.0,2179.0,0.4395,114647.0,4201.0,1070.0,1161.0,06,075,020202,2020,0.5186860271363961,0.2547012616043799,0.025212662870211424,1.1062345214229754,1.5795482966041876,-1.4655915014313177,1.6294718744234096,0.6729113756680264,0.7161547027906887
06075047802,8222.0,Public Services,"Census Tract 478.02, San Francisco County, California",3904.0,1628.0,0.5385,104318.0,3904.0,359.0,709.0,06,075,047802,2020,0.41700819672131145,0.09195696721311475,-0.4602101161910784,-1.1301920800883705,0.12030923083654302,0.1273064718851097,-0.047959679066059815,-0.07018218581986596,-0.3044105276747242
06075030301,59650.0,Public Services,"Census Tract 303.01, San Francisco County, California",5649.0,2409.0,0.4747,154975.0,5594.0,282.0,784.0,06,075,030301,2020,0.4264471587891662,0.05041115480872363,0.15124133388002875,-0.028941959773244746,1.0295668514963043,0.4164018563276618,0.16051889379722145,1.1337472059296816,0.4671135019943702
06075020602,6400.0,Public Services,"Census Tract 206.02, San Francisco County, California",2621.0,1934.0,0.475,180486.0,2621.0,189.0,438.0,06,075,020602,2020,0.73788630293781,0.07210988172453262,-0.48187272298172856,-0.03412025187503944,0.47656125634472096,0.7655690089660688,-0.8012622556787161,-0.9553635093812811,-0.35117925600382655
06075047902,4400.0,Public Services,"Census Tract 479.02, San Francisco County, California",3650.0,1651.0,0.4335,127875.0,3650.0,193.0,433.0,06,075,047902,2020,0.4523287671232877,0.052876712328767124,-0.5056516546948462,0.6822101555399718,0.1470863438649355,0.750551066917105,-0.8151608272029349,-0.24542463023498634,-0.1611325182793
06075015702,62840.0,Public Services,"Census Tract 157.02, San Francisco County, California",3236.0,1741.0,0.4448,173068.0,3174.0,53.0,628.0,06,075,015702,2020,0.5380098887515451,0.016698172652804034,0.1891687299624514,0.48716115303901725,0.25186635136734076,1.276179038630836,-0.2731165377584036,-0.531056016013962,0.084235012714678
06075010201,500.0,Recreational,"Census Tract 102.01, San Francisco County, California",2331.0,1914.0,0.5103,133482.0,2331.0,83.0,422.0,06,075,010201,2020,0.8211068211068211,0.035607035607035604,-0.22115249742031956,-0.3848075607801201,0.5067217750943539,1.045420312377856,-0.4931055776338744,-0.8641906995152094,-0.24259157800819103
