NAME,population_total,white/non_hispanic,gini_index,median_income,poverty_denominator,poverty_count,transit_commuters,state,county,tract,GEOID,year,%_white_nonhisp,poverty_rate
"Census Tract 260.04, San Francisco County, California",5015.0,528.0,0.4582,65862.0,5015.0,456.0,1099.0,06,075,026004,06075026004,2015,0.10528414755732801,0.0909272183449651
"Census Tract 301.01, San Francisco County, California",4895.0,2915.0,0.4959,79071.0,4735.0,583.0,1326.0,06,075,030101,06075030101,2015,0.5955056179775281,0.12312565997888067
"Census Tract 330, San Francisco County, California",8227.0,2891.0,0.4607,82527.0,8162.0,1088.0,1093.0,06,075,033000,06075033000,2015,0.3514039139418986,0.1333006616025484
"Census Tract 254.03, San Francisco County, California",5154.0,1168.0,0.4495,73159.0,5128.0,611.0,1018.0,06,075,025403,06075025403,2015,0.22662010089251067,0.11914976599063963
"Census Tract 264.01, San Francisco County, California",3937.0,137.0,0.4317,46150.0,3937.0,501.0,624.0,06,075,026401,06075026401,2015,0.034798069596139194,0.12725425450850902
"Census Tract 302.02, San Francisco County, California",4467.0,2333.0,0.4401,96547.0,4467.0,491.0,1153.0,06,075,030202,06075030202,2015,0.5222744571300649,0.10991717036042087
"Census Tract 353, San Francisco County, California",7395.0,1731.0,0.4555,73669.0,7373.0,625.0,721.0,06,075,035300,06075035300,2015,0.23407707910750508,0.08476875084768751
"Census Tract 476, San Francisco County, California",5451.0,2284.0,0.4319,74392.0,5451.0,378.0,871.0,06,075,047600,06075047600,2015,0.41900568702990276,0.0693450742982939
"Census Tract 106, San Francisco County, California",3604.0,1213.0,0.5699,34808.0,3604.0,880.0,520.0,06,075,010600,06075010600,2015,0.3365704772475028,0.244173140954495
"Census Tract 610, San Francisco County, California",4587.0,576.0,0.34,108977.0,4587.0,179.0,516.0,06,075,061000,06075061000,2015,0.12557226945716154,0.03902332679311096
"Census Tract 203, San Francisco County, California",3030.0,1941.0,0.4464,102069.0,3030.0,346.0,998.0,06,075,020300,06075020300,2015,0.6405940594059406,0.11419141914191419
"Census Tract 207, San Francisco County, California",5553.0,3642.0,0.4827,127798.0,5553.0,673.0,1831.0,06,075,020700,06075020700,2015,0.655861696380335,0.12119575004502071
"Census Tract 208, San Francisco County, California",6302.0,2051.0,0.5444,67295.0,6302.0,972.0,1787.0,06,075,020800,06075020800,2015,0.32545223738495715,0.15423675023801967
"Census Tract 211, San Francisco County, California",3984.0,2831.0,0.472,118221.0,3966.0,248.0,757.0,06,075,021100,06075021100,2015,0.7105923694779116,0.06253151790216843
"Census Tract 212, San Francisco County, California",2851.0,2193.0,0.4523,130266.0,2839.0,197.0,489.0,06,075,021200,06075021200,2015,0.7692037881445107,0.06939063050369848
"Census Tract 213, San Francisco County, California",2661.0,1933.0,0.442,171184.0,2661.0,84.0,604.0,06,075,021300,06075021300,2015,0.7264186396091695,0.03156708004509583
"Census Tract 107, San Francisco County, California",5302.0,1133.0,0.6054,22260.0,5302.0,1379.0,796.0,06,075,010700,06075010700,2015,0.21369294605809128,0.2600905318747642
"Census Tract 162, San Francisco County, California",2733.0,1690.0,0.4975,69875.0,2733.0,254.0,846.0,06,075,016200,06075016200,2015,0.6183680936699597,0.092938163190633
"Census Tract 169, San Francisco County, California",2987.0,2099.0,0.4403,101371.0,2954.0,231.0,991.0,06,075,016900,06075016900,2015,0.7027117509206562,0.07819905213270142
"Census Tract 252, San Francisco County, California",5948.0,3110.0,0.4833,128009.0,5948.0,483.0,638.0,06,075,025200,06075025200,2015,0.5228648285137861,0.08120376597175522
"Census Tract 101, San Francisco County, California",3798.0,1787.0,0.5391,61442.0,3779.0,589.0,478.0,06,075,010100,06075010100,2015,0.47051079515534494,0.15586133897856574
"Census Tract 112, San Francisco County, California",3281.0,1740.0,0.6647,78690.0,3281.0,393.0,671.0,06,075,011200,06075011200,2015,0.5303261200853399,0.1197805547089302
"Census Tract 134, San Francisco County, California",4026.0,3169.0,0.5162,125409.0,3858.0,247.0,601.0,06,075,013400,06075013400,2015,0.7871336313959265,0.06402280974598237
"Census Tract 151, San Francisco County, California",2175.0,1213.0,0.411,82255.0,2141.0,144.0,395.0,06,075,015100,06075015100,2015,0.5577011494252874,0.06725829051844932
"Census Tract 157, San Francisco County, California",8403.0,4111.0,0.4587,88368.0,5878.0,568.0,1456.0,06,075,015700,06075015700,2015,0.48923003689158634,0.09663150731541341
"Census Tract 164, San Francisco County, California",4118.0,2598.0,0.4175,86536.0,3932.0,504.0,1267.0,06,075,016400,06075016400,2015,0.6308887809616318,0.12817904374364192
"Census Tract 615, San Francisco County, California",12511.0,6193.0,0.5161,127080.0,12320.0,1328.0,1688.0,06,075,061500,06075061500,2015,0.49500439613140435,0.10779220779220779
"Census Tract 156, San Francisco County, California",3323.0,1573.0,0.5336,85253.0,3323.0,509.0,516.0,06,075,015600,06075015600,2015,0.47336743906108936,0.1531748420102317
"Census Tract 102, San Francisco County, California",4172.0,3479.0,0.5417,117986.0,4172.0,208.0,1021.0,06,075,010200,06075010200,2015,0.8338926174496645,0.04985618408437201
"Census Tract 108, San Francisco County, California",5065.0,2089.0,0.4552,85785.0,5065.0,878.0,772.0,06,075,010800,06075010800,2015,0.4124383020730503,0.17334649555774925
"Census Tract 331, San Francisco County, California",4630.0,1397.0,0.4209,119861.0,4610.0,321.0,425.0,06,075,033100,06075033100,2015,0.3017278617710583,0.06963123644251627
"Census Tract 402, San Francisco County, California",5711.0,2777.0,0.5329,77500.0,5690.0,467.0,1076.0,06,075,040200,06075040200,2015,0.48625459639292595,0.0820738137082601
"Census Tract 103, San Francisco County, California",4387.0,2319.0,0.5614,87721.0,4387.0,697.0,768.0,06,075,010300,06075010300,2015,0.5286072486893093,0.1588785046728972
"Census Tract 110, San Francisco County, California",5085.0,2249.0,0.466,109090.0,5085.0,273.0,1412.0,06,075,011000,06075011000,2015,0.44228121927236974,0.05368731563421829
"Census Tract 154, San Francisco County, California",6080.0,3687.0,0.4809,112472.0,6070.0,340.0,1101.0,06,075,015400,06075015400,2015,0.6064144736842105,0.05601317957166392
"Census Tract 104, San Francisco County, California",5148.0,2995.0,0.4978,103328.0,5136.0,406.0,754.0,06,075,010400,06075010400,2015,0.5817793317793318,0.07904984423676012
"Census Tract 255, San Francisco County, California",9303.0,1802.0,0.4532,92216.0,9229.0,663.0,1385.0,06,075,025500,06075025500,2015,0.19370095668064066,0.07183876909741034
"Census Tract 256, San Francisco County, California",5648.0,921.0,0.4416,73452.0,5648.0,355.0,764.0,06,075,025600,06075025600,2015,0.16306657223796034,0.06285410764872522
"Census Tract 258, San Francisco County, California",2035.0,229.0,0.4185,56250.0,2024.0,522.0,341.0,06,075,025800,06075025800,2015,0.11253071253071253,0.25790513833992096
"Census Tract 260.01, San Francisco County, California",5751.0,598.0,0.4641,60938.0,5751.0,808.0,1122.0,06,075,026001,06075026001,2015,0.10398191618848895,0.14049730481655365
"Census Tract 451, San Francisco County, California",4964.0,2329.0,0.5203,82755.0,4964.0,898.0,1497.0,06,075,045100,06075045100,2015,0.4691780821917808,0.18090249798549557
"Census Tract 452, San Francisco County, California",7259.0,3451.0,0.478,72431.0,7247.0,1187.0,1431.0,06,075,045200,06075045200,2015,0.47540983606557374,0.16379191389540498
"Census Tract 261, San Francisco County, California",6934.0,557.0,0.4513,62652.0,6900.0,801.0,1345.0,06,075,026100,06075026100,2015,0.08032881453706374,0.11608695652173913
"Census Tract 233, San Francisco County, California",3218.0,241.0,0.4719,65096.0,3208.0,354.0,467.0,06,075,023300,06075023300,2015,0.07489123679303915,0.11034912718204488
"Census Tract 253, San Francisco County, California",4574.0,2433.0,0.4727,93900.0,4496.0,486.0,1204.0,06,075,025300,06075025300,2015,0.5319195452557937,0.10809608540925267
"Census Tract 254.01, San Francisco County, California",3309.0,1512.0,0.421,88462.0,3251.0,298.0,635.0,06,075,025401,06075025401,2015,0.45693563009972804,0.09166410335281452
"Census Tract 263.01, San Francisco County, California",4750.0,699.0,0.4675,56531.0,4733.0,641.0,727.0,06,075,026301,06075026301,2015,0.1471578947368421,0.13543207268117474
"Census Tract 263.02, San Francisco County, California",4785.0,689.0,0.3444,72666.0,4785.0,359.0,648.0,06,075,026302,06075026302,2015,0.1439916405433647,0.07502612330198537
"Census Tract 263.03, San Francisco County, California",5218.0,641.0,0.4062,75096.0,5155.0,617.0,684.0,06,075,026303,06075026303,2015,0.12284400153315446,0.11968962172647915
"Census Tract 305, San Francisco County, California",2820.0,1369.0,0.4242,107824.0,2274.0,131.0,293.0,06,075,030500,06075030500,2015,0.4854609929078014,0.05760773966578716
"Census Tract 311, San Francisco County, California",6616.0,2965.0,0.4014,103838.0,6616.0,467.0,1206.0,06,075,031100,06075031100,2015,0.4481559854897219,0.07058645707376059
"Census Tract 178.02, San Francisco County, California",4539.0,1831.0,0.5086,70057.0,4529.0,1011.0,716.0,06,075,017802,06075017802,2015,0.40339281780127784,0.22322808567012586
"Census Tract 204.01, San Francisco County, California",3139.0,2335.0,0.4325,139460.0,3113.0,104.0,597.0,06,075,020401,06075020401,2015,0.7438674737177445,0.033408287825248954
"Census Tract 204.02, San Francisco County, California",4490.0,3112.0,0.4524,86952.0,4490.0,224.0,679.0,06,075,020402,06075020402,2015,0.6930957683741648,0.049888641425389756
"Census Tract 227.04, San Francisco County, California",3250.0,2216.0,0.4444,134726.0,3250.0,168.0,378.0,06,075,022704,06075022704,2015,0.6818461538461539,0.05169230769230769
"Census Tract 257.01, San Francisco County, California",5074.0,672.0,0.5334,78708.0,5009.0,627.0,691.0,06,075,025701,06075025701,2015,0.13243988963342532,0.12517468556598124
"Census Tract 257.02, San Francisco County, California",4911.0,337.0,0.4251,60836.0,4906.0,637.0,657.0,06,075,025702,06075025702,2015,0.06862146202402769,0.1298410110069303
"Census Tract 312.01, San Francisco County, California",7110.0,1119.0,0.4288,74010.0,7079.0,1025.0,1422.0,06,075,031201,06075031201,2015,0.15738396624472573,0.14479446249470265
"Census Tract 312.02, San Francisco County, California",3213.0,379.0,0.3762,74576.0,3198.0,432.0,607.0,06,075,031202,06075031202,2015,0.11795829442888267,0.1350844277673546
"Census Tract 313.01, San Francisco County, California",4594.0,751.0,0.4599,95449.0,4594.0,495.0,583.0,06,075,031301,06075031301,2015,0.1634740966478015,0.10774923813670004
"Census Tract 119.01, San Francisco County, California",2561.0,1376.0,0.5026,59981.0,2278.0,328.0,367.0,06,075,011901,06075011901,2015,0.5372901210464662,0.14398595258999122
"Census Tract 119.02, San Francisco County, California",2786.0,1316.0,0.4659,66352.0,2786.0,533.0,432.0,06,075,011902,06075011902,2015,0.4723618090452261,0.19131371141421394
"Census Tract 122.01, San Francisco County, California",4845.0,1776.0,0.4796,41677.0,4845.0,1144.0,1063.0,06,075,012201,06075012201,2015,0.36656346749226004,0.23611971104231166
"Census Tract 122.02, San Francisco County, California",3295.0,1166.0,0.5648,29896.0,3295.0,977.0,575.0,06,075,012202,06075012202,2015,0.35386949924127464,0.2965098634294385
"Census Tract 123.01, San Francisco County, California",1996.0,614.0,0.4641,13909.0,1996.0,853.0,346.0,06,075,012301,06075012301,2015,0.3076152304609218,0.4273547094188377
"Census Tract 123.02, San Francisco County, California",2468.0,960.0,0.5464,34189.0,2427.0,653.0,494.0,06,075,012302,06075012302,2015,0.3889789303079417,0.26905644829007
"Census Tract 124.01, San Francisco County, California",4787.0,1335.0,0.4813,20332.0,4783.0,1318.0,1324.0,06,075,012401,06075012401,2015,0.2788803008147065,0.27555927242316536
"Census Tract 124.02, San Francisco County, California",3600.0,1409.0,0.5512,38333.0,3290.0,856.0,1099.0,06,075,012402,06075012402,2015,0.3913888888888889,0.2601823708206687
"Census Tract 125.01, San Francisco County, California",3728.0,986.0,0.4547,16902.0,3649.0,1356.0,708.0,06,075,012501,06075012501,2015,0.2644849785407725,0.3716086599068238
"Census Tract 125.02, San Francisco County, California",4101.0,616.0,0.5166,11925.0,3929.0,1778.0,738.0,06,075,012502,06075012502,2015,0.1502072665203609,0.4525324510053449
"Census Tract 126.01, San Francisco County, California",2334.0,1735.0,0.4338,101875.0,2334.0,47.0,551.0,06,075,012601,06075012601,2015,0.7433590402742074,0.020137103684661525
"Census Tract 126.02, San Francisco County, California",2943.0,2437.0,0.4304,128750.0,2943.0,132.0,595.0,06,075,012602,06075012602,2015,0.8280665987088005,0.04485219164118247
"Census Tract 129.01, San Francisco County, California",2587.0,2008.0,0.4354,124056.0,2575.0,89.0,861.0,06,075,012901,06075012901,2015,0.7761886354851179,0.0345631067961165
"Census Tract 129.02, San Francisco County, California",3537.0,2548.0,0.424,103810.0,3455.0,304.0,1186.0,06,075,012902,06075012902,2015,0.7203845066440486,0.08798842257597685
"Census Tract 131.01, San Francisco County, California",4071.0,2749.0,0.4389,124043.0,3995.0,183.0,1202.0,06,075,013101,06075013101,2015,0.6752640628838124,0.0458072590738423
"Census Tract 131.02, San Francisco County, California",2823.0,2261.0,0.5263,102333.0,2782.0,182.0,563.0,06,075,013102,06075013102,2015,0.8009210060219625,0.06542056074766354
"Census Tract 158.01, San Francisco County, California",3997.0,1399.0,0.4894,71339.0,3897.0,833.0,777.0,06,075,015801,06075015801,2015,0.35001250938203654,0.21375416987426224
"Census Tract 158.02, San Francisco County, California",3081.0,1933.0,0.5562,81250.0,3069.0,304.0,901.0,06,075,015802,06075015802,2015,0.6273937033430704,0.09905506679700228
"Census Tract 168.01, San Francisco County, California",3558.0,2186.0,0.4902,94659.0,3544.0,351.0,956.0,06,075,016801,06075016801,2015,0.6143901068015739,0.09904063205417607
"Census Tract 168.02, San Francisco County, California",3011.0,1708.0,0.4859,76563.0,3011.0,393.0,922.0,06,075,016802,06075016802,2015,0.5672534041846563,0.13052142145466622
"Census Tract 171.01, San Francisco County, California",3733.0,2990.0,0.4881,126591.0,3733.0,157.0,933.0,06,075,017101,06075017101,2015,0.8009643718189124,0.04205732654701313
"Census Tract 171.02, San Francisco County, California",3764.0,2908.0,0.4751,121500.0,3730.0,366.0,1165.0,06,075,017102,06075017102,2015,0.7725823591923485,0.09812332439678284
"Census Tract 178.01, San Francisco County, California",3115.0,863.0,0.7015,16837.0,3103.0,1141.0,352.0,06,075,017801,06075017801,2015,0.2770465489566613,0.367708669029971
"Census Tract 160, San Francisco County, California",2554.0,1231.0,0.5507,56458.0,2554.0,319.0,527.0,06,075,016000,06075016000,2015,0.48198903680501176,0.12490211433046201
"Census Tract 105, San Francisco County, California",2589.0,1307.0,0.537,105000.0,2589.0,244.0,154.0,06,075,010500,06075010500,2015,0.5048281189648512,0.09424488219389726
"Census Tract 113, San Francisco County, California",2885.0,538.0,0.6293,24781.0,2849.0,666.0,325.0,06,075,011300,06075011300,2015,0.18648180242634316,0.23376623376623376
"Census Tract 152, San Francisco County, California",4300.0,2734.0,0.4523,91265.0,4209.0,506.0,875.0,06,075,015200,06075015200,2015,0.6358139534883721,0.12021857923497267
"Census Tract 177, San Francisco County, California",1763.0,726.0,0.4901,78712.0,1763.0,317.0,358.0,06,075,017700,06075017700,2015,0.41179807146908676,0.17980714690867838
"Census Tract 227.02, San Francisco County, California",2342.0,1515.0,0.3981,164135.0,2295.0,104.0,429.0,06,075,022702,06075022702,2015,0.6468830059777968,0.04531590413943355
"Census Tract 228.01, San Francisco County, California",5252.0,2162.0,0.4507,109141.0,5213.0,593.0,1185.0,06,075,022801,06075022801,2015,0.41165270373191165,0.11375407634759256
"Census Tract 231.03, San Francisco County, California",2922.0,91.0,0.4461,19618.0,2922.0,1149.0,136.0,06,075,023103,06075023103,2015,0.031143052703627654,0.3932238193018481
"Census Tract 259, San Francisco County, California",4249.0,943.0,0.4312,87188.0,4249.0,268.0,521.0,06,075,025900,06075025900,2015,0.2219345728406684,0.06307366439162156
"Census Tract 260.03, San Francisco County, California",4976.0,635.0,0.4184,59792.0,4968.0,320.0,810.0,06,075,026003,06075026003,2015,0.12761254019292603,0.0644122383252818
"Census Tract 176.01, San Francisco County, California",7208.0,1987.0,0.6794,23757.0,7208.0,2027.0,1356.0,06,075,017601,06075017601,2015,0.27566592674805773,0.28121531631520535
"Census Tract 201, San Francisco County, California",5548.0,1576.0,0.5744,36951.0,5544.0,1566.0,1314.0,06,075,020100,06075020100,2015,0.28406633020908434,0.2824675324675325
"Census Tract 206, San Francisco County, California",4661.0,3478.0,0.5176,133750.0,4661.0,390.0,1258.0,06,075,020600,06075020600,2015,0.7461918043338339,0.0836730315382965
"Census Tract 209, San Francisco County, California",4774.0,1713.0,0.5234,50078.0,4754.0,840.0,1274.0,06,075,020900,06075020900,2015,0.3588186007540846,0.1766933108960875
"Census Tract 218, San Francisco County, California",4144.0,3039.0,0.4332,123646.0,4144.0,230.0,808.0,06,075,021800,06075021800,2015,0.7333494208494209,0.0555019305019305
"Census Tract 226, San Francisco County, California",1889.0,1143.0,0.3742,176875.0,1889.0,46.0,520.0,06,075,022600,06075022600,2015,0.6050820539968237,0.024351508734780307
"Census Tract 231.02, San Francisco County, California",4667.0,246.0,0.5081,31434.0,4651.0,2007.0,558.0,06,075,023102,06075023102,2015,0.052710520677094495,0.4315201032036121
"Census Tract 251, San Francisco County, California",3422.0,1709.0,0.474,95156.0,3422.0,271.0,435.0,06,075,025100,06075025100,2015,0.4994155464640561,0.07919345412039742
"Census Tract 170, San Francisco County, California",3825.0,2865.0,0.4067,128921.0,3825.0,207.0,817.0,06,075,017000,06075017000,2015,0.7490196078431373,0.05411764705882353
"Census Tract 180, San Francisco County, California",3231.0,1356.0,0.4177,146667.0,2748.0,598.0,420.0,06,075,018000,06075018000,2015,0.41968430826369546,0.21761280931586607
"Census Tract 215, San Francisco County, California",5181.0,3754.0,0.4542,110500.0,5181.0,291.0,1173.0,06,075,021500,06075021500,2015,0.7245705462265972,0.0561667631731326
"Census Tract 228.03, San Francisco County, California",4832.0,1530.0,0.4332,96081.0,4802.0,611.0,945.0,06,075,022803,06075022803,2015,0.3166390728476821,0.12723865056226571
"Census Tract 166, San Francisco County, California",5468.0,3840.0,0.3886,103750.0,5468.0,732.0,1531.0,06,075,016600,06075016600,2015,0.7022677395757132,0.13386978785662035
"Census Tract 179.02, San Francisco County, California",3187.0,894.0,0.4893,40769.0,2942.0,1525.0,650.0,06,075,017902,06075017902,2015,0.2805145905240038,0.518354860639021
"Census Tract 214, San Francisco County, California",3697.0,2626.0,0.4623,142386.0,3697.0,120.0,797.0,06,075,021400,06075021400,2015,0.7103056532323505,0.032458750338111984
"Census Tract 217, San Francisco County, California",3975.0,2166.0,0.4808,102431.0,3975.0,449.0,724.0,06,075,021700,06075021700,2015,0.5449056603773584,0.1129559748427673
"Census Tract 228.02, San Francisco County, California",2355.0,801.0,0.5271,58594.0,1935.0,518.0,445.0,06,075,022802,06075022802,2015,0.3401273885350318,0.2677002583979328
"Census Tract 229.01, San Francisco County, California",5347.0,1378.0,0.4829,66111.0,5347.0,1114.0,1230.0,06,075,022901,06075022901,2015,0.25771460632130166,0.208341125864971
"Census Tract 229.02, San Francisco County, California",2547.0,980.0,0.4087,97241.0,2547.0,303.0,555.0,06,075,022902,06075022902,2015,0.3847663918335296,0.11896348645465253
"Census Tract 229.03, San Francisco County, California",3111.0,1019.0,0.4427,82656.0,3084.0,405.0,526.0,06,075,022903,06075022903,2015,0.327547412407586,0.13132295719844359
"Census Tract 230.03, San Francisco County, California",4387.0,573.0,0.4262,81569.0,4314.0,619.0,401.0,06,075,023003,06075023003,2015,0.1306131752906314,0.14348632359758925
"Census Tract 264.03, San Francisco County, California",3655.0,141.0,0.4293,50372.0,3583.0,570.0,609.0,06,075,026403,06075026403,2015,0.038577291381668946,0.1590845660061401
"Census Tract 302.01, San Francisco County, California",4233.0,2548.0,0.4022,89821.0,4210.0,361.0,859.0,06,075,030201,06075030201,2015,0.6019371604063312,0.08574821852731591
"Census Tract 303.02, San Francisco County, California",4171.0,1708.0,0.4318,132417.0,4171.0,402.0,624.0,06,075,030302,06075030302,2015,0.4094941261088468,0.09637976504435387
"Census Tract 304, San Francisco County, California",5373.0,2569.0,0.5069,150221.0,5373.0,408.0,936.0,06,075,030400,06075030400,2015,0.4781313977293877,0.07593523171412618
"Census Tract 264.04, San Francisco County, California",2377.0,49.0,0.4852,41890.0,2377.0,385.0,338.0,06,075,026404,06075026404,2015,0.020614219604543543,0.16196886832141355
"Census Tract 306, San Francisco County, California",2243.0,1238.0,0.4885,145625.0,2236.0,48.0,209.0,06,075,030600,06075030600,2015,0.5519393669193045,0.02146690518783542
"Census Tract 310, San Francisco County, California",3674.0,1670.0,0.3935,122391.0,3674.0,199.0,431.0,06,075,031000,06075031000,2015,0.45454545454545453,0.05416439847577572
"Census Tract 332.01, San Francisco County, California",3967.0,1714.0,0.5403,22250.0,1531.0,776.0,510.0,06,075,033201,06075033201,2015,0.43206453239223597,0.5068582625734814
"Census Tract 111, San Francisco County, California",4940.0,2994.0,0.4743,72500.0,4931.0,547.0,1345.0,06,075,011100,06075011100,2015,0.6060728744939271,0.11093084567024944
"Census Tract 117, San Francisco County, California",1635.0,530.0,0.6616,34914.0,1583.0,399.0,318.0,06,075,011700,06075011700,2015,0.3241590214067278,0.2520530638029059
"Census Tract 428, San Francisco County, California",2491.0,1611.0,0.547,143864.0,2491.0,182.0,119.0,06,075,042800,06075042800,2015,0.6467282215977519,0.07306302689682859
"Census Tract 234, San Francisco County, California",2976.0,77.0,0.476,34464.0,2976.0,709.0,368.0,06,075,023400,06075023400,2015,0.025873655913978496,0.23823924731182797
"Census Tract 165, San Francisco County, California",5708.0,3588.0,0.4343,82232.0,5554.0,660.0,1165.0,06,075,016500,06075016500,2015,0.6285914505956552,0.11883327331652863
"Census Tract 307, San Francisco County, California",6952.0,3540.0,0.4079,120308.0,6952.0,398.0,654.0,06,075,030700,06075030700,2015,0.5092059838895282,0.05724971231300345
"Census Tract 351, San Francisco County, California",8691.0,2719.0,0.4239,99226.0,8635.0,849.0,1162.0,06,075,035100,06075035100,2015,0.31285237602117133,0.09832078749276202
"Census Tract 130, San Francisco County, California",4626.0,3680.0,0.4345,145871.0,4613.0,376.0,946.0,06,075,013000,06075013000,2015,0.7955036748811067,0.08150877953609365
"Census Tract 260.02, San Francisco County, California",3497.0,866.0,0.4645,84063.0,3239.0,186.0,749.0,06,075,026002,06075026002,2015,0.2476408350014298,0.05742513121333745
"Census Tract 264.02, San Francisco County, California",4407.0,477.0,0.3525,80395.0,4353.0,322.0,602.0,06,075,026402,06075026402,2015,0.10823689584751532,0.07397197335171146
"Census Tract 303.01, San Francisco County, California",6101.0,2678.0,0.4701,109670.0,6044.0,435.0,911.0,06,075,030301,06075030301,2015,0.4389444353384691,0.07197220383851753
"Census Tract 308, San Francisco County, California",5681.0,2872.0,0.4631,131699.0,5624.0,181.0,1183.0,06,075,030800,06075030800,2015,0.505544798450977,0.03218349928876245
"Census Tract 254.02, San Francisco County, California",3080.0,1598.0,0.4093,137721.0,3080.0,180.0,559.0,06,075,025402,06075025402,2015,0.5188311688311689,0.05844155844155844
"Census Tract 262, San Francisco County, California",7746.0,751.0,0.3942,75060.0,7714.0,666.0,1087.0,06,075,026200,06075026200,2015,0.09695326620191067,0.08633653098262899
"Census Tract 216, San Francisco County, California",4395.0,2391.0,0.4755,115500.0,4395.0,348.0,976.0,06,075,021600,06075021600,2015,0.5440273037542662,0.07918088737201365
"Census Tract 309, San Francisco County, California",6788.0,3063.0,0.4421,145363.0,6765.0,638.0,654.0,06,075,030900,06075030900,2015,0.45123747790218033,0.0943089430894309
"Census Tract 479.01, San Francisco County, California",6865.0,2806.0,0.5181,66437.0,6843.0,589.0,870.0,06,075,047901,06075047901,2015,0.4087399854333576,0.08607335963758585
"Census Tract 313.02, San Francisco County, California",6376.0,815.0,0.4207,66658.0,6334.0,1302.0,1189.0,06,075,031302,06075031302,2015,0.12782308657465496,0.2055573097568677
"Census Tract 326.01, San Francisco County, California",4638.0,1694.0,0.393,92846.0,4638.0,303.0,1035.0,06,075,032601,06075032601,2015,0.3652436394997844,0.06532988357050452
"Census Tract 326.02, San Francisco County, California",4523.0,1524.0,0.429,70560.0,4494.0,579.0,635.0,06,075,032602,06075032602,2015,0.3369445058589432,0.1288384512683578
"Census Tract 328.01, San Francisco County, California",4171.0,1119.0,0.4341,83669.0,4019.0,369.0,587.0,06,075,032801,06075032801,2015,0.26828098777271636,0.0918138840507589
"Census Tract 328.02, San Francisco County, California",4060.0,786.0,0.4077,80610.0,4043.0,388.0,648.0,06,075,032802,06075032802,2015,0.1935960591133005,0.0959683403413307
"Census Tract 329.01, San Francisco County, California",5608.0,1440.0,0.4467,83309.0,5533.0,471.0,831.0,06,075,032901,06075032901,2015,0.25677603423680456,0.0851256099765046
"Census Tract 329.02, San Francisco County, California",4264.0,939.0,0.4696,89568.0,4246.0,600.0,404.0,06,075,032902,06075032902,2015,0.22021575984990618,0.1413094677343382
"Census Tract 332.03, San Francisco County, California",3935.0,1843.0,0.3886,67713.0,3935.0,1029.0,653.0,06,075,033203,06075033203,2015,0.46836086404066074,0.2614993646759847
"Census Tract 332.04, San Francisco County, California",3933.0,1283.0,0.5023,43412.0,3933.0,1423.0,642.0,06,075,033204,06075033204,2015,0.3262140859394864,0.36181032290872106
"Census Tract 426.01, San Francisco County, California",4027.0,1766.0,0.514,57472.0,4027.0,678.0,986.0,06,075,042601,06075042601,2015,0.43853985597218775,0.16836354606406753
"Census Tract 426.02, San Francisco County, California",3375.0,1624.0,0.4466,82013.0,3375.0,93.0,516.0,06,075,042602,06075042602,2015,0.48118518518518516,0.027555555555555555
"Census Tract 478.01, San Francisco County, California",4186.0,1577.0,0.4558,79130.0,4167.0,556.0,579.0,06,075,047801,06075047801,2015,0.37673196368848544,0.1334293256539477
"Census Tract 478.02, San Francisco County, California",4065.0,1192.0,0.4337,68333.0,3998.0,487.0,957.0,06,075,047802,06075047802,2015,0.2932349323493235,0.12181090545272637
"Census Tract 611, San Francisco County, California",4527.0,156.0,0.5344,16545.0,4527.0,1644.0,528.0,06,075,061100,06075061100,2015,0.03445990722332671,0.3631544068919814
"Census Tract 612, San Francisco County, California",4296.0,431.0,0.4299,51649.0,4235.0,680.0,442.0,06,075,061200,06075061200,2015,0.10032588454376164,0.16056670602125148
"Census Tract 614, San Francisco County, California",6140.0,2929.0,0.4593,138897.0,6140.0,997.0,822.0,06,075,061400,06075061400,2015,0.4770358306188925,0.16237785016286646
"Census Tract 477.01, San Francisco County, California",4259.0,1568.0,0.417,74412.0,4259.0,352.0,947.0,06,075,047701,06075047701,2015,0.36816154026766845,0.08264850903968067
"Census Tract 477.02, San Francisco County, California",4121.0,1559.0,0.4761,72930.0,4121.0,395.0,624.0,06,075,047702,06075047702,2015,0.3783062363504004,0.0958505217180296
"Census Tract 605.02, San Francisco County, California",3417.0,115.0,0.554,23072.0,3377.0,1410.0,479.0,06,075,060502,06075060502,2015,0.033655253146034535,0.41753035238377256
"Census Tract 607, San Francisco County, California",9979.0,3899.0,0.4605,107798.0,9589.0,1295.0,2816.0,06,075,060700,06075060700,2015,0.3907205130774627,0.13505057878819482
"Census Tract 479.02, San Francisco County, California",3722.0,1669.0,0.492,73625.0,3722.0,501.0,458.0,06,075,047902,06075047902,2015,0.44841483073616334,0.13460505104782375
"Census Tract 604, San Francisco County, California",1634.0,908.0,0.4575,52833.0,1634.0,347.0,187.0,06,075,060400,06075060400,2015,0.5556915544675642,0.21236230110159118
"Census Tract 109, San Francisco County, California",4535.0,3070.0,0.4915,113015.0,4535.0,413.0,1010.0,06,075,010900,06075010900,2015,0.6769570011025359,0.09106945975744211
"Census Tract 118, San Francisco County, California",1622.0,150.0,0.5981,20478.0,1622.0,583.0,350.0,06,075,011800,06075011800,2015,0.09247842170160296,0.3594327990135635
"Census Tract 121, San Francisco County, California",3973.0,1785.0,0.473,51676.0,3321.0,553.0,705.0,06,075,012100,06075012100,2015,0.44928265794110245,0.1665161096055405
"Census Tract 128, San Francisco County, California",5128.0,3775.0,0.5154,125758.0,5128.0,300.0,1047.0,06,075,012800,06075012800,2015,0.7361544461778471,0.05850234009360374
"Census Tract 155, San Francisco County, California",3633.0,1890.0,0.6086,63423.0,3547.0,680.0,635.0,06,075,015500,06075015500,2015,0.5202312138728323,0.19171130532844657
"Census Tract 161, San Francisco County, California",5482.0,1119.0,0.6122,22793.0,5454.0,1733.0,886.0,06,075,016100,06075016100,2015,0.2041225829989055,0.31774844151081777
"Census Tract 163, San Francisco County, California",4623.0,2142.0,0.5416,86940.0,4605.0,754.0,1538.0,06,075,016300,06075016300,2015,0.46333549643088906,0.16373507057546147
"Census Tract 120, San Francisco County, California",3776.0,1626.0,0.467,38930.0,3744.0,819.0,845.0,06,075,012000,06075012000,2015,0.430614406779661,0.21875
"Census Tract 127, San Francisco County, California",3760.0,2849.0,0.4598,107689.0,3760.0,203.0,775.0,06,075,012700,06075012700,2015,0.7577127659574469,0.05398936170212766
"Census Tract 132, San Francisco County, California",4796.0,3790.0,0.539,139669.0,4768.0,132.0,663.0,06,075,013200,06075013200,2015,0.7902418682235196,0.027684563758389263
"Census Tract 133, San Francisco County, California",4497.0,3134.0,0.5441,134152.0,4453.0,535.0,538.0,06,075,013300,06075013300,2015,0.6969090504780965,0.12014372333258477
"Census Tract 135, San Francisco County, California",2580.0,1735.0,0.4804,109083.0,2580.0,208.0,522.0,06,075,013500,06075013500,2015,0.6724806201550387,0.08062015503875969
"Census Tract 153, San Francisco County, California",2141.0,1386.0,0.5045,100583.0,2015.0,131.0,474.0,06,075,015300,06075015300,2015,0.6473610462400747,0.06501240694789082
"Census Tract 167, San Francisco County, California",4793.0,3587.0,0.4529,130865.0,4732.0,415.0,1290.0,06,075,016700,06075016700,2015,0.7483830586271646,0.08770076077768385
"Census Tract 202, San Francisco County, California",5925.0,3163.0,0.4978,66750.0,5925.0,754.0,1516.0,06,075,020200,06075020200,2015,0.5338396624472573,0.12725738396624472
"Census Tract 205, San Francisco County, California",2738.0,2118.0,0.4758,116000.0,2706.0,164.0,912.0,06,075,020500,06075020500,2015,0.7735573411249087,0.06060606060606061
"Census Tract 210, San Francisco County, California",4564.0,2846.0,0.4884,96330.0,4516.0,384.0,1654.0,06,075,021000,06075021000,2015,0.6235758106923751,0.08503100088573959
"Census Tract 230.01, San Francisco County, California",5080.0,349.0,0.4407,58750.0,5069.0,993.0,750.0,06,075,023001,06075023001,2015,0.0687007874015748,0.19589662655356085
"Census Tract 352.02, San Francisco County, California",4571.0,1888.0,0.4106,70058.0,4571.0,503.0,865.0,06,075,035202,06075035202,2015,0.41303872238022316,0.1100415663968497
"Census Tract 427, San Francisco County, California",5049.0,2173.0,0.5423,52102.0,5049.0,551.0,1034.0,06,075,042700,06075042700,2015,0.4303822539116657,0.10913052089522678
"Census Tract 601, San Francisco County, California",3681.0,3021.0,0.4216,164179.0,3650.0,150.0,671.0,06,075,060100,06075060100,2015,0.8207008964955175,0.0410958904109589
"Census Tract 314, San Francisco County, California",6968.0,670.0,0.4271,59816.0,6925.0,1060.0,897.0,06,075,031400,06075031400,2015,0.09615384615384616,0.15306859205776174
"Census Tract 401, San Francisco County, California",4491.0,2612.0,0.5311,82656.0,4422.0,578.0,974.0,06,075,040100,06075040100,2015,0.5816076597639724,0.13071008593396652
"Census Tract 232, San Francisco County, California",4355.0,308.0,0.5547,42212.0,4355.0,1142.0,512.0,06,075,023200,06075023200,2015,0.07072330654420207,0.26222732491389206
"Census Tract 301.02, San Francisco County, California",5095.0,3279.0,0.4802,110433.0,4541.0,331.0,844.0,06,075,030102,06075030102,2015,0.6435721295387635,0.07289143360493283
"Census Tract 327, San Francisco County, California",6950.0,2243.0,0.4273,99712.0,6935.0,564.0,1168.0,06,075,032700,06075032700,2015,0.32273381294964026,0.08132660418168709
"Census Tract 352.01, San Francisco County, California",5775.0,2060.0,0.4158,77850.0,5749.0,645.0,608.0,06,075,035201,06075035201,2015,0.3567099567099567,0.11219342494346843
"Census Tract 354, San Francisco County, California",7022.0,2360.0,0.4664,80260.0,7011.0,761.0,978.0,06,075,035400,06075035400,2015,0.33608658501851324,0.10854371701611754
"Census Tract 159, San Francisco County, California",4077.0,1580.0,0.5243,44157.0,4000.0,725.0,844.0,06,075,015900,06075015900,2015,0.3875398577385332,0.18125
"Census Tract 428, San Francisco County, California",2490.0,1797.0,0.5258,164750.0,2490.0,81.0,104.0,06,075,042800,06075042800,2018,0.7216867469879518,0.03253012048192771
"Census Tract 120, San Francisco County, California",3993.0,1558.0,0.4886,48113.0,3960.0,861.0,866.0,06,075,012000,06075012000,2018,0.39018281993488607,0.21742424242424244
"Census Tract 127, San Francisco County, California",4027.0,3114.0,0.4359,133641.0,4027.0,154.0,834.0,06,075,012700,06075012700,2018,0.7732803575862925,0.03824186739508319
"Census Tract 132, San Francisco County, California",4274.0,3098.0,0.5308,188844.0,4245.0,63.0,696.0,06,075,013200,06075013200,2018,0.7248479176415535,0.014840989399293287
"Census Tract 133, San Francisco County, California",4729.0,3300.0,0.5314,162500.0,4688.0,476.0,633.0,06,075,013300,06075013300,2018,0.6978219496722351,0.1015358361774744
"Census Tract 135, San Francisco County, California",2673.0,1718.0,0.4943,132750.0,2673.0,175.0,573.0,06,075,013500,06075013500,2018,0.6427235316124205,0.06546950991395435
"Census Tract 153, San Francisco County, California",2236.0,1293.0,0.3933,141750.0,2116.0,123.0,551.0,06,075,015300,06075015300,2018,0.5782647584973166,0.058128544423440454
"Census Tract 167, San Francisco County, California",5225.0,3853.0,0.4644,174081.0,5225.0,296.0,1680.0,06,075,016700,06075016700,2018,0.7374162679425837,0.056650717703349285
"Census Tract 202, San Francisco County, California",6181.0,3037.0,0.5227,100099.0,6181.0,644.0,1744.0,06,075,020200,06075020200,2018,0.4913444426468209,0.10419026047565119
"Census Tract 205, San Francisco County, California",2949.0,2207.0,0.5256,145263.0,2924.0,139.0,1117.0,06,075,020500,06075020500,2018,0.7483892845032214,0.04753761969904241
"Census Tract 210, San Francisco County, California",4692.0,2714.0,0.4567,138523.0,4680.0,315.0,1947.0,06,075,021000,06075021000,2018,0.5784313725490197,0.0673076923076923
"Census Tract 230.01, San Francisco County, California",5095.0,301.0,0.4715,70865.0,5088.0,650.0,760.0,06,075,023001,06075023001,2018,0.0590775269872424,0.12775157232704404
"Census Tract 352.02, San Francisco County, California",4960.0,1788.0,0.4189,82593.0,4960.0,450.0,890.0,06,075,035202,06075035202,2018,0.3604838709677419,0.0907258064516129
"Census Tract 427, San Francisco County, California",5422.0,1852.0,0.5389,76118.0,5422.0,822.0,1165.0,06,075,042700,06075042700,2018,0.3415713758760605,0.1516045739579491
"Census Tract 601, San Francisco County, California",4119.0,2991.0,0.4506,184934.0,4094.0,152.0,764.0,06,075,060100,06075060100,2018,0.7261471230881282,0.03712750366389839
"Census Tract 314, San Francisco County, California",6743.0,744.0,0.4302,73750.0,6719.0,638.0,1005.0,06,075,031400,06075031400,2018,0.11033664541005488,0.0949546063402292
"Census Tract 401, San Francisco County, California",4436.0,2353.0,0.4565,94589.0,4391.0,457.0,1050.0,06,075,040100,06075040100,2018,0.5304328223624887,0.10407652015486221
"Census Tract 232, San Francisco County, California",4179.0,282.0,0.5433,60345.0,4155.0,917.0,640.0,06,075,023200,06075023200,2018,0.0674802584350323,0.22069795427196148
"Census Tract 301.02, San Francisco County, California",5255.0,3576.0,0.4854,147549.0,4743.0,170.0,1035.0,06,075,030102,06075030102,2018,0.6804947668886775,0.035842293906810034
"Census Tract 327, San Francisco County, California",6681.0,2507.0,0.4024,115457.0,6681.0,457.0,1261.0,06,075,032700,06075032700,2018,0.3752432270618171,0.068402933692561
"Census Tract 352.01, San Francisco County, California",5987.0,2202.0,0.4141,102652.0,5984.0,756.0,571.0,06,075,035201,06075035201,2018,0.367796893268749,0.12633689839572193
"Census Tract 123.02, San Francisco County, California",2621.0,1053.0,0.5202,43493.0,2621.0,650.0,597.0,06,075,012302,06075012302,2018,0.401755055322396,0.2479969477298741
"Census Tract 124.01, San Francisco County, California",4782.0,1358.0,0.49,24511.0,4782.0,1224.0,1257.0,06,075,012401,06075012401,2018,0.2839815976578837,0.2559598494353827
"Census Tract 124.02, San Francisco County, California",4320.0,1451.0,0.5719,61736.0,4018.0,761.0,1342.0,06,075,012402,06075012402,2018,0.33587962962962964,0.18939771030363364
"Census Tract 125.01, San Francisco County, California",4002.0,1077.0,0.5132,22150.0,3921.0,1119.0,826.0,06,075,012501,06075012501,2018,0.2691154422788606,0.28538638102524866
"Census Tract 125.02, San Francisco County, California",3584.0,650.0,0.4874,14976.0,3424.0,1226.0,725.0,06,075,012502,06075012502,2018,0.18136160714285715,0.3580607476635514
"Census Tract 126.01, San Francisco County, California",2630.0,2007.0,0.4402,143000.0,2630.0,60.0,604.0,06,075,012601,06075012601,2018,0.7631178707224334,0.022813688212927757
"Census Tract 126.02, San Francisco County, California",2688.0,2207.0,0.483,139063.0,2688.0,92.0,581.0,06,075,012602,06075012602,2018,0.8210565476190477,0.03422619047619048
"Census Tract 129.01, San Francisco County, California",2661.0,2114.0,0.4345,150625.0,2650.0,96.0,773.0,06,075,012901,06075012901,2018,0.7944381811349117,0.036226415094339624
"Census Tract 129.02, San Francisco County, California",4026.0,3147.0,0.3947,128407.0,3943.0,233.0,1151.0,06,075,012902,06075012902,2018,0.7816691505216096,0.05909206188181588
"Census Tract 131.01, San Francisco County, California",4139.0,3010.0,0.5131,146932.0,4012.0,147.0,1074.0,06,075,013101,06075013101,2018,0.7272287992268663,0.03664007976071785
"Census Tract 131.02, San Francisco County, California",2959.0,1908.0,0.4867,162045.0,2915.0,187.0,631.0,06,075,013102,06075013102,2018,0.644812436633998,0.06415094339622641
"Census Tract 158.01, San Francisco County, California",4164.0,1630.0,0.5148,76689.0,4114.0,779.0,1014.0,06,075,015801,06075015801,2018,0.3914505283381364,0.18935342732134175
"Census Tract 158.02, San Francisco County, California",3321.0,2098.0,0.4981,132540.0,3321.0,221.0,946.0,06,075,015802,06075015802,2018,0.6317374284853959,0.06654622101776574
"Census Tract 168.01, San Francisco County, California",3746.0,2438.0,0.5131,111250.0,3746.0,396.0,1287.0,06,075,016801,06075016801,2018,0.6508275493860117,0.10571276027762948
"Census Tract 168.02, San Francisco County, California",3642.0,1739.0,0.5151,96071.0,3623.0,492.0,998.0,06,075,016802,06075016802,2018,0.47748489840746844,0.13579906155120067
"Census Tract 171.01, San Francisco County, California",3888.0,2931.0,0.438,173214.0,3888.0,183.0,1065.0,06,075,017101,06075017101,2018,0.753858024691358,0.0470679012345679
"Census Tract 477.01, San Francisco County, California",4469.0,1675.0,0.4258,86848.0,4461.0,523.0,1189.0,06,075,047701,06075047701,2018,0.3748042067576639,0.11723828737951132
"Census Tract 477.02, San Francisco County, California",3877.0,1616.0,0.4771,98958.0,3877.0,405.0,724.0,06,075,047702,06075047702,2018,0.4168171266443126,0.10446221305132834
"Census Tract 605.02, San Francisco County, California",3488.0,115.0,0.6245,26350.0,3473.0,1251.0,611.0,06,075,060502,06075060502,2018,0.03297018348623853,0.36020731356176217
"Census Tract 607, San Francisco County, California",12180.0,4312.0,0.4124,158667.0,11816.0,1050.0,2494.0,06,075,060700,06075060700,2018,0.35402298850574715,0.08886255924170616
"Census Tract 479.02, San Francisco County, California",3771.0,1595.0,0.451,94688.0,3771.0,325.0,512.0,06,075,047902,06075047902,2018,0.4229647308406258,0.08618403606470432
"Census Tract 604, San Francisco County, California",1557.0,830.0,0.4167,64153.0,1557.0,150.0,86.0,06,075,060400,06075060400,2018,0.5330764290301863,0.09633911368015415
"Census Tract 109, San Francisco County, California",4510.0,3149.0,0.4991,145417.0,4510.0,246.0,956.0,06,075,010900,06075010900,2018,0.6982261640798226,0.05454545454545454
"Census Tract 118, San Francisco County, California",1477.0,139.0,0.5864,29338.0,1477.0,324.0,293.0,06,075,011800,06075011800,2018,0.0941096817874069,0.21936357481381177
"Census Tract 121, San Francisco County, California",4002.0,1751.0,0.4626,72806.0,3407.0,566.0,793.0,06,075,012100,06075012100,2018,0.4375312343828086,0.16612855884942765
"Census Tract 128, San Francisco County, California",4436.0,3564.0,0.5257,154917.0,4436.0,249.0,1077.0,06,075,012800,06075012800,2018,0.8034265103697025,0.05613165013525699
"Census Tract 155, San Francisco County, California",3532.0,1653.0,0.5912,64412.0,3487.0,376.0,798.0,06,075,015500,06075015500,2018,0.46800679501698755,0.10782907943791224
"Census Tract 161, San Francisco County, California",5140.0,1180.0,0.6534,22500.0,5134.0,1591.0,1105.0,06,075,016100,06075016100,2018,0.22957198443579765,0.3098948188546942
"Census Tract 163, San Francisco County, California",4745.0,2855.0,0.4828,148365.0,4706.0,417.0,1107.0,06,075,016300,06075016300,2018,0.6016859852476291,0.08861028474288143
"Census Tract 176.01, San Francisco County, California",9244.0,2285.0,0.6118,46563.0,9244.0,2124.0,2027.0,06,075,017601,06075017601,2018,0.24718736477715275,0.22977066205106014
"Census Tract 201, San Francisco County, California",6039.0,1972.0,0.575,46750.0,6039.0,1312.0,1757.0,06,075,020100,06075020100,2018,0.32654412982281833,0.21725451233647955
"Census Tract 354, San Francisco County, California",7112.0,2420.0,0.4663,102500.0,7112.0,449.0,1049.0,06,075,035400,06075035400,2018,0.34026996625421824,0.06313273340832395
"Census Tract 159, San Francisco County, California",4563.0,1575.0,0.4723,79698.0,4489.0,627.0,1020.0,06,075,015900,06075015900,2018,0.34516765285996054,0.13967476052572955
"Census Tract 160, San Francisco County, California",2850.0,1513.0,0.5307,71823.0,2850.0,529.0,650.0,06,075,016000,06075016000,2018,0.5308771929824562,0.1856140350877193
"Census Tract 105, San Francisco County, California",2932.0,1342.0,0.4982,125511.0,2932.0,533.0,322.0,06,075,010500,06075010500,2018,0.45770804911323326,0.18178717598908595
"Census Tract 113, San Francisco County, California",3046.0,461.0,0.6428,37991.0,3010.0,465.0,418.0,06,075,011300,06075011300,2018,0.15134602757715035,0.15448504983388706
"Census Tract 152, San Francisco County, California",4301.0,2497.0,0.5017,91493.0,4212.0,512.0,910.0,06,075,015200,06075015200,2018,0.5805626598465473,0.12155745489078823
"Census Tract 177, San Francisco County, California",1956.0,672.0,0.4305,114722.0,1944.0,193.0,491.0,06,075,017700,06075017700,2018,0.34355828220858897,0.09927983539094651
"Census Tract 227.02, San Francisco County, California",2287.0,1528.0,0.4318,191750.0,2269.0,138.0,390.0,06,075,022702,06075022702,2018,0.6681241801486664,0.06081974438078449
"Census Tract 228.01, San Francisco County, California",5765.0,2191.0,0.4736,117368.0,5703.0,751.0,1090.0,06,075,022801,06075022801,2018,0.3800520381613183,0.13168507802910748
"Census Tract 231.03, San Francisco County, California",2654.0,104.0,0.5849,25871.0,2654.0,867.0,246.0,06,075,023103,06075023103,2018,0.03918613413715147,0.3266767143933685
"Census Tract 259, San Francisco County, California",4809.0,1212.0,0.46,113384.0,4809.0,260.0,661.0,06,075,025900,06075025900,2018,0.2520274485339988,0.05406529423996673
"Census Tract 260.03, San Francisco County, California",5011.0,763.0,0.3895,81071.0,4926.0,340.0,854.0,06,075,026003,06075026003,2018,0.1522650169626821,0.06902151847340642
"Census Tract 171.02, San Francisco County, California",3828.0,2657.0,0.4911,159167.0,3805.0,242.0,1109.0,06,075,017102,06075017102,2018,0.6940961337513062,0.06360052562417871
"Census Tract 178.01, San Francisco County, California",3654.0,1129.0,0.6701,22450.0,3654.0,1037.0,365.0,06,075,017801,06075017801,2018,0.3089764641488779,0.2837985769020252
"Census Tract 157, San Francisco County, California",8912.0,4320.0,0.3979,116923.0,6059.0,473.0,1701.0,06,075,015700,06075015700,2018,0.48473967684021546,0.0780656874071629
"Census Tract 164, San Francisco County, California",4187.0,2558.0,0.3857,139262.0,3982.0,174.0,1260.0,06,075,016400,06075016400,2018,0.6109386195366611,0.04369663485685585
"Census Tract 206, San Francisco County, California",5203.0,3775.0,0.483,147213.0,5203.0,342.0,1428.0,06,075,020600,06075020600,2018,0.7255429559869306,0.06573130886027292
"Census Tract 209, San Francisco County, California",4746.0,1975.0,0.4964,106875.0,4724.0,846.0,1654.0,06,075,020900,06075020900,2018,0.4161399072903498,0.17908552074513123
"Census Tract 218, San Francisco County, California",4332.0,2947.0,0.4301,173372.0,4332.0,209.0,910.0,06,075,021800,06075021800,2018,0.680286241920591,0.04824561403508772
"Census Tract 226, San Francisco County, California",2648.0,1540.0,0.392,186318.0,2648.0,61.0,835.0,06,075,022600,06075022600,2018,0.581570996978852,0.023036253776435044
"Census Tract 231.02, San Francisco County, California",4526.0,203.0,0.6118,31065.0,4509.0,1444.0,524.0,06,075,023102,06075023102,2018,0.0448519664162616,0.32024839210467954
"Census Tract 251, San Francisco County, California",3573.0,1812.0,0.4716,153021.0,3573.0,345.0,597.0,06,075,025100,06075025100,2018,0.5071368597816961,0.09655751469353484
"Census Tract 170, San Francisco County, California",4268.0,3041.0,0.4391,185435.0,4268.0,166.0,1365.0,06,075,017000,06075017000,2018,0.7125117150890347,0.03889409559512652
"Census Tract 180, San Francisco County, California",3091.0,1395.0,0.4157,148698.0,2854.0,592.0,516.0,06,075,018000,06075018000,2018,0.4513102555807182,0.20742817098808689
"Census Tract 215, San Francisco County, California",5435.0,3418.0,0.4492,146638.0,5435.0,380.0,1489.0,06,075,021500,06075021500,2018,0.6288868445262189,0.06991720331186753
"Census Tract 228.03, San Francisco County, California",5117.0,1775.0,0.4199,123000.0,5089.0,357.0,1232.0,06,075,022803,06075022803,2018,0.3468829392222005,0.07015130674002751
"Census Tract 615, San Francisco County, California",14758.0,6822.0,0.4564,189329.0,14598.0,961.0,1839.0,06,075,061500,06075061500,2018,0.4622577585038623,0.06583093574462255
"Census Tract 156, San Francisco County, California",3432.0,1585.0,0.5291,95000.0,3432.0,504.0,482.0,06,075,015600,06075015600,2018,0.4618298368298368,0.14685314685314685
"Census Tract 102, San Francisco County, California",4299.0,3364.0,0.5138,134176.0,4299.0,226.0,888.0,06,075,010200,06075010200,2018,0.7825075598976506,0.052570365201209585
"Census Tract 108, San Francisco County, California",4860.0,2209.0,0.4862,102243.0,4860.0,657.0,619.0,06,075,010800,06075010800,2018,0.45452674897119344,0.13518518518518519
"Census Tract 331, San Francisco County, California",3861.0,1433.0,0.4543,114783.0,3782.0,234.0,301.0,06,075,033100,06075033100,2018,0.3711473711473712,0.06187202538339503
"Census Tract 402, San Francisco County, California",5541.0,3174.0,0.5164,105507.0,5541.0,303.0,990.0,06,075,040200,06075040200,2018,0.5728207904710341,0.05468327016783974
"Census Tract 260.04, San Francisco County, California",5011.0,579.0,0.4244,95655.0,4996.0,671.0,827.0,06,075,026004,06075026004,2018,0.11554579924166833,0.13430744595676541
"Census Tract 301.01, San Francisco County, California",5045.0,2940.0,0.4181,122264.0,4901.0,644.0,1192.0,06,075,030101,06075030101,2018,0.5827552031714569,0.13140175474392982
"Census Tract 330, San Francisco County, California",8425.0,2843.0,0.4329,100907.0,8365.0,425.0,1551.0,06,075,033000,06075033000,2018,0.3374480712166172,0.05080693365212194
"Census Tract 254.03, San Francisco County, California",5050.0,1321.0,0.4937,109118.0,5009.0,330.0,655.0,06,075,025403,06075025403,2018,0.2615841584158416,0.0658814134557796
"Census Tract 264.01, San Francisco County, California",3548.0,132.0,0.4166,75156.0,3535.0,371.0,483.0,06,075,026401,06075026401,2018,0.03720405862457723,0.10495049504950495
"Census Tract 302.02, San Francisco County, California",4487.0,2301.0,0.428,123139.0,4487.0,578.0,1213.0,06,075,030202,06075030202,2018,0.512814798306218,0.12881658123467796
"Census Tract 353, San Francisco County, California",7309.0,2202.0,0.4361,93375.0,7309.0,339.0,1004.0,06,075,035300,06075035300,2018,0.3012724038856205,0.0463811738951977
"Census Tract 476, San Francisco County, California",5605.0,2208.0,0.4585,103676.0,5605.0,307.0,943.0,06,075,047600,06075047600,2018,0.3939339875111508,0.05477252453166815
"Census Tract 106, San Francisco County, California",3356.0,1249.0,0.5787,40380.0,3356.0,681.0,491.0,06,075,010600,06075010600,2018,0.3721692491060787,0.2029201430274136
"Census Tract 610, San Francisco County, California",4851.0,628.0,0.4163,93287.0,4851.0,386.0,562.0,06,075,061000,06075061000,2018,0.12945784374355804,0.07957122242836528
"Census Tract 203, San Francisco County, California",3413.0,2149.0,0.4508,140000.0,3405.0,279.0,1468.0,06,075,020300,06075020300,2018,0.6296513331380018,0.08193832599118943
"Census Tract 207, San Francisco County, California",5075.0,2997.0,0.4632,167422.0,5075.0,308.0,1509.0,06,075,020700,06075020700,2018,0.5905418719211822,0.060689655172413794
"Census Tract 208, San Francisco County, California",6399.0,2437.0,0.5027,103134.0,6399.0,618.0,1896.0,06,075,020800,06075020800,2018,0.38084075636818254,0.09657759024847633
"Census Tract 211, San Francisco County, California",4199.0,2972.0,0.4184,180656.0,4199.0,171.0,845.0,06,075,021100,06075021100,2018,0.7077875684686831,0.04072398190045249
"Census Tract 212, San Francisco County, California",3095.0,2170.0,0.4648,176845.0,3084.0,74.0,600.0,06,075,021200,06075021200,2018,0.7011308562197092,0.023994811932555125
"Census Tract 213, San Francisco County, California",2650.0,1899.0,0.5098,158276.0,2650.0,105.0,535.0,06,075,021300,06075021300,2018,0.7166037735849057,0.03962264150943396
"Census Tract 107, San Francisco County, California",5522.0,730.0,0.5669,25502.0,5522.0,1094.0,967.0,06,075,010700,06075010700,2018,0.13219847881202462,0.19811662441144512
"Census Tract 162, San Francisco County, California",3358.0,2025.0,0.4646,106313.0,3358.0,291.0,1240.0,06,075,016200,06075016200,2018,0.6030375223347231,0.08665872543180464
"Census Tract 169, San Francisco County, California",3191.0,2051.0,0.4684,115946.0,3167.0,268.0,1110.0,06,075,016900,06075016900,2018,0.6427452209338765,0.08462267129775813
"Census Tract 252, San Francisco County, California",5407.0,3305.0,0.4455,139444.0,5407.0,238.0,745.0,06,075,025200,06075025200,2018,0.6112446828185685,0.04401701498058073
"Census Tract 101, San Francisco County, California",3850.0,1865.0,0.5138,67377.0,3850.0,667.0,409.0,06,075,010100,06075010100,2018,0.4844155844155844,0.17324675324675326
"Census Tract 112, San Francisco County, California",3459.0,1973.0,0.5034,113214.0,3459.0,342.0,588.0,06,075,011200,06075011200,2018,0.5703960682278115,0.09887250650477017
"Census Tract 134, San Francisco County, California",3880.0,2730.0,0.5055,170729.0,3836.0,155.0,705.0,06,075,013400,06075013400,2018,0.7036082474226805,0.04040667361835245
"Census Tract 151, San Francisco County, California",2600.0,1377.0,0.4285,99706.0,2572.0,158.0,599.0,06,075,015100,06075015100,2018,0.5296153846153846,0.061430793157076204
"Census Tract 217, San Francisco County, California",4309.0,2277.0,0.4577,150455.0,4309.0,231.0,770.0,06,075,021700,06075021700,2018,0.5284288698073799,0.05360872592248782
"Census Tract 228.02, San Francisco County, California",2329.0,828.0,0.469,102750.0,1911.0,210.0,539.0,06,075,022802,06075022802,2018,0.3555173894375268,0.10989010989010989
"Census Tract 229.01, San Francisco County, California",5174.0,1782.0,0.4909,91464.0,5174.0,820.0,1692.0,06,075,022901,06075022901,2018,0.344414379590259,0.15848473134905297
"Census Tract 229.02, San Francisco County, California",2605.0,931.0,0.4363,133239.0,2598.0,339.0,451.0,06,075,022902,06075022902,2018,0.35738963531669865,0.13048498845265588
"Census Tract 229.03, San Francisco County, California",3561.0,1060.0,0.4349,128750.0,3487.0,198.0,755.0,06,075,022903,06075022903,2018,0.2976691940466161,0.056782334384858045
"Census Tract 230.03, San Francisco County, California",3830.0,450.0,0.3919,77365.0,3793.0,256.0,355.0,06,075,023003,06075023003,2018,0.1174934725848564,0.06749274980226734
"Census Tract 264.03, San Francisco County, California",3962.0,270.0,0.4036,75455.0,3892.0,345.0,808.0,06,075,026403,06075026403,2018,0.06814740030287733,0.08864337101747173
"Census Tract 302.01, San Francisco County, California",4542.0,2330.0,0.3649,111000.0,4505.0,311.0,1031.0,06,075,030201,06075030201,2018,0.5129898723029502,0.06903440621531631
"Census Tract 303.02, San Francisco County, California",4315.0,1398.0,0.4823,138125.0,4315.0,230.0,673.0,06,075,030302,06075030302,2018,0.32398609501738124,0.05330243337195829
"Census Tract 304, San Francisco County, California",5641.0,2637.0,0.4924,160733.0,5629.0,211.0,883.0,06,075,030400,06075030400,2018,0.4674703066832122,0.03748445549831231
"Census Tract 103, San Francisco County, California",4229.0,2531.0,0.4522,138630.0,4229.0,347.0,880.0,06,075,010300,06075010300,2018,0.598486639867581,0.08205249467959329
"Census Tract 110, San Francisco County, California",4792.0,2491.0,0.4729,121299.0,4792.0,335.0,1443.0,06,075,011000,06075011000,2018,0.5198247078464107,0.06990818030050083
"Census Tract 154, San Francisco County, California",5970.0,3603.0,0.4744,125651.0,5962.0,387.0,1414.0,06,075,015400,06075015400,2018,0.6035175879396985,0.06491110365649111
"Census Tract 104, San Francisco County, California",4430.0,2700.0,0.5395,111105.0,4430.0,368.0,517.0,06,075,010400,06075010400,2018,0.6094808126410836,0.08306997742663656
"Census Tract 255, San Francisco County, California",9754.0,2164.0,0.4539,114015.0,9744.0,736.0,1612.0,06,075,025500,06075025500,2018,0.22185769940537214,0.0755336617405583
"Census Tract 256, San Francisco County, California",5403.0,686.0,0.4827,85288.0,5377.0,423.0,625.0,06,075,025600,06075025600,2018,0.12696650009254118,0.0786684024549005
"Census Tract 258, San Francisco County, California",2020.0,303.0,0.4513,91250.0,2020.0,195.0,302.0,06,075,025800,06075025800,2018,0.15,0.09653465346534654
"Census Tract 260.01, San Francisco County, California",6018.0,635.0,0.458,74883.0,6018.0,687.0,979.0,06,075,026001,06075026001,2018,0.10551678298438019,0.11415752741774676
"Census Tract 451, San Francisco County, California",5330.0,2636.0,0.4739,116429.0,5287.0,402.0,1242.0,06,075,045100,06075045100,2018,0.4945590994371482,0.076035558918101
"Census Tract 452, San Francisco County, California",6913.0,3005.0,0.5092,98864.0,6900.0,558.0,1417.0,06,075,045200,06075045200,2018,0.43468826847967595,0.0808695652173913
"Census Tract 261, San Francisco County, California",7516.0,553.0,0.3866,89917.0,7482.0,382.0,1540.0,06,075,026100,06075026100,2018,0.07357637040979244,0.051055867415129644
"Census Tract 313.02, San Francisco County, California",6198.0,684.0,0.4259,77260.0,6167.0,846.0,1289.0,06,075,031302,06075031302,2018,0.11035818005808325,0.13718177395816442
"Census Tract 326.01, San Francisco County, California",5404.0,1514.0,0.3796,116128.0,5404.0,525.0,1157.0,06,075,032601,06075032601,2018,0.2801628423390081,0.09715025906735751
"Census Tract 326.02, San Francisco County, California",4891.0,1503.0,0.4161,96932.0,4891.0,397.0,888.0,06,075,032602,06075032602,2018,0.30729912083418526,0.08116949499079942
"Census Tract 328.01, San Francisco County, California",4396.0,1040.0,0.4422,114290.0,4258.0,184.0,908.0,06,075,032801,06075032801,2018,0.23657870791628755,0.04321277595115078
"Census Tract 166, San Francisco County, California",5583.0,4161.0,0.406,143594.0,5583.0,537.0,1907.0,06,075,016600,06075016600,2018,0.7452982267598065,0.09618484685652874
"Census Tract 179.02, San Francisco County, California",3064.0,824.0,0.4507,59063.0,2977.0,1454.0,665.0,06,075,017902,06075017902,2018,0.2689295039164491,0.4884111521666107
"Census Tract 214, San Francisco County, California",3783.0,2639.0,0.4804,165132.0,3783.0,168.0,971.0,06,075,021400,06075021400,2018,0.697594501718213,0.04440919904837431
"Census Tract 233, San Francisco County, California",3456.0,247.0,0.5291,58125.0,3443.0,800.0,546.0,06,075,023300,06075023300,2018,0.07146990740740741,0.23235550392099913
"Census Tract 253, San Francisco County, California",4819.0,2628.0,0.4288,144583.0,4741.0,280.0,1207.0,06,075,025300,06075025300,2018,0.5453413571280349,0.05905927019616115
"Census Tract 254.01, San Francisco County, California",3725.0,1909.0,0.4488,122232.0,3725.0,198.0,759.0,06,075,025401,06075025401,2018,0.51248322147651,0.05315436241610738
"Census Tract 263.01, San Francisco County, California",5246.0,675.0,0.4529,70345.0,5235.0,608.0,942.0,06,075,026301,06075026301,2018,0.1286694624475791,0.11614135625596944
"Census Tract 263.02, San Francisco County, California",5269.0,715.0,0.4146,84457.0,5212.0,438.0,753.0,06,075,026302,06075026302,2018,0.13569937369519833,0.08403683806600154
"Census Tract 263.03, San Francisco County, California",5216.0,628.0,0.3766,92992.0,5153.0,452.0,1378.0,06,075,026303,06075026303,2018,0.12039877300613497,0.08771589365418203
"Census Tract 305, San Francisco County, California",3344.0,1385.0,0.4577,143558.0,2599.0,184.0,376.0,06,075,030500,06075030500,2018,0.41417464114832536,0.07079646017699115
"Census Tract 311, San Francisco County, California",6899.0,3029.0,0.4382,127011.0,6899.0,317.0,1426.0,06,075,031100,06075031100,2018,0.43904913755616753,0.04594868821568343
"Census Tract 328.02, San Francisco County, California",4355.0,1117.0,0.3995,103861.0,4355.0,444.0,830.0,06,075,032802,06075032802,2018,0.2564867967853042,0.10195177956371987
"Census Tract 329.01, San Francisco County, California",5765.0,1312.0,0.4532,112500.0,5709.0,200.0,876.0,06,075,032901,06075032901,2018,0.22758022549869905,0.03503240497460151
"Census Tract 329.02, San Francisco County, California",4211.0,1047.0,0.5022,94545.0,4142.0,632.0,546.0,06,075,032902,06075032902,2018,0.24863452861553076,0.15258329309512314
"Census Tract 332.03, San Francisco County, California",3797.0,1630.0,0.4887,47188.0,3797.0,988.0,694.0,06,075,033203,06075033203,2018,0.4292862786410324,0.26020542533579144
"Census Tract 332.04, San Francisco County, California",4806.0,1393.0,0.5184,62701.0,4806.0,1514.0,914.0,06,075,033204,06075033204,2018,0.289846025801082,0.3150228880565959
"Census Tract 426.01, San Francisco County, California",3824.0,1888.0,0.5211,84805.0,3824.0,563.0,793.0,06,075,042601,06075042601,2018,0.49372384937238495,0.14722803347280336
"Census Tract 426.02, San Francisco County, California",3022.0,1568.0,0.4573,128375.0,3022.0,165.0,652.0,06,075,042602,06075042602,2018,0.5188616810059563,0.05459960291197882
"Census Tract 478.01, San Francisco County, California",4521.0,1566.0,0.4783,108525.0,4472.0,371.0,947.0,06,075,047801,06075047801,2018,0.34638354346383543,0.08296064400715564
"Census Tract 478.02, San Francisco County, California",3783.0,1460.0,0.5152,91250.0,3783.0,308.0,829.0,06,075,047802,06075047802,2018,0.3859370869680148,0.08141686492201956
"Census Tract 611, San Francisco County, California",4692.0,174.0,0.6088,18990.0,4692.0,1765.0,574.0,06,075,061100,06075061100,2018,0.0370843989769821,0.37617220801364026
"Census Tract 612, San Francisco County, California",4293.0,406.0,0.5342,59866.0,4288.0,659.0,409.0,06,075,061200,06075061200,2018,0.09457255998136502,0.15368470149253732
"Census Tract 614, San Francisco County, California",5977.0,2507.0,0.5115,127813.0,5977.0,1080.0,739.0,06,075,061400,06075061400,2018,0.41944119123306006,0.18069265517818303
"Census Tract 178.02, San Francisco County, California",5782.0,1919.0,0.571,74005.0,5771.0,1509.0,1027.0,06,075,017802,06075017802,2018,0.3318920788654445,0.2614798128573904
"Census Tract 204.01, San Francisco County, California",3260.0,2276.0,0.4343,159412.0,3260.0,162.0,811.0,06,075,020401,06075020401,2018,0.698159509202454,0.04969325153374233
"Census Tract 204.02, San Francisco County, California",4675.0,2849.0,0.4541,112818.0,4675.0,222.0,1054.0,06,075,020402,06075020402,2018,0.6094117647058823,0.04748663101604278
"Census Tract 227.04, San Francisco County, California",3297.0,2326.0,0.4882,185345.0,3289.0,222.0,519.0,06,075,022704,06075022704,2018,0.7054898392478011,0.06749771967163272
"Census Tract 257.01, San Francisco County, California",5307.0,590.0,0.4029,98724.0,5282.0,457.0,803.0,06,075,025701,06075025701,2018,0.11117392123610326,0.08652025747822795
"Census Tract 257.02, San Francisco County, California",4427.0,345.0,0.4871,65875.0,4422.0,473.0,758.0,06,075,025702,06075025702,2018,0.07793087869889316,0.10696517412935323
"Census Tract 312.01, San Francisco County, California",7251.0,1355.0,0.395,83381.0,7209.0,585.0,1477.0,06,075,031201,06075031201,2018,0.18687077644462832,0.08114856429463171
"Census Tract 312.02, San Francisco County, California",3515.0,277.0,0.4273,79712.0,3482.0,463.0,819.0,06,075,031202,06075031202,2018,0.07880512091038407,0.13296955772544514
"Census Tract 313.01, San Francisco County, California",4510.0,910.0,0.3956,101116.0,4510.0,440.0,700.0,06,075,031301,06075031301,2018,0.2017738359201774,0.0975609756097561
"Census Tract 119.01, San Francisco County, California",2674.0,1494.0,0.4848,97109.0,2390.0,159.0,355.0,06,075,011901,06075011901,2018,0.5587135377711294,0.06652719665271967
"Census Tract 119.02, San Francisco County, California",2813.0,1518.0,0.4168,84167.0,2813.0,256.0,594.0,06,075,011902,06075011902,2018,0.5396373977959474,0.09100604337006754
"Census Tract 122.01, San Francisco County, California",4638.0,1648.0,0.4953,66563.0,4638.0,762.0,1019.0,06,075,012201,06075012201,2018,0.3553255713669685,0.16429495472186287
"Census Tract 122.02, San Francisco County, California",3525.0,1073.0,0.6221,35970.0,3525.0,1018.0,530.0,06,075,012202,06075012202,2018,0.30439716312056736,0.28879432624113477
"Census Tract 123.01, San Francisco County, California",2116.0,554.0,0.5336,23371.0,2116.0,654.0,429.0,06,075,012301,06075012301,2018,0.2618147448015123,0.30907372400756145
"Census Tract 264.04, San Francisco County, California",2843.0,131.0,0.5222,54805.0,2826.0,447.0,416.0,06,075,026404,06075026404,2018,0.04607808652831516,0.15817409766454352
"Census Tract 306, San Francisco County, California",2516.0,1301.0,0.4272,172500.0,2507.0,48.0,345.0,06,075,030600,06075030600,2018,0.5170906200317965,0.019146390107698443
"Census Tract 310, San Francisco County, California",3520.0,1670.0,0.4348,153456.0,3520.0,182.0,434.0,06,075,031000,06075031000,2018,0.4744318181818182,0.051704545454545454
"Census Tract 332.01, San Francisco County, California",4483.0,1342.0,0.4775,34706.0,1824.0,919.0,920.0,06,075,033201,06075033201,2018,0.2993531117555209,0.5038377192982456
"Census Tract 111, San Francisco County, California",4778.0,2574.0,0.473,105561.0,4767.0,527.0,1047.0,06,075,011100,06075011100,2018,0.5387191293428213,0.1105517096706524
"Census Tract 117, San Francisco County, California",1768.0,556.0,0.5741,63958.0,1714.0,260.0,273.0,06,075,011700,06075011700,2018,0.31447963800904977,0.1516919486581097
"Census Tract 165, San Francisco County, California",5487.0,3647.0,0.438,132750.0,5279.0,568.0,1233.0,06,075,016500,06075016500,2018,0.6646619281939129,0.10759613563174844
"Census Tract 307, San Francisco County, California",7022.0,3586.0,0.4548,146618.0,7022.0,127.0,748.0,06,075,030700,06075030700,2018,0.5106807177442324,0.018086015380233553
"Census Tract 351, San Francisco County, California",9053.0,2890.0,0.4715,121156.0,9033.0,750.0,1182.0,06,075,035100,06075035100,2018,0.3192311940793107,0.08302889405513118
"Census Tract 130, San Francisco County, California",4863.0,4074.0,0.4539,161397.0,4849.0,304.0,1179.0,06,075,013000,06075013000,2018,0.83775447254781,0.06269333883274902
"Census Tract 260.02, San Francisco County, California",3527.0,780.0,0.4574,100000.0,3206.0,193.0,793.0,06,075,026002,06075026002,2018,0.2211511199319535,0.06019962570180911
"Census Tract 264.02, San Francisco County, California",5164.0,432.0,0.41,82010.0,5096.0,604.0,771.0,06,075,026402,06075026402,2018,0.08365608055770721,0.1185243328100471
"Census Tract 303.01, San Francisco County, California",5663.0,2318.0,0.4846,141125.0,5607.0,490.0,900.0,06,075,030301,06075030301,2018,0.4093236800282536,0.08739076154806492
"Census Tract 308, San Francisco County, California",6584.0,3131.0,0.4349,152351.0,6543.0,91.0,1365.0,06,075,030800,06075030800,2018,0.475546780072904,0.013907993275255999
"Census Tract 254.02, San Francisco County, California",3284.0,1299.0,0.4237,129405.0,3284.0,269.0,449.0,06,075,025402,06075025402,2018,0.39555420219244825,0.08191230207064555
"Census Tract 262, San Francisco County, California",7583.0,490.0,0.3744,77928.0,7563.0,611.0,1416.0,06,075,026200,06075026200,2018,0.06461822497692206,0.08078804707126802
"Census Tract 216, San Francisco County, California",4345.0,2443.0,0.5039,143929.0,4345.0,303.0,1046.0,06,075,021600,06075021600,2018,0.5622554660529344,0.06973532796317607
"Census Tract 309, San Francisco County, California",7314.0,3125.0,0.438,171595.0,7291.0,580.0,812.0,06,075,030900,06075030900,2018,0.4272627837024884,0.07955013029762721
"Census Tract 479.01, San Francisco County, California",7597.0,2949.0,0.4336,99750.0,7578.0,592.0,990.0,06,075,047901,06075047901,2018,0.388179544557062,0.0781208762206387
"Census Tract 234, San Francisco County, California",3663.0,134.0,0.512,41724.0,3620.0,968.0,588.0,06,075,023400,06075023400,2018,0.036582036582036584,0.2674033149171271
"Census Tract 101.01, San Francisco County, California",2045.0,884.0,0.5081,73656.0,2045.0,248.0,407.0,06,075,010101,06075010101,2020,0.4322738386308069,0.12127139364303179
"Census Tract 101.02, San Francisco County, California",1920.0,521.0,0.5303,-666666666.0,1920.0,359.0,359.0,06,075,010102,06075010102,2020,0.2713541666666667,0.18697916666666667
"Census Tract 102.01, San Francisco County, California",2331.0,1914.0,0.5103,133482.0,2331.0,83.0,422.0,06,075,010201,06075010201,2020,0.8211068211068211,0.035607035607035604
"Census Tract 102.02, San Francisco County, California",1984.0,1488.0,0.5186,195291.0,1984.0,23.0,352.0,06,075,010202,06075010202,2020,0.75,0.011592741935483871
"Census Tract 103, San Francisco County, California",4282.0,2690.0,0.4525,133708.0,4282.0,225.0,720.0,06,075,010300,06075010300,2020,0.6282111163007941,0.05254553946753853
"Census Tract 104.01, San Francisco County, California",2305.0,1223.0,0.52,85972.0,2305.0,258.0,137.0,06,075,010401,06075010401,2020,0.53058568329718,0.11193058568329718
"Census Tract 104.02, San Francisco County, California",2238.0,1447.0,0.5458,134572.0,2238.0,164.0,301.0,06,075,010402,06075010402,2020,0.6465594280607685,0.07327971403038427
"Census Tract 105, San Francisco County, California",3151.0,1673.0,0.4692,150955.0,3151.0,437.0,331.0,06,075,010500,06075010500,2020,0.5309425579181213,0.1386861313868613
"Census Tract 106, San Francisco County, California",3426.0,1135.0,0.5568,65703.0,3426.0,508.0,534.0,06,075,010600,06075010600,2020,0.3312901342673672,0.14827787507297138
"Census Tract 107.01, San Francisco County, California",3800.0,109.0,0.5696,22257.0,3800.0,886.0,771.0,06,075,010701,06075010701,2020,0.028684210526315788,0.2331578947368421
"Census Tract 107.02, San Francisco County, California",1682.0,452.0,0.5772,69788.0,1682.0,168.0,262.0,06,075,010702,06075010702,2020,0.26872770511296074,0.09988109393579073
"Census Tract 108, San Francisco County, California",5013.0,2351.0,0.5185,127941.0,5013.0,374.0,774.0,06,075,010800,06075010800,2020,0.4689806503091961,0.07460602433672452
"Census Tract 109.01, San Francisco County, California",2130.0,1374.0,0.4619,160585.0,2130.0,138.0,501.0,06,075,010901,06075010901,2020,0.6450704225352113,0.0647887323943662
"Census Tract 109.02, San Francisco County, California",2448.0,1583.0,0.5013,146500.0,2448.0,210.0,381.0,06,075,010902,06075010902,2020,0.6466503267973857,0.0857843137254902
"Census Tract 110.01, San Francisco County, California",2796.0,1416.0,0.526,102536.0,2796.0,316.0,798.0,06,075,011001,06075011001,2020,0.5064377682403434,0.11301859799713877
"Census Tract 110.02, San Francisco County, California",2266.0,1182.0,0.46,124457.0,2266.0,206.0,455.0,06,075,011002,06075011002,2020,0.5216240070609003,0.09090909090909091
"Census Tract 111.01, San Francisco County, California",2728.0,1382.0,0.4417,115913.0,2728.0,99.0,761.0,06,075,011101,06075011101,2020,0.5065982404692082,0.036290322580645164
"Census Tract 111.02, San Francisco County, California",2141.0,921.0,0.4393,95441.0,2130.0,316.0,392.0,06,075,011102,06075011102,2020,0.4301728164409155,0.14835680751173708
"Census Tract 112, San Francisco County, California",3298.0,1944.0,0.4638,145000.0,3298.0,279.0,443.0,06,075,011200,06075011200,2020,0.5894481503941783,0.08459672528805337
"Census Tract 113, San Francisco County, California",2920.0,516.0,0.5984,36731.0,2879.0,660.0,290.0,06,075,011300,06075011300,2020,0.17671232876712328,0.22924626606460577
"Census Tract 117, San Francisco County, California",1727.0,640.0,0.5595,73854.0,1670.0,341.0,190.0,06,075,011700,06075011700,2020,0.3705848291835553,0.20419161676646708
"Census Tract 118, San Francisco County, California",1590.0,145.0,0.5034,37164.0,1590.0,372.0,246.0,06,075,011800,06075011800,2020,0.09119496855345911,0.2339622641509434
"Census Tract 119.01, San Francisco County, California",2390.0,1240.0,0.4877,113875.0,2100.0,170.0,279.0,06,075,011901,06075011901,2020,0.5188284518828452,0.08095238095238096
"Census Tract 119.02, San Francisco County, California",2957.0,1580.0,0.4267,82903.0,2957.0,141.0,385.0,06,075,011902,06075011902,2020,0.5343253297260737,0.047683462969225564
"Census Tract 120.01, San Francisco County, California",1938.0,876.0,0.4589,60056.0,1905.0,365.0,378.0,06,075,012001,06075012001,2020,0.4520123839009288,0.19160104986876642
"Census Tract 120.02, San Francisco County, California",2196.0,766.0,0.4408,74603.0,2196.0,377.0,301.0,06,075,012002,06075012002,2020,0.348816029143898,0.17167577413479052
"Census Tract 121, San Francisco County, California",3586.0,1718.0,0.4504,75316.0,3106.0,424.0,677.0,06,075,012100,06075012100,2020,0.47908533184606805,0.1365099806825499
"Census Tract 122.02, San Francisco County, California",2714.0,1014.0,0.6411,34537.0,2714.0,822.0,294.0,06,075,012202,06075012202,2020,0.37361827560795874,0.30287398673544585
"Census Tract 122.03, San Francisco County, California",1920.0,882.0,0.5701,-666666666.0,1827.0,873.0,234.0,06,075,012203,06075012203,2020,0.459375,0.47783251231527096
"Census Tract 122.04, San Francisco County, California",2639.0,1287.0,0.5213,56386.0,2639.0,301.0,478.0,06,075,012204,06075012204,2020,0.4876847290640394,0.11405835543766578
"Census Tract 123.01, San Francisco County, California",1973.0,613.0,0.5648,25833.0,1973.0,668.0,345.0,06,075,012301,06075012301,2020,0.31069437404967054,0.3385707045108971
"Census Tract 123.02, San Francisco County, California",2656.0,1263.0,0.4755,51845.0,2656.0,501.0,466.0,06,075,012302,06075012302,2020,0.4755271084337349,0.18862951807228914
"Census Tract 124.03, San Francisco County, California",2253.0,452.0,0.5533,21509.0,2253.0,674.0,264.0,06,075,012403,06075012403,2020,0.2006213936972925,0.2991566799822459
"Census Tract 124.04, San Francisco County, California",2443.0,751.0,0.4859,24685.0,2443.0,730.0,584.0,06,075,012404,06075012404,2020,0.3074089234547687,0.2988129349160868
"Census Tract 124.05, San Francisco County, California",3381.0,1169.0,0.4716,113975.0,3057.0,303.0,1002.0,06,075,012405,06075012405,2020,0.34575569358178054,0.09911678115799803
"Census Tract 303.01, San Francisco County, California",5649.0,2409.0,0.4747,154975.0,5594.0,282.0,784.0,06,075,030301,06075030301,2020,0.4264471587891662,0.05041115480872363
"Census Tract 303.02, San Francisco County, California",4079.0,1600.0,0.5036,153750.0,4079.0,375.0,580.0,06,075,030302,06075030302,2020,0.39225300318705564,0.09193429762196617
"Census Tract 304, San Francisco County, California",5403.0,2187.0,0.5132,121897.0,5392.0,179.0,546.0,06,075,030400,06075030400,2020,0.4047751249305941,0.0331973293768546
"Census Tract 305, San Francisco County, California",3570.0,1408.0,0.4874,145781.0,2586.0,328.0,162.0,06,075,030500,06075030500,2020,0.39439775910364144,0.1268368136117556
"Census Tract 306, San Francisco County, California",2537.0,1332.0,0.426,201833.0,2537.0,63.0,355.0,06,075,030600,06075030600,2020,0.5250295624753646,0.024832479306267245
"Census Tract 307, San Francisco County, California",6895.0,3531.0,0.4295,167352.0,6895.0,172.0,706.0,06,075,030700,06075030700,2020,0.5121102248005801,0.024945612762871647
"Census Tract 308, San Francisco County, California",6297.0,3930.0,0.4799,172628.0,6257.0,132.0,771.0,06,075,030800,06075030800,2020,0.6241067174845164,0.021096372063289116
"Census Tract 309, San Francisco County, California",6803.0,2740.0,0.48,183421.0,6777.0,245.0,815.0,06,075,030900,06075030900,2020,0.4027634866970454,0.036151689538143725
"Census Tract 310, San Francisco County, California",4020.0,1646.0,0.4333,165806.0,4020.0,242.0,484.0,06,075,031000,06075031000,2020,0.40945273631840795,0.06019900497512438
"Census Tract 311, San Francisco County, California",6530.0,2708.0,0.3977,165020.0,6530.0,24.0,1241.0,06,075,031100,06075031100,2020,0.41470137825421133,0.003675344563552833
"Census Tract 312.01, San Francisco County, California",7025.0,940.0,0.4198,85651.0,6992.0,513.0,1231.0,06,075,031201,06075031201,2020,0.13380782918149467,0.07336956521739131
"Census Tract 312.02, San Francisco County, California",3306.0,145.0,0.4336,108438.0,3283.0,252.0,517.0,06,075,031202,06075031202,2020,0.043859649122807015,0.0767590618336887
"Census Tract 313.01, San Francisco County, California",4069.0,987.0,0.4335,110760.0,4069.0,405.0,431.0,06,075,031301,06075031301,2020,0.2425657409682969,0.0995330548046203
"Census Tract 313.02, San Francisco County, California",5635.0,788.0,0.424,98209.0,5601.0,784.0,1159.0,06,075,031302,06075031302,2020,0.13984028393966283,0.13997500446348865
"Census Tract 314.01, San Francisco County, California",2545.0,242.0,0.4496,85990.0,2545.0,87.0,345.0,06,075,031401,06075031401,2020,0.09508840864440078,0.03418467583497053
"Census Tract 314.02, San Francisco County, California",4755.0,813.0,0.4143,111129.0,4681.0,397.0,719.0,06,075,031402,06075031402,2020,0.17097791798107256,0.0848109378337962
"Census Tract 326.01, San Francisco County, California",5196.0,1569.0,0.4126,113472.0,5196.0,612.0,951.0,06,075,032601,06075032601,2020,0.30196304849884525,0.11778290993071594
"Census Tract 326.02, San Francisco County, California",4637.0,1422.0,0.4403,121250.0,4637.0,280.0,687.0,06,075,032602,06075032602,2020,0.306663791244339,0.06038386888074186
"Census Tract 327, San Francisco County, California",7242.0,2724.0,0.4347,133490.0,7242.0,348.0,1203.0,06,075,032700,06075032700,2020,0.376139188069594,0.048053024026512015
"Census Tract 328.01, San Francisco County, California",4055.0,927.0,0.4587,104634.0,3921.0,108.0,788.0,06,075,032801,06075032801,2020,0.22860665844636252,0.02754399387911247
"Census Tract 328.02, San Francisco County, California",4572.0,1120.0,0.4216,113000.0,4539.0,437.0,839.0,06,075,032802,06075032802,2020,0.24496937882764655,0.09627671293236395
"Census Tract 329.01, San Francisco County, California",5335.0,1104.0,0.4044,131219.0,5313.0,224.0,896.0,06,075,032901,06075032901,2020,0.2069353327085286,0.04216073781291173
"Census Tract 329.02, San Francisco County, California",4450.0,1017.0,0.4687,111829.0,4413.0,355.0,806.0,06,075,032902,06075032902,2020,0.22853932584269662,0.08044414230682076
"Census Tract 330.01, San Francisco County, California",4210.0,1128.0,0.4352,87863.0,4190.0,230.0,707.0,06,075,033001,06075033001,2020,0.2679334916864608,0.05489260143198091
"Census Tract 330.02, San Francisco County, California",3986.0,1288.0,0.431,152723.0,3908.0,172.0,711.0,06,075,033002,06075033002,2020,0.32313095835423983,0.044012282497441144
"Census Tract 331, San Francisco County, California",3868.0,1198.0,0.4459,115000.0,3803.0,178.0,182.0,06,075,033100,06075033100,2020,0.3097207859358842,0.0468051538259269
"Census Tract 332.01, San Francisco County, California",4444.0,1204.0,0.4525,48839.0,1780.0,688.0,783.0,06,075,033201,06075033201,2020,0.2709270927092709,0.3865168539325843
"Census Tract 332.03, San Francisco County, California",3498.0,1365.0,0.5637,53088.0,3498.0,711.0,582.0,06,075,033203,06075033203,2020,0.3902229845626072,0.2032590051457976
"Census Tract 332.04, San Francisco County, California",4821.0,1400.0,0.489,71447.0,4821.0,1141.0,772.0,06,075,033204,06075033204,2020,0.2903961833644472,0.23667288944202447
"Census Tract 351.01, San Francisco County, California",4160.0,1951.0,0.4288,138098.0,4160.0,529.0,436.0,06,075,035101,06075035101,2020,0.4689903846153846,0.12716346153846153
"Census Tract 351.02, San Francisco County, California",4575.0,1429.0,0.4747,146699.0,4575.0,131.0,615.0,06,075,035102,06075035102,2020,0.3123497267759563,0.028633879781420766
"Census Tract 352.01, San Francisco County, California",5467.0,1686.0,0.427,110000.0,5465.0,572.0,665.0,06,075,035201,06075035201,2020,0.3083958295225901,0.10466605672461116
"Census Tract 352.02, San Francisco County, California",5015.0,1788.0,0.4364,99408.0,5015.0,377.0,1064.0,06,075,035202,06075035202,2020,0.356530408773679,0.07517447657028914
"Census Tract 353, San Francisco County, California",7539.0,2582.0,0.4303,120109.0,7539.0,230.0,1063.0,06,075,035300,06075035300,2020,0.3424857408144316,0.030508024936994296
"Census Tract 354, San Francisco County, California",7332.0,2552.0,0.4963,115160.0,7332.0,678.0,1174.0,06,075,035400,06075035400,2020,0.348063284233497,0.09247135842880523
"Census Tract 401, San Francisco County, California",4478.0,1900.0,0.4801,130625.0,4435.0,279.0,1003.0,06,075,040100,06075040100,2020,0.4242965609647164,0.06290868094701241
"Census Tract 402, San Francisco County, California",6144.0,2723.0,0.4978,144559.0,6144.0,256.0,986.0,06,075,040200,06075040200,2020,0.4431966145833333,0.041666666666666664
"Census Tract 426.01, San Francisco County, California",4159.0,1789.0,0.4863,90391.0,4159.0,758.0,832.0,06,075,042601,06075042601,2020,0.43015147872084636,0.18225534984371244
"Census Tract 426.02, San Francisco County, California",2854.0,1497.0,0.4343,148816.0,2854.0,91.0,629.0,06,075,042602,06075042602,2020,0.5245269796776454,0.03188507358093903
"Census Tract 427, San Francisco County, California",5276.0,1795.0,0.4937,101375.0,5276.0,574.0,809.0,06,075,042700,06075042700,2020,0.3402198635329795,0.1087945413191812
"Census Tract 428, San Francisco County, California",2416.0,1556.0,0.494,198000.0,2416.0,81.0,89.0,06,075,042800,06075042800,2020,0.6440397350993378,0.03352649006622516
"Census Tract 451, San Francisco County, California",5289.0,2910.0,0.4279,182829.0,5211.0,269.0,943.0,06,075,045100,06075045100,2020,0.5501985252410664,0.051621569756284784
"Census Tract 452.01, San Francisco County, California",3357.0,1165.0,0.4945,155586.0,3344.0,114.0,746.0,06,075,045201,06075045201,2020,0.3470360440869824,0.03409090909090909
"Census Tract 452.02, San Francisco County, California",3485.0,1832.0,0.4382,118538.0,3485.0,355.0,614.0,06,075,045202,06075045202,2020,0.5256814921090387,0.10186513629842181
"Census Tract 476, San Francisco County, California",5418.0,2131.0,0.4735,128992.0,5418.0,204.0,844.0,06,075,047600,06075047600,2020,0.3933185677371724,0.03765227021040975
"Census Tract 477.01, San Francisco County, California",4947.0,1665.0,0.4356,89922.0,4939.0,576.0,1021.0,06,075,047701,06075047701,2020,0.33656761673741664,0.11662279813727475
"Census Tract 477.02, San Francisco County, California",3803.0,1679.0,0.4607,125156.0,3791.0,403.0,695.0,06,075,047702,06075047702,2020,0.44149355771759136,0.10630440517013981
"Census Tract 478.01, San Francisco County, California",4283.0,1920.0,0.4828,113333.0,4243.0,300.0,968.0,06,075,047801,06075047801,2020,0.44828391314499183,0.07070469007777516
"Census Tract 478.02, San Francisco County, California",3904.0,1628.0,0.5385,104318.0,3904.0,359.0,709.0,06,075,047802,06075047802,2020,0.41700819672131145,0.09195696721311475
"Census Tract 479.02, San Francisco County, California",3650.0,1651.0,0.4335,127875.0,3650.0,193.0,433.0,06,075,047902,06075047902,2020,0.4523287671232877,0.052876712328767124
"Census Tract 479.03, San Francisco County, California",4315.0,1752.0,0.4121,114634.0,4308.0,633.0,506.0,06,075,047903,06075047903,2020,0.4060254924681344,0.1469359331476323
"Census Tract 479.04, San Francisco County, California",3136.0,1710.0,0.5124,73775.0,3129.0,500.0,478.0,06,075,047904,06075047904,2020,0.545280612244898,0.15979546180888463
"Census Tract 601, San Francisco County, California",4073.0,2329.0,0.4291,199444.0,4073.0,154.0,486.0,06,075,060100,06075060100,2020,0.5718143874294133,0.037809968082494476
"Census Tract 604, San Francisco County, California",1605.0,729.0,0.5581,68728.0,1605.0,98.0,76.0,06,075,060400,06075060400,2020,0.4542056074766355,0.06105919003115265
"Census Tract 605.02, San Francisco County, California",3611.0,137.0,0.6303,31359.0,3597.0,1106.0,562.0,06,075,060502,06075060502,2020,0.03793962891165882,0.3074784542674451
"Census Tract 607.01, San Francisco County, California",6889.0,2767.0,0.5181,162453.0,6797.0,609.0,1291.0,06,075,060701,06075060701,2020,0.401654812019161,0.08959835221421215
"Census Tract 607.02, San Francisco County, California",1203.0,589.0,0.4315,-666666666.0,1203.0,168.0,193.0,06,075,060702,06075060702,2020,0.48960931005818786,0.1396508728179551
"Census Tract 607.03, San Francisco County, California",5238.0,2009.0,0.4028,171797.0,5009.0,232.0,1033.0,06,075,060703,06075060703,2020,0.38354333715158456,0.046316630065881416
"Census Tract 610, San Francisco County, California",5008.0,671.0,0.4688,80093.0,5008.0,395.0,560.0,06,075,061000,06075061000,2020,0.1339856230031949,0.07887380191693291
"Census Tract 611.01, San Francisco County, California",1913.0,68.0,0.7517,20159.0,1913.0,719.0,182.0,06,075,061101,06075061101,2020,0.03554626241505489,0.3758494511238892
"Census Tract 611.02, San Francisco County, California",2405.0,76.0,0.513,22705.0,2405.0,887.0,323.0,06,075,061102,06075061102,2020,0.0316008316008316,0.36881496881496884
"Census Tract 612, San Francisco County, California",3769.0,457.0,0.5119,90099.0,3763.0,483.0,618.0,06,075,061200,06075061200,2020,0.12125232157070841,0.12835503587563116
"Census Tract 614.01, San Francisco County, California",3496.0,1704.0,0.5183,119896.0,3496.0,619.0,471.0,06,075,061401,06075061401,2020,0.4874141876430206,0.17705949656750572
"Census Tract 614.02, San Francisco County, California",2400.0,1019.0,0.4466,139750.0,2400.0,351.0,235.0,06,075,061402,06075061402,2020,0.4245833333333333,0.14625
"Census Tract 615.01, San Francisco County, California",2050.0,961.0,0.4638,250001.0,2050.0,212.0,251.0,06,075,061501,06075061501,2020,0.468780487804878,0.10341463414634146
"Census Tract 615.02, San Francisco County, California",1703.0,1282.0,0.4985,102362.0,1703.0,39.0,484.0,06,075,061502,06075061502,2020,0.7527891955372872,0.022900763358778626
"Census Tract 615.03, San Francisco County, California",3102.0,1245.0,0.3907,250001.0,3102.0,491.0,790.0,06,075,061503,06075061503,2020,0.40135396518375244,0.1582849774339136
"Census Tract 615.04, San Francisco County, California",1646.0,453.0,0.3726,250001.0,1487.0,0.0,255.0,06,075,061504,06075061504,2020,0.2752126366950182,0.0
"Census Tract 615.05, San Francisco County, California",710.0,172.0,0.3563,250001.0,710.0,0.0,68.0,06,075,061505,06075061505,2020,0.24225352112676057,0.0
"Census Tract 615.06, San Francisco County, California",4899.0,1657.0,0.3381,250001.0,4899.0,81.0,330.0,06,075,061506,06075061506,2020,0.33823229230455193,0.01653398652786283
"Census Tract 615.07, San Francisco County, California",1673.0,567.0,0.4628,-666666666.0,1673.0,234.0,435.0,06,075,061507,06075061507,2020,0.3389121338912134,0.13986849970113568
"Census Tract 615.08, San Francisco County, California",2302.0,1388.0,0.4203,238154.0,2302.0,414.0,316.0,06,075,061508,06075061508,2020,0.6029539530842746,0.17984361424847958
"Census Tract 124.06, San Francisco County, California",1433.0,518.0,0.5595,-666666666.0,1433.0,452.0,301.0,06,075,012406,06075012406,2020,0.3614794138171668,0.3154221912072575
"Census Tract 125.02, San Francisco County, California",4034.0,705.0,0.5083,17052.0,3853.0,1072.0,645.0,06,075,012502,06075012502,2020,0.17476450173525038,0.27822475992732937
"Census Tract 125.03, San Francisco County, California",3600.0,856.0,0.4462,35000.0,3520.0,574.0,781.0,06,075,012503,06075012503,2020,0.23777777777777778,0.1630681818181818
"Census Tract 125.04, San Francisco County, California",680.0,173.0,0.5907,23074.0,680.0,228.0,129.0,06,075,012504,06075012504,2020,0.25441176470588234,0.3352941176470588
"Census Tract 126.01, San Francisco County, California",2371.0,1753.0,0.4435,157240.0,2371.0,78.0,533.0,06,075,012601,06075012601,2020,0.7393504850274146,0.03289751159848165
"Census Tract 126.02, San Francisco County, California",3062.0,2342.0,0.5114,162286.0,3062.0,161.0,601.0,06,075,012602,06075012602,2020,0.7648595689092097,0.05258001306335728
"Census Tract 127, San Francisco County, California",3970.0,3115.0,0.4706,205750.0,3970.0,258.0,677.0,06,075,012700,06075012700,2020,0.7846347607052897,0.06498740554156171
"Census Tract 128.01, San Francisco County, California",2751.0,2075.0,0.5237,210509.0,2751.0,27.0,324.0,06,075,012801,06075012801,2020,0.7542711741185023,0.009814612868047983
"Census Tract 128.02, San Francisco County, California",1915.0,1521.0,0.4324,211333.0,1915.0,101.0,553.0,06,075,012802,06075012802,2020,0.7942558746736292,0.05274151436031332
"Census Tract 129.01, San Francisco County, California",2897.0,2139.0,0.4479,193631.0,2887.0,90.0,686.0,06,075,012901,06075012901,2020,0.7383500172592337,0.031174229303775544
"Census Tract 129.02, San Francisco County, California",3493.0,2611.0,0.3842,164167.0,3410.0,52.0,998.0,06,075,012902,06075012902,2020,0.7474949899799599,0.015249266862170088
"Census Tract 130.01, San Francisco County, California",1972.0,1728.0,0.3729,168005.0,1972.0,115.0,452.0,06,075,013001,06075013001,2020,0.8762677484787018,0.05831643002028398
"Census Tract 130.02, San Francisco County, California",2755.0,2129.0,0.429,174617.0,2755.0,220.0,651.0,06,075,013002,06075013002,2020,0.7727767695099819,0.07985480943738657
"Census Tract 131.01, San Francisco County, California",3775.0,2575.0,0.4451,200759.0,3659.0,52.0,857.0,06,075,013101,06075013101,2020,0.6821192052980133,0.014211533205793932
"Census Tract 131.02, San Francisco County, California",2981.0,1900.0,0.4648,202176.0,2935.0,198.0,543.0,06,075,013102,06075013102,2020,0.637370010063737,0.06746166950596252
"Census Tract 132, San Francisco County, California",4477.0,2989.0,0.5203,190208.0,4449.0,194.0,503.0,06,075,013200,06075013200,2020,0.6676345767254858,0.043605304562823105
"Census Tract 133, San Francisco County, California",4487.0,3318.0,0.5998,151895.0,4452.0,374.0,509.0,06,075,013300,06075013300,2020,0.7394695787831513,0.08400718778077268
"Census Tract 134.01, San Francisco County, California",1644.0,834.0,0.4171,176313.0,1602.0,50.0,359.0,06,075,013401,06075013401,2020,0.5072992700729927,0.031210986267166042
"Census Tract 134.02, San Francisco County, California",2156.0,1737.0,0.4717,194883.0,2156.0,41.0,428.0,06,075,013402,06075013402,2020,0.8056586270871985,0.019016697588126158
"Census Tract 135, San Francisco County, California",2552.0,1791.0,0.5095,137250.0,2552.0,150.0,513.0,06,075,013500,06075013500,2020,0.7018025078369906,0.05877742946708464
"Census Tract 151, San Francisco County, California",2715.0,1376.0,0.464,117989.0,2691.0,174.0,693.0,06,075,015100,06075015100,2020,0.5068139963167587,0.06465997770345597
"Census Tract 152.01, San Francisco County, California",1802.0,1161.0,0.5436,80909.0,1802.0,251.0,329.0,06,075,015201,06075015201,2020,0.644284128745838,0.1392896781354051
"Census Tract 152.02, San Francisco County, California",2277.0,1093.0,0.4975,109423.0,2189.0,161.0,398.0,06,075,015202,06075015202,2020,0.4800175669740887,0.07354956601187757
"Census Tract 153, San Francisco County, California",2289.0,1293.0,0.4045,156683.0,2174.0,138.0,516.0,06,075,015300,06075015300,2020,0.564875491480996,0.06347746090156393
"Census Tract 154.01, San Francisco County, California",3252.0,1800.0,0.5091,113770.0,3243.0,175.0,895.0,06,075,015401,06075015401,2020,0.5535055350553506,0.05396238051187172
"Census Tract 154.02, San Francisco County, California",2706.0,1824.0,0.4466,142182.0,2706.0,22.0,482.0,06,075,015402,06075015402,2020,0.6740576496674058,0.008130081300813009
"Census Tract 155, San Francisco County, California",3624.0,1527.0,0.528,81944.0,3581.0,401.0,730.0,06,075,015500,06075015500,2020,0.42135761589403975,0.11197989388438984
"Census Tract 156, San Francisco County, California",3142.0,1156.0,0.5184,84625.0,3142.0,395.0,543.0,06,075,015600,06075015600,2020,0.3679185232336092,0.12571610439210693
"Census Tract 157.01, San Francisco County, California",5318.0,2326.0,0.393,119457.0,3012.0,412.0,1051.0,06,075,015701,06075015701,2020,0.43738247461451674,0.13678618857901725
"Census Tract 157.02, San Francisco County, California",3236.0,1741.0,0.4448,173068.0,3174.0,53.0,628.0,06,075,015702,06075015702,2020,0.5380098887515451,0.016698172652804034
"Census Tract 158.01, San Francisco County, California",3432.0,1412.0,0.4911,93646.0,3432.0,223.0,845.0,06,075,015801,06075015801,2020,0.4114219114219114,0.06497668997668998
"Census Tract 158.02, San Francisco County, California",3613.0,2153.0,0.4433,155900.0,3613.0,403.0,1042.0,06,075,015802,06075015802,2020,0.5959036811513977,0.11154165513423747
"Census Tract 159, San Francisco County, California",4652.0,1140.0,0.4859,97869.0,4580.0,772.0,992.0,06,075,015900,06075015900,2020,0.24505588993981084,0.1685589519650655
"Census Tract 160, San Francisco County, California",2717.0,1110.0,0.4934,112969.0,2717.0,514.0,553.0,06,075,016000,06075016000,2020,0.40853882959146115,0.18917924181082077
"Census Tract 161.01, San Francisco County, California",2754.0,924.0,0.6665,21589.0,2745.0,1021.0,381.0,06,075,016101,06075016101,2020,0.3355119825708061,0.37194899817850635
"Census Tract 161.02, San Francisco County, California",2416.0,337.0,0.5205,22844.0,2416.0,639.0,604.0,06,075,016102,06075016102,2020,0.13948675496688742,0.2644867549668874
"Census Tract 162, San Francisco County, California",3430.0,1853.0,0.4401,186042.0,3430.0,267.0,942.0,06,075,016200,06075016200,2020,0.5402332361516035,0.07784256559766764
"Census Tract 163, San Francisco County, California",4528.0,2538.0,0.4587,131500.0,4482.0,359.0,1207.0,06,075,016300,06075016300,2020,0.5605123674911661,0.08009817045961624
"Census Tract 164, San Francisco County, California",3999.0,2686.0,0.3804,171477.0,3812.0,158.0,1058.0,06,075,016400,06075016400,2020,0.6716679169792448,0.041448058761804824
"Census Tract 165, San Francisco County, California",5654.0,3871.0,0.4096,185014.0,5437.0,631.0,1215.0,06,075,016500,06075016500,2020,0.6846480367881146,0.116056648887254
"Census Tract 166.01, San Francisco County, California",3217.0,2307.0,0.3922,167729.0,3217.0,375.0,854.0,06,075,016601,06075016601,2020,0.7171277587814734,0.11656823127137084
"Census Tract 166.02, San Francisco County, California",2527.0,1843.0,0.3759,176143.0,2527.0,174.0,915.0,06,075,016602,06075016602,2020,0.7293233082706767,0.06885635140482786
"Census Tract 167, San Francisco County, California",5427.0,3716.0,0.4455,185806.0,5397.0,202.0,2025.0,06,075,016700,06075016700,2020,0.6847245255205454,0.037428200852325365
"Census Tract 168.01, San Francisco County, California",4087.0,2313.0,0.4613,157313.0,4087.0,404.0,1290.0,06,075,016801,06075016801,2020,0.5659407878639588,0.0988500122339124
"Census Tract 168.02, San Francisco County, California",3774.0,1727.0,0.5453,89318.0,3737.0,496.0,903.0,06,075,016802,06075016802,2020,0.45760466348701645,0.13272678619213274
"Census Tract 169, San Francisco County, California",3134.0,2101.0,0.4796,130781.0,3113.0,278.0,1081.0,06,075,016900,06075016900,2020,0.6703892788768347,0.08930292322518471
"Census Tract 170, San Francisco County, California",4323.0,3195.0,0.4461,213668.0,4323.0,273.0,1264.0,06,075,017000,06075017000,2020,0.7390700902151284,0.06315058986814712
"Census Tract 171.01, San Francisco County, California",4117.0,3167.0,0.4216,173250.0,3925.0,198.0,909.0,06,075,017101,06075017101,2020,0.7692494534855477,0.050445859872611465
"Census Tract 171.02, San Francisco County, California",3893.0,2654.0,0.4684,150602.0,3886.0,300.0,1038.0,06,075,017102,06075017102,2020,0.6817364500385307,0.07720020586721564
"Census Tract 176.02, San Francisco County, California",3499.0,832.0,0.4997,55714.0,3499.0,681.0,403.0,06,075,017602,06075017602,2020,0.23778222349242642,0.1946270362960846
"Census Tract 176.03, San Francisco County, California",4684.0,1292.0,0.5665,80613.0,4668.0,1070.0,1139.0,06,075,017603,06075017603,2020,0.27583262169086253,0.22922022279348758
"Census Tract 176.04, San Francisco County, California",2710.0,712.0,0.5091,106597.0,2710.0,311.0,519.0,06,075,017604,06075017604,2020,0.26273062730627306,0.11476014760147601
"Census Tract 177, San Francisco County, California",1877.0,687.0,0.3847,151406.0,1865.0,117.0,541.0,06,075,017700,06075017700,2020,0.366009589770911,0.06273458445040214
"Census Tract 178.01, San Francisco County, California",3895.0,853.0,0.6061,28634.0,3895.0,939.0,282.0,06,075,017801,06075017801,2020,0.2189987163029525,0.2410783055198973
"Census Tract 178.03, San Francisco County, California",2458.0,799.0,0.6106,53790.0,2412.0,467.0,530.0,06,075,017803,06075017803,2020,0.3250610252237592,0.19361525704809288
"Census Tract 178.04, San Francisco County, California",4382.0,1352.0,0.5154,130980.0,4372.0,691.0,505.0,06,075,017804,06075017804,2020,0.3085349155636696,0.1580512351326624
"Census Tract 179.03, San Francisco County, California",3184.0,1007.0,0.4933,59211.0,3140.0,1444.0,699.0,06,075,017903,06075017903,2020,0.3162688442211055,0.45987261146496816
"Census Tract 180, San Francisco County, California",3504.0,1320.0,0.4095,160469.0,3283.0,614.0,513.0,06,075,018000,06075018000,2020,0.3767123287671233,0.18702406335668595
"Census Tract 201.01, San Francisco County, California",3314.0,1184.0,0.492,93344.0,3314.0,404.0,942.0,06,075,020101,06075020101,2020,0.35727217863608934,0.12190706095353047
"Census Tract 201.02, San Francisco County, California",2860.0,1214.0,0.5445,114375.0,2860.0,413.0,740.0,06,075,020102,06075020102,2020,0.4244755244755245,0.14440559440559442
"Census Tract 202.01, San Francisco County, California",2197.0,934.0,0.5508,112610.0,2197.0,253.0,740.0,06,075,020201,06075020201,2020,0.4251251706873009,0.11515703231679562
"Census Tract 202.02, San Francisco County, California",4201.0,2179.0,0.4395,114647.0,4201.0,1070.0,1161.0,06,075,020202,06075020202,2020,0.5186860271363961,0.2547012616043799
"Census Tract 203, San Francisco County, California",3651.0,2449.0,0.411,162059.0,3642.0,380.0,1299.0,06,075,020300,06075020300,2020,0.670775130101342,0.1043382756727073
"Census Tract 204.01, San Francisco County, California",3308.0,2330.0,0.434,180557.0,3308.0,111.0,898.0,06,075,020401,06075020401,2020,0.7043530834340992,0.03355501813784764
"Census Tract 204.02, San Francisco County, California",4498.0,2769.0,0.4218,134219.0,4498.0,224.0,769.0,06,075,020402,06075020402,2020,0.615606936416185,0.04979991107158737
"Census Tract 205, San Francisco County, California",3051.0,2414.0,0.5169,196406.0,2999.0,141.0,930.0,06,075,020500,06075020500,2020,0.7912159947558177,0.04701567189063021
"Census Tract 206.01, San Francisco County, California",3050.0,2121.0,0.4764,145000.0,3050.0,185.0,896.0,06,075,020601,06075020601,2020,0.6954098360655737,0.060655737704918035
"Census Tract 206.02, San Francisco County, California",2621.0,1934.0,0.475,180486.0,2621.0,189.0,438.0,06,075,020602,06075020602,2020,0.73788630293781,0.07210988172453262
"Census Tract 207.01, San Francisco County, California",2912.0,1603.0,0.3552,219375.0,2912.0,182.0,658.0,06,075,020701,06075020701,2020,0.5504807692307693,0.0625
"Census Tract 207.02, San Francisco County, California",2355.0,1260.0,0.4756,131987.0,2355.0,202.0,607.0,06,075,020702,06075020702,2020,0.535031847133758,0.08577494692144373
"Census Tract 208.01, San Francisco County, California",3719.0,1239.0,0.4602,96979.0,3719.0,420.0,1119.0,06,075,020801,06075020801,2020,0.33315407367571925,0.11293358429685399
"Census Tract 208.02, San Francisco County, California",2675.0,1073.0,0.4582,122463.0,2675.0,192.0,980.0,06,075,020802,06075020802,2020,0.4011214953271028,0.07177570093457944
"Census Tract 209, San Francisco County, California",4546.0,1742.0,0.4737,130500.0,4546.0,833.0,1730.0,06,075,020900,06075020900,2020,0.38319401671799386,0.18323801143862736
"Census Tract 210, San Francisco County, California",4303.0,2721.0,0.4759,142417.0,4303.0,275.0,1345.0,06,075,021000,06075021000,2020,0.6323495235881943,0.0639089007669068
"Census Tract 211, San Francisco County, California",3941.0,2704.0,0.424,191950.0,3941.0,156.0,924.0,06,075,021100,06075021100,2020,0.6861202740421213,0.039583861963968535
"Census Tract 212, San Francisco County, California",3079.0,2100.0,0.452,178681.0,3068.0,51.0,580.0,06,075,021200,06075021200,2020,0.6820396232543033,0.016623207301173403
"Census Tract 213, San Francisco County, California",2673.0,1759.0,0.4712,161133.0,2673.0,66.0,462.0,06,075,021300,06075021300,2020,0.658062102506547,0.024691358024691357
"Census Tract 214, San Francisco County, California",3633.0,2476.0,0.5227,184219.0,3633.0,289.0,785.0,06,075,021400,06075021400,2020,0.6815304156344619,0.07954858243875584
"Census Tract 215, San Francisco County, California",5325.0,3217.0,0.4209,225129.0,5325.0,273.0,1428.0,06,075,021500,06075021500,2020,0.604131455399061,0.05126760563380282
"Census Tract 216, San Francisco County, California",3977.0,2208.0,0.4317,188482.0,3977.0,143.0,815.0,06,075,021600,06075021600,2020,0.5551923560472718,0.03595675132009052
"Census Tract 217, San Francisco County, California",4509.0,2479.0,0.4708,141364.0,4509.0,288.0,690.0,06,075,021700,06075021700,2020,0.5497893102683522,0.06387225548902195
"Census Tract 218, San Francisco County, California",4145.0,2548.0,0.4256,184720.0,4145.0,217.0,665.0,06,075,021800,06075021800,2020,0.6147165259348613,0.05235223160434258
"Census Tract 226, San Francisco County, California",3328.0,1841.0,0.3909,218114.0,3328.0,82.0,872.0,06,075,022600,06075022600,2020,0.5531850961538461,0.024639423076923076
"Census Tract 227.02, San Francisco County, California",2200.0,1361.0,0.4191,212439.0,2200.0,157.0,305.0,06,075,022702,06075022702,2020,0.6186363636363637,0.07136363636363637
"Census Tract 227.04, San Francisco County, California",3421.0,2001.0,0.4607,235139.0,3414.0,189.0,375.0,06,075,022704,06075022704,2020,0.5849166910260157,0.05536028119507909
"Census Tract 228.01, San Francisco County, California",5672.0,2174.0,0.5089,159722.0,5659.0,706.0,751.0,06,075,022801,06075022801,2020,0.38328631875881525,0.12475702420922424
"Census Tract 228.02, San Francisco County, California",2424.0,936.0,0.4394,90750.0,2033.0,215.0,435.0,06,075,022802,06075022802,2020,0.38613861386138615,0.1057550418101328
"Census Tract 228.03, San Francisco County, California",5265.0,1548.0,0.4391,137737.0,5238.0,706.0,1111.0,06,075,022803,06075022803,2020,0.294017094017094,0.13478426880488736
"Census Tract 229.01, San Francisco County, California",4608.0,1425.0,0.5118,86458.0,4608.0,363.0,1430.0,06,075,022901,06075022901,2020,0.3092447916666667,0.07877604166666667
"Census Tract 229.02, San Francisco County, California",2280.0,900.0,0.4247,147656.0,2273.0,262.0,292.0,06,075,022902,06075022902,2020,0.39473684210526316,0.11526616805983282
"Census Tract 229.03, San Francisco County, California",3216.0,1449.0,0.4167,146250.0,3193.0,197.0,701.0,06,075,022903,06075022903,2020,0.4505597014925373,0.061697463200751645
"Census Tract 230.01, San Francisco County, California",5125.0,529.0,0.4537,77462.0,5118.0,717.0,762.0,06,075,023001,06075023001,2020,0.10321951219512195,0.14009378663540445
"Census Tract 230.03, San Francisco County, California",3968.0,394.0,0.4356,118333.0,3958.0,200.0,422.0,06,075,023003,06075023003,2020,0.09929435483870967,0.050530570995452245
"Census Tract 231.02, San Francisco County, California",3671.0,161.0,0.5816,46659.0,3671.0,923.0,576.0,06,075,023102,06075023102,2020,0.04385725960228821,0.2514301280305094
"Census Tract 231.03, San Francisco County, California",3954.0,47.0,0.545,32004.0,3954.0,1133.0,305.0,06,075,023103,06075023103,2020,0.011886697015680323,0.28654527061203844
"Census Tract 232, San Francisco County, California",4326.0,386.0,0.4768,102938.0,4275.0,385.0,723.0,06,075,023200,06075023200,2020,0.0892279241793805,0.09005847953216374
"Census Tract 233, San Francisco County, California",3797.0,233.0,0.5076,60350.0,3783.0,909.0,461.0,06,075,023300,06075023300,2020,0.06136423492230708,0.24028548770816813
"Census Tract 234, San Francisco County, California",3873.0,351.0,0.5103,69063.0,3821.0,722.0,543.0,06,075,023400,06075023400,2020,0.0906274206041828,0.18895577074064382
"Census Tract 251, San Francisco County, California",3579.0,1771.0,0.4987,139550.0,3579.0,380.0,487.0,06,075,025100,06075025100,2020,0.4948309583682593,0.10617490919251188
"Census Tract 252, San Francisco County, California",5402.0,2936.0,0.4997,137917.0,5402.0,329.0,782.0,06,075,025200,06075025200,2020,0.5435024065161052,0.06090336912254721
"Census Tract 253, San Francisco County, California",4601.0,2063.0,0.4636,149353.0,4548.0,240.0,898.0,06,075,025300,06075025300,2020,0.44838078678548143,0.052770448548812667
"Census Tract 254.01, San Francisco County, California",4005.0,2006.0,0.4166,169712.0,4005.0,154.0,588.0,06,075,025401,06075025401,2020,0.5008739076154807,0.03845193508114857
"Census Tract 254.02, San Francisco County, California",3713.0,1008.0,0.4465,143056.0,3713.0,211.0,412.0,06,075,025402,06075025402,2020,0.27147858874225694,0.05682736331807164
"Census Tract 254.03, San Francisco County, California",4849.0,1077.0,0.5088,134919.0,4773.0,385.0,510.0,06,075,025403,06075025403,2020,0.22210765106207467,0.08066205740624345
"Census Tract 255.01, San Francisco County, California",4348.0,956.0,0.4236,141912.0,4254.0,681.0,811.0,06,075,025501,06075025501,2020,0.21987120515179392,0.16008462623413258
"Census Tract 255.02, San Francisco County, California",4895.0,1084.0,0.3761,147596.0,4798.0,408.0,862.0,06,075,025502,06075025502,2020,0.22145045965270685,0.0850354314297624
"Census Tract 256, San Francisco County, California",5114.0,610.0,0.456,91473.0,5090.0,329.0,827.0,06,075,025600,06075025600,2020,0.11928040672663277,0.06463654223968565
"Census Tract 257.01, San Francisco County, California",5427.0,462.0,0.4284,107055.0,5345.0,517.0,939.0,06,075,025701,06075025701,2020,0.08512990602542841,0.09672591206735266
"Census Tract 257.02, San Francisco County, California",3904.0,401.0,0.4904,88519.0,3899.0,255.0,730.0,06,075,025702,06075025702,2020,0.10271516393442623,0.06540138497050525
"Census Tract 258, San Francisco County, California",2112.0,277.0,0.4996,78029.0,2112.0,205.0,338.0,06,075,025800,06075025800,2020,0.13115530303030304,0.09706439393939394
"Census Tract 259, San Francisco County, California",4800.0,1106.0,0.4886,118629.0,4800.0,498.0,427.0,06,075,025900,06075025900,2020,0.23041666666666666,0.10375
"Census Tract 260.01, San Francisco County, California",6708.0,700.0,0.4383,99901.0,6671.0,767.0,1185.0,06,075,026001,06075026001,2020,0.10435301132975551,0.11497526607704991
"Census Tract 260.02, San Francisco County, California",3662.0,870.0,0.4213,124107.0,3277.0,295.0,695.0,06,075,026002,06075026002,2020,0.2375750955761879,0.09002136100091547
"Census Tract 260.03, San Francisco County, California",5336.0,794.0,0.399,102424.0,5234.0,283.0,901.0,06,075,026003,06075026003,2020,0.14880059970014992,0.05406954528085594
"Census Tract 260.04, San Francisco County, California",4214.0,663.0,0.4074,91563.0,4198.0,535.0,655.0,06,075,026004,06075026004,2020,0.1573327005220693,0.12744163887565507
"Census Tract 261, San Francisco County, California",7518.0,484.0,0.4463,103043.0,7518.0,531.0,1752.0,06,075,026100,06075026100,2020,0.06437882415536046,0.07063048683160415
"Census Tract 262.01, San Francisco County, California",3849.0,144.0,0.3855,94363.0,3811.0,401.0,649.0,06,075,026201,06075026201,2020,0.037412314886983634,0.10522172658094989
"Census Tract 262.02, San Francisco County, California",4036.0,253.0,0.3931,103920.0,4036.0,187.0,1078.0,06,075,026202,06075026202,2020,0.06268582755203171,0.04633300297324083
"Census Tract 263.01, San Francisco County, California",5561.0,657.0,0.4239,89375.0,5539.0,721.0,979.0,06,075,026301,06075026301,2020,0.11814421866570761,0.1301679003430222
"Census Tract 263.02, San Francisco County, California",5332.0,515.0,0.4344,79583.0,5266.0,602.0,793.0,06,075,026302,06075026302,2020,0.09658664666166542,0.11431826813520699
"Census Tract 263.03, San Francisco County, California",5053.0,582.0,0.3873,69798.0,4992.0,360.0,1271.0,06,075,026303,06075026303,2020,0.11517910152384722,0.07211538461538461
"Census Tract 264.01, San Francisco County, California",3651.0,204.0,0.4121,74781.0,3635.0,382.0,548.0,06,075,026401,06075026401,2020,0.05587510271158587,0.10508940852819808
"Census Tract 264.02, San Francisco County, California",5758.0,1090.0,0.4085,130521.0,5704.0,436.0,705.0,06,075,026402,06075026402,2020,0.18930184091698507,0.07643758765778401
"Census Tract 264.03, San Francisco County, California",4143.0,246.0,0.4365,72837.0,4059.0,386.0,721.0,06,075,026403,06075026403,2020,0.05937726285300507,0.09509731460950974
"Census Tract 264.04, San Francisco County, California",2712.0,96.0,0.515,68636.0,2689.0,304.0,518.0,06,075,026404,06075026404,2020,0.035398230088495575,0.11305317962067683
"Census Tract 301.01, San Francisco County, California",5252.0,2568.0,0.3763,132111.0,5084.0,687.0,1074.0,06,075,030101,06075030101,2020,0.48895658796648894,0.1351298190401259
"Census Tract 301.02, San Francisco County, California",4829.0,2993.0,0.4608,156680.0,4259.0,254.0,793.0,06,075,030102,06075030102,2020,0.6197970594325948,0.0596384127729514
"Census Tract 302.01, San Francisco County, California",4552.0,1958.0,0.4423,104750.0,4528.0,592.0,986.0,06,075,030201,06075030201,2020,0.43014059753954303,0.13074204946996468
"Census Tract 302.02, San Francisco County, California",4190.0,2143.0,0.4482,111359.0,4190.0,337.0,1197.0,06,075,030202,06075030202,2020,0.51145584725537,0.08042959427207637
Census Tract 101.01; San Francisco County; California,2121.0,705.0,0.5327,83816.0,2121.0,295.0,244.0,06,075,010101,06075010101,2022,0.3323903818953324,0.1390853371051391
Census Tract 101.02; San Francisco County; California,1908.0,469.0,0.6022,-666666666.0,1908.0,304.0,265.0,06,075,010102,06075010102,2022,0.2458071278825996,0.15932914046121593
Census Tract 102.01; San Francisco County; California,2473.0,1759.0,0.4988,147427.0,2473.0,121.0,250.0,06,075,010201,06075010201,2022,0.7112818439142742,0.04892842701172665
Census Tract 102.02; San Francisco County; California,1859.0,1179.0,0.5164,208750.0,1851.0,103.0,352.0,06,075,010202,06075010202,2022,0.6342119419042496,0.05564559697460832
Census Tract 103; San Francisco County; California,3925.0,2322.0,0.4451,149766.0,3925.0,302.0,525.0,06,075,010300,06075010300,2022,0.5915923566878981,0.07694267515923567
Census Tract 104.01; San Francisco County; California,2437.0,1461.0,0.4749,173750.0,2437.0,291.0,91.0,06,075,010401,06075010401,2022,0.5995075913007797,0.11940910956093558
Census Tract 104.02; San Francisco County; California,2077.0,1325.0,0.486,202050.0,2077.0,66.0,192.0,06,075,010402,06075010402,2022,0.6379393355801637,0.03177660086663457
Census Tract 105; San Francisco County; California,3108.0,1538.0,0.485,187763.0,3108.0,192.0,257.0,06,075,010500,06075010500,2022,0.4948519948519948,0.06177606177606178
Census Tract 106; San Francisco County; California,3197.0,989.0,0.5479,58060.0,3197.0,430.0,517.0,06,075,010600,06075010600,2022,0.30935251798561153,0.13450109477635283
Census Tract 107.01; San Francisco County; California,3424.0,69.0,0.5034,24085.0,3424.0,960.0,612.0,06,075,010701,06075010701,2022,0.020151869158878503,0.2803738317757009
Census Tract 107.02; San Francisco County; California,1458.0,344.0,0.6289,77524.0,1458.0,254.0,167.0,06,075,010702,06075010702,2022,0.23593964334705075,0.17421124828532236
Census Tract 108; San Francisco County; California,4613.0,2167.0,0.5661,145402.0,4613.0,514.0,681.0,06,075,010800,06075010800,2022,0.46975937567743337,0.11142423585519184
Census Tract 109.01; San Francisco County; California,2007.0,1221.0,0.4456,183194.0,2007.0,97.0,451.0,06,075,010901,06075010901,2022,0.6083707025411061,0.04833084205281515
Census Tract 109.02; San Francisco County; California,2502.0,1673.0,0.5084,137141.0,2502.0,336.0,213.0,06,075,010902,06075010902,2022,0.6686650679456435,0.1342925659472422
Census Tract 110.01; San Francisco County; California,2618.0,1356.0,0.5383,114137.0,2618.0,359.0,416.0,06,075,011001,06075011001,2022,0.5179526355996944,0.1371275783040489
Census Tract 110.02; San Francisco County; California,1907.0,1051.0,0.5096,-666666666.0,1907.0,234.0,147.0,06,075,011002,06075011002,2022,0.5511274252753016,0.12270582066072365
Census Tract 111.01; San Francisco County; California,2502.0,1036.0,0.4938,116897.0,2502.0,254.0,473.0,06,075,011101,06075011101,2022,0.4140687450039968,0.10151878497202238
Census Tract 111.02; San Francisco County; California,2218.0,927.0,0.4456,92000.0,2142.0,327.0,375.0,06,075,011102,06075011102,2022,0.41794409377817854,0.15266106442577032
Census Tract 112; San Francisco County; California,2865.0,1598.0,0.4817,158750.0,2865.0,272.0,335.0,06,075,011200,06075011200,2022,0.5577661431064572,0.0949389179755672
Census Tract 113; San Francisco County; California,2862.0,367.0,0.5983,31801.0,2822.0,881.0,281.0,06,075,011300,06075011300,2022,0.12823200559049616,0.31218993621545005
Census Tract 117; San Francisco County; California,2056.0,761.0,0.5104,93500.0,2011.0,403.0,257.0,06,075,011700,06075011700,2022,0.37013618677042803,0.20039781203381402
Census Tract 118; San Francisco County; California,1695.0,134.0,0.5102,41471.0,1695.0,510.0,268.0,06,075,011800,06075011800,2022,0.07905604719764012,0.3008849557522124
Census Tract 119.01; San Francisco County; California,2387.0,1089.0,0.5044,119464.0,2182.0,236.0,280.0,06,075,011901,06075011901,2022,0.45622119815668205,0.10815765352887259
Census Tract 119.02; San Francisco County; California,2650.0,1277.0,0.4572,81995.0,2650.0,200.0,391.0,06,075,011902,06075011902,2022,0.48188679245283017,0.07547169811320754
Census Tract 120.01; San Francisco County; California,1912.0,608.0,0.3941,87796.0,1885.0,158.0,307.0,06,075,012001,06075012001,2022,0.3179916317991632,0.08381962864721486
Census Tract 120.02; San Francisco County; California,2102.0,765.0,0.5493,53125.0,2102.0,459.0,256.0,06,075,012002,06075012002,2022,0.36393910561370124,0.21836346336822074
Census Tract 121; San Francisco County; California,3513.0,1650.0,0.4645,83906.0,3072.0,342.0,528.0,06,075,012100,06075012100,2022,0.46968403074295473,0.111328125
Census Tract 122.02; San Francisco County; California,2978.0,1153.0,0.5606,50583.0,2978.0,901.0,337.0,06,075,012202,06075012202,2022,0.38717259905977164,0.3025520483546004
Census Tract 122.03; San Francisco County; California,1763.0,960.0,0.5837,33750.0,1691.0,815.0,220.0,06,075,012203,06075012203,2022,0.5445263754963131,0.48196333530455354
Census Tract 122.04; San Francisco County; California,2720.0,1058.0,0.4994,62704.0,2720.0,446.0,271.0,06,075,012204,06075012204,2022,0.3889705882352941,0.16397058823529412
Census Tract 123.01; San Francisco County; California,1901.0,556.0,0.5601,25625.0,1901.0,595.0,327.0,06,075,012301,06075012301,2022,0.29247764334560755,0.31299316149395057
Census Tract 123.02; San Francisco County; California,2614.0,1128.0,0.4826,43879.0,2606.0,645.0,376.0,06,075,012302,06075012302,2022,0.43152257077276207,0.24750575594781274
Census Tract 124.03; San Francisco County; California,2431.0,446.0,0.4538,34732.0,2418.0,460.0,485.0,06,075,012403,06075012403,2022,0.1834635952283011,0.1902398676592225
Census Tract 124.04; San Francisco County; California,2586.0,790.0,0.4242,27852.0,2586.0,794.0,559.0,06,075,012404,06075012404,2022,0.30549110595514306,0.30703789636504253
Census Tract 124.05; San Francisco County; California,3921.0,1282.0,0.4599,102358.0,3683.0,417.0,763.0,06,075,012405,06075012405,2022,0.32695740882427954,0.11322291610100461
Census Tract 124.06; San Francisco County; California,1533.0,475.0,0.5351,32589.0,1533.0,397.0,161.0,06,075,012406,06075012406,2022,0.30984996738421394,0.25896934116112197
Census Tract 125.02; San Francisco County; California,4629.0,781.0,0.5097,21653.0,4508.0,1111.0,626.0,06,075,012502,06075012502,2022,0.16871894577662563,0.24645075421472937
Census Tract 125.03; San Francisco County; California,4368.0,831.0,0.4694,39133.0,4286.0,1108.0,569.0,06,075,012503,06075012503,2022,0.19024725274725274,0.2585160989267382
Census Tract 125.04; San Francisco County; California,612.0,67.0,0.4896,25667.0,612.0,129.0,160.0,06,075,012504,06075012504,2022,0.10947712418300654,0.2107843137254902
Census Tract 126.01; San Francisco County; California,2164.0,1431.0,0.4235,180123.0,2164.0,59.0,376.0,06,075,012601,06075012601,2022,0.661275415896488,0.027264325323475048
Census Tract 126.02; San Francisco County; California,2768.0,2104.0,0.4654,189500.0,2768.0,186.0,474.0,06,075,012602,06075012602,2022,0.7601156069364162,0.06719653179190752
Census Tract 127; San Francisco County; California,4021.0,3127.0,0.4837,236158.0,4021.0,224.0,464.0,06,075,012700,06075012700,2022,0.7776672469534942,0.055707535438945535
Census Tract 128.01; San Francisco County; California,2591.0,1880.0,0.5043,250001.0,2591.0,56.0,198.0,06,075,012801,06075012801,2022,0.7255885758394442,0.021613276727132383
Census Tract 128.02; San Francisco County; California,2027.0,1456.0,0.382,250001.0,2027.0,74.0,262.0,06,075,012802,06075012802,2022,0.718302910705476,0.036507153428712386
Census Tract 129.01; San Francisco County; California,2816.0,1943.0,0.4595,220096.0,2807.0,150.0,426.0,06,075,012901,06075012901,2022,0.6899857954545454,0.053437833986462416
Census Tract 129.02; San Francisco County; California,3322.0,2473.0,0.3719,205463.0,3254.0,31.0,738.0,06,075,012902,06075012902,2022,0.7444310656231186,0.009526736324523662
Census Tract 130.01; San Francisco County; California,1592.0,1354.0,0.441,191541.0,1592.0,102.0,203.0,06,075,013001,06075013001,2022,0.8505025125628141,0.06407035175879397
Census Tract 130.02; San Francisco County; California,2609.0,1794.0,0.4232,210637.0,2609.0,222.0,397.0,06,075,013002,06075013002,2022,0.6876197776926025,0.0850900728248371
Census Tract 131.01; San Francisco County; California,4269.0,2768.0,0.4592,219107.0,4150.0,211.0,587.0,06,075,013101,06075013101,2022,0.6483954087608339,0.050843373493975906
Census Tract 131.02; San Francisco County; California,2731.0,1730.0,0.4905,242969.0,2687.0,141.0,286.0,06,075,013102,06075013102,2022,0.6334675942878066,0.052474879047264604
Census Tract 132; San Francisco County; California,3931.0,2537.0,0.5166,201464.0,3912.0,224.0,289.0,06,075,013200,06075013200,2022,0.6453828542355635,0.05725971370143149
Census Tract 133; San Francisco County; California,4284.0,2850.0,0.6016,173851.0,4259.0,262.0,486.0,06,075,013300,06075013300,2022,0.665266106442577,0.061516787978398685
Census Tract 134.01; San Francisco County; California,1370.0,816.0,0.4468,197581.0,1328.0,97.0,222.0,06,075,013401,06075013401,2022,0.5956204379562043,0.0730421686746988
Census Tract 134.02; San Francisco County; California,2107.0,1669.0,0.5221,213607.0,2107.0,0.0,215.0,06,075,013402,06075013402,2022,0.7921214997626957,0.0
Census Tract 135; San Francisco County; California,2471.0,1714.0,0.4508,175118.0,2471.0,109.0,297.0,06,075,013500,06075013500,2022,0.6936462970457304,0.04411169566976932
Census Tract 151; San Francisco County; California,2799.0,1455.0,0.4696,170583.0,2775.0,199.0,647.0,06,075,015100,06075015100,2022,0.5198285101822079,0.07171171171171171
Census Tract 152.01; San Francisco County; California,1612.0,1031.0,0.4988,92254.0,1611.0,240.0,260.0,06,075,015201,06075015201,2022,0.6395781637717122,0.148975791433892
Census Tract 152.02; San Francisco County; California,2212.0,1058.0,0.5981,146250.0,2119.0,163.0,305.0,06,075,015202,06075015202,2022,0.4783001808318264,0.07692307692307693
Census Tract 153; San Francisco County; California,2293.0,1367.0,0.4773,176090.0,2172.0,192.0,420.0,06,075,015300,06075015300,2022,0.5961622328826864,0.08839779005524862
Census Tract 154.01; San Francisco County; California,3338.0,1550.0,0.485,133925.0,3310.0,237.0,639.0,06,075,015401,06075015401,2022,0.46434991012582383,0.0716012084592145
Census Tract 154.02; San Francisco County; California,2848.0,1836.0,0.445,231313.0,2848.0,0.0,403.0,06,075,015402,06075015402,2022,0.6446629213483146,0.0
Census Tract 155; San Francisco County; California,3708.0,1371.0,0.5512,92829.0,3631.0,653.0,426.0,06,075,015500,06075015500,2022,0.3697411003236246,0.17984026438997522
Census Tract 156; San Francisco County; California,2988.0,1097.0,0.5332,99028.0,2988.0,536.0,419.0,06,075,015600,06075015600,2022,0.3671352074966533,0.17938420348058903
Census Tract 157.01; San Francisco County; California,4926.0,2126.0,0.4413,148542.0,3131.0,469.0,922.0,06,075,015701,06075015701,2022,0.43158749492488835,0.14979239859469817
Census Tract 157.02; San Francisco County; California,3273.0,1851.0,0.4361,209803.0,3268.0,124.0,483.0,06,075,015702,06075015702,2022,0.5655362053162236,0.037943696450428395
Census Tract 158.01; San Francisco County; California,3394.0,1219.0,0.4929,121058.0,3394.0,503.0,508.0,06,075,015801,06075015801,2022,0.3591632292280495,0.14820271066588098
Census Tract 158.02; San Francisco County; California,3340.0,1828.0,0.479,158523.0,3340.0,530.0,658.0,06,075,015802,06075015802,2022,0.5473053892215569,0.15868263473053892
Census Tract 159; San Francisco County; California,5245.0,1550.0,0.4934,114323.0,5133.0,800.0,722.0,06,075,015900,06075015900,2022,0.29551954242135364,0.15585427625170464
Census Tract 160; San Francisco County; California,2460.0,910.0,0.5159,135246.0,2460.0,521.0,287.0,06,075,016000,06075016000,2022,0.3699186991869919,0.21178861788617886
Census Tract 161.01; San Francisco County; California,2355.0,1007.0,0.6495,28522.0,2344.0,714.0,278.0,06,075,016101,06075016101,2022,0.42760084925690023,0.3046075085324232
Census Tract 161.02; San Francisco County; California,2618.0,311.0,0.5097,-666666666.0,2618.0,980.0,542.0,06,075,016102,06075016102,2022,0.11879297173414821,0.37433155080213903
Census Tract 162; San Francisco County; California,3230.0,1705.0,0.4775,181425.0,3230.0,342.0,589.0,06,075,016200,06075016200,2022,0.5278637770897833,0.10588235294117647
Census Tract 163; San Francisco County; California,3942.0,2155.0,0.5112,129962.0,3911.0,465.0,715.0,06,075,016300,06075016300,2022,0.5466768138001015,0.11889542316543084
Census Tract 164; San Francisco County; California,4162.0,2527.0,0.4177,212667.0,3987.0,276.0,899.0,06,075,016400,06075016400,2022,0.6071600192215281,0.0692249811888638
Census Tract 165; San Francisco County; California,5317.0,3483.0,0.4168,177159.0,5176.0,746.0,915.0,06,075,016500,06075016500,2022,0.6550686477336845,0.14412673879443585
Census Tract 166.01; San Francisco County; California,3202.0,2348.0,0.4336,158854.0,3192.0,473.0,750.0,06,075,016601,06075016601,2022,0.7332916926920675,0.14818295739348372
Census Tract 166.02; San Francisco County; California,2098.0,1509.0,0.4146,207640.0,2098.0,55.0,483.0,06,075,016602,06075016602,2022,0.719256434699714,0.026215443279313633
Census Tract 167; San Francisco County; California,5277.0,3811.0,0.4572,232895.0,5259.0,187.0,1532.0,06,075,016700,06075016700,2022,0.7221906386204283,0.03555809089180453
Census Tract 168.01; San Francisco County; California,3898.0,2168.0,0.4627,182344.0,3865.0,260.0,984.0,06,075,016801,06075016801,2022,0.5561826577732171,0.06727037516170763
Census Tract 168.02; San Francisco County; California,3807.0,1909.0,0.5224,141518.0,3785.0,458.0,724.0,06,075,016802,06075016802,2022,0.501444707118466,0.12100396301188904
Census Tract 169; San Francisco County; California,3061.0,2026.0,0.5055,150139.0,3047.0,349.0,798.0,06,075,016900,06075016900,2022,0.66187520418164,0.1145388907121759
Census Tract 170; San Francisco County; California,4262.0,2991.0,0.4192,250001.0,4262.0,151.0,896.0,06,075,017000,06075017000,2022,0.7017832003754106,0.03542937587986861
Census Tract 171.01; San Francisco County; California,4250.0,2950.0,0.4242,199676.0,4059.0,218.0,687.0,06,075,017101,06075017101,2022,0.6941176470588235,0.05370780980537078
Census Tract 171.02; San Francisco County; California,3646.0,2548.0,0.4682,171205.0,3614.0,300.0,650.0,06,075,017102,06075017102,2022,0.6988480526604498,0.08301051466519092
Census Tract 176.02; San Francisco County; California,3199.0,938.0,0.5553,69671.0,3199.0,634.0,289.0,06,075,017602,06075017602,2022,0.29321663019693656,0.19818693341669272
Census Tract 176.03; San Francisco County; California,4815.0,1307.0,0.508,90590.0,4763.0,808.0,1096.0,06,075,017603,06075017603,2022,0.2714434060228453,0.16964098257400798
Census Tract 176.04; San Francisco County; California,3146.0,979.0,0.5264,100036.0,3146.0,497.0,438.0,06,075,017604,06075017604,2022,0.3111888111888112,0.15797838525111252
Census Tract 177; San Francisco County; California,2080.0,748.0,0.4234,156806.0,2069.0,143.0,390.0,06,075,017700,06075017700,2022,0.3596153846153846,0.06911551474142098
Census Tract 178.01; San Francisco County; California,3582.0,648.0,0.6123,25625.0,3582.0,851.0,150.0,06,075,017801,06075017801,2022,0.18090452261306533,0.23757677275265215
Census Tract 178.03; San Francisco County; California,2523.0,821.0,0.5981,87132.0,2474.0,522.0,416.0,06,075,017803,06075017803,2022,0.32540626238604836,0.21099434114793855
Census Tract 178.04; San Francisco County; California,3482.0,1178.0,0.4663,124674.0,3464.0,707.0,329.0,06,075,017804,06075017804,2022,0.3383113153360138,0.20409930715935334
Census Tract 179.03; San Francisco County; California,3136.0,938.0,0.4864,96000.0,3032.0,1217.0,609.0,06,075,017903,06075017903,2022,0.29910714285714285,0.4013852242744063
Census Tract 180; San Francisco County; California,3774.0,1186.0,0.4606,183507.0,3565.0,722.0,440.0,06,075,018000,06075018000,2022,0.3142554319024907,0.20252454417952315
Census Tract 201.01; San Francisco County; California,3924.0,1432.0,0.5218,135223.0,3924.0,574.0,745.0,06,075,020101,06075020101,2022,0.36493374108053006,0.14627930682976553
Census Tract 201.02; San Francisco County; California,3310.0,1020.0,0.5136,116076.0,3310.0,663.0,642.0,06,075,020102,06075020102,2022,0.3081570996978852,0.20030211480362536
Census Tract 202.01; San Francisco County; California,1920.0,880.0,0.5474,116103.0,1920.0,241.0,464.0,06,075,020201,06075020201,2022,0.4583333333333333,0.12552083333333333
Census Tract 202.02; San Francisco County; California,4113.0,2066.0,0.4171,164327.0,4113.0,826.0,904.0,06,075,020202,06075020202,2022,0.5023097495745198,0.20082664721614393
Census Tract 203; San Francisco County; California,3474.0,2220.0,0.426,172151.0,3474.0,175.0,723.0,06,075,020300,06075020300,2022,0.6390328151986183,0.05037420840529649
Census Tract 204.01; San Francisco County; California,3248.0,1986.0,0.4845,157237.0,3229.0,171.0,591.0,06,075,020401,06075020401,2022,0.6114532019704434,0.05295757200371632
Census Tract 204.02; San Francisco County; California,4169.0,2659.0,0.4428,152138.0,4169.0,344.0,569.0,06,075,020402,06075020402,2022,0.6378028304149677,0.08251379227632526
Census Tract 205; San Francisco County; California,2970.0,2204.0,0.4906,250001.0,2928.0,98.0,675.0,06,075,020500,06075020500,2022,0.7420875420875421,0.03346994535519126
Census Tract 206.01; San Francisco County; California,3044.0,1957.0,0.5203,149781.0,3044.0,184.0,773.0,06,075,020601,06075020601,2022,0.642904073587385,0.06044678055190539
Census Tract 206.02; San Francisco County; California,2564.0,1776.0,0.4929,196417.0,2564.0,169.0,358.0,06,075,020602,06075020602,2022,0.6926677067082684,0.06591263650546021
Census Tract 207.01; San Francisco County; California,3139.0,1684.0,0.3846,246500.0,3139.0,285.0,532.0,06,075,020701,06075020701,2022,0.5364765848996496,0.09079324625676967
Census Tract 207.02; San Francisco County; California,2248.0,1186.0,0.5488,144048.0,2237.0,368.0,454.0,06,075,020702,06075020702,2022,0.5275800711743772,0.16450603486812695
Census Tract 208.01; San Francisco County; California,3743.0,1054.0,0.5033,101696.0,3727.0,384.0,859.0,06,075,020801,06075020801,2022,0.2815923056371894,0.1030319291655487
Census Tract 208.02; San Francisco County; California,2523.0,1100.0,0.429,119030.0,2523.0,186.0,515.0,06,075,020802,06075020802,2022,0.4359889021006738,0.07372175980975029
Census Tract 209; San Francisco County; California,4098.0,1382.0,0.4951,117813.0,4093.0,627.0,1271.0,06,075,020900,06075020900,2022,0.33723767691556855,0.1531883703884681
Census Tract 210; San Francisco County; California,3820.0,2390.0,0.5076,151118.0,3820.0,379.0,566.0,06,075,021000,06075021000,2022,0.6256544502617801,0.09921465968586388
Census Tract 211; San Francisco County; California,3959.0,2781.0,0.4712,228125.0,3959.0,160.0,692.0,06,075,021100,06075021100,2022,0.7024501136650669,0.04041424602172266
Census Tract 212; San Francisco County; California,2984.0,1852.0,0.4775,191156.0,2977.0,39.0,456.0,06,075,021200,06075021200,2022,0.6206434316353887,0.013100436681222707
Census Tract 213; San Francisco County; California,2663.0,1705.0,0.4626,183417.0,2663.0,78.0,263.0,06,075,021300,06075021300,2022,0.6402553511077732,0.02929027412692452
Census Tract 214; San Francisco County; California,3500.0,2499.0,0.4829,217353.0,3500.0,229.0,484.0,06,075,021400,06075021400,2022,0.714,0.06542857142857143
Census Tract 215; San Francisco County; California,5559.0,3084.0,0.4673,200938.0,5559.0,243.0,1243.0,06,075,021500,06075021500,2022,0.5547760388559093,0.04371289800323799
Census Tract 216; San Francisco County; California,4414.0,2254.0,0.452,218988.0,4414.0,118.0,394.0,06,075,021600,06075021600,2022,0.5106479383778886,0.026733121884911646
Census Tract 217; San Francisco County; California,4602.0,2334.0,0.5028,141250.0,4563.0,288.0,483.0,06,075,021700,06075021700,2022,0.5071707953063885,0.0631163708086785
Census Tract 218; San Francisco County; California,4121.0,2461.0,0.4235,232500.0,4121.0,127.0,453.0,06,075,021800,06075021800,2022,0.5971851492356224,0.030817762678961417
Census Tract 226; San Francisco County; California,3849.0,1838.0,0.3912,239625.0,3738.0,45.0,586.0,06,075,022600,06075022600,2022,0.4775266302935827,0.012038523274478331
Census Tract 227.02; San Francisco County; California,2152.0,1163.0,0.4062,240922.0,2143.0,201.0,217.0,06,075,022702,06075022702,2022,0.5404275092936803,0.09379374708352776
Census Tract 227.04; San Francisco County; California,3716.0,1979.0,0.4583,250001.0,3716.0,243.0,191.0,06,075,022704,06075022704,2022,0.5325618945102261,0.06539289558665232
Census Tract 228.01; San Francisco County; California,4950.0,2126.0,0.4928,164539.0,4903.0,554.0,589.0,06,075,022801,06075022801,2022,0.4294949494949495,0.1129920456863145
Census Tract 228.02; San Francisco County; California,2369.0,1008.0,0.523,131042.0,2026.0,295.0,280.0,06,075,022802,06075022802,2022,0.4254959898691431,0.1456071076011846
Census Tract 228.03; San Francisco County; California,4430.0,1500.0,0.4369,153750.0,4403.0,658.0,667.0,06,075,022803,06075022803,2022,0.33860045146726864,0.1494435612082671
Census Tract 229.01; San Francisco County; California,4386.0,1248.0,0.5876,96964.0,4386.0,592.0,781.0,06,075,022901,06075022901,2022,0.28454172366621067,0.1349749202006384
Census Tract 229.02; San Francisco County; California,2096.0,763.0,0.4941,190875.0,2096.0,225.0,212.0,06,075,022902,06075022902,2022,0.3640267175572519,0.10734732824427481
Census Tract 229.03; San Francisco County; California,2850.0,1285.0,0.4594,209659.0,2850.0,137.0,537.0,06,075,022903,06075022903,2022,0.45087719298245615,0.04807017543859649
Census Tract 230.01; San Francisco County; California,5719.0,512.0,0.4163,95052.0,5712.0,767.0,775.0,06,075,023001,06075023001,2022,0.08952614093372967,0.13427871148459383
Census Tract 230.03; San Francisco County; California,4157.0,344.0,0.4596,103472.0,4157.0,259.0,387.0,06,075,023003,06075023003,2022,0.08275198460428193,0.06230454654799134
Census Tract 231.02; San Francisco County; California,3569.0,186.0,0.5707,46786.0,3569.0,1054.0,527.0,06,075,023102,06075023102,2022,0.05211543849817876,0.2953208181563463
Census Tract 231.03; San Francisco County; California,4456.0,0.0,0.4444,29799.0,4456.0,1437.0,217.0,06,075,023103,06075023103,2022,0.0,0.32248653500897667
Census Tract 232; San Francisco County; California,4222.0,403.0,0.4892,122803.0,4188.0,304.0,584.0,06,075,023200,06075023200,2022,0.09545239223117007,0.0725883476599809
Census Tract 233; San Francisco County; California,3950.0,263.0,0.458,74844.0,3936.0,734.0,466.0,06,075,023300,06075023300,2022,0.06658227848101266,0.18648373983739838
Census Tract 234; San Francisco County; California,4039.0,321.0,0.4904,78664.0,3964.0,933.0,374.0,06,075,023400,06075023400,2022,0.07947511760336717,0.2353683148335015
Census Tract 251; San Francisco County; California,3408.0,1682.0,0.5277,131801.0,3408.0,404.0,190.0,06,075,025100,06075025100,2022,0.4935446009389671,0.11854460093896714
Census Tract 252; San Francisco County; California,5457.0,2837.0,0.5487,147868.0,5457.0,617.0,641.0,06,075,025200,06075025200,2022,0.5198827194429173,0.11306578706248854
Census Tract 253; San Francisco County; California,4545.0,1705.0,0.4938,168720.0,4519.0,282.0,454.0,06,075,025300,06075025300,2022,0.37513751375137516,0.06240318654569595
Census Tract 254.01; San Francisco County; California,3819.0,1795.0,0.4496,165278.0,3819.0,76.0,533.0,06,075,025401,06075025401,2022,0.47001832940560356,0.01990049751243781
Census Tract 254.02; San Francisco County; California,3294.0,1018.0,0.4493,166094.0,3269.0,149.0,239.0,06,075,025402,06075025402,2022,0.30904675166970247,0.04557968797797492
Census Tract 254.03; San Francisco County; California,4244.0,1016.0,0.5159,166935.0,4175.0,299.0,468.0,06,075,025403,06075025403,2022,0.23939679547596607,0.07161676646706587
Census Tract 255.01; San Francisco County; California,4397.0,812.0,0.4316,150438.0,4265.0,585.0,746.0,06,075,025501,06075025501,2022,0.18467136684102797,0.13716295427901523
Census Tract 255.02; San Francisco County; California,3846.0,1295.0,0.4042,161400.0,3789.0,452.0,537.0,06,075,025502,06075025502,2022,0.33671346853874157,0.11929268936394827
Census Tract 256; San Francisco County; California,5027.0,772.0,0.4398,115739.0,4889.0,165.0,671.0,06,075,025600,06075025600,2022,0.15357071812214043,0.03374923297197791
Census Tract 257.01; San Francisco County; California,5331.0,508.0,0.4153,118443.0,5264.0,542.0,725.0,06,075,025701,06075025701,2022,0.09529169011442506,0.10296352583586627
Census Tract 257.02; San Francisco County; California,4153.0,532.0,0.5201,91513.0,4149.0,385.0,545.0,06,075,025702,06075025702,2022,0.12810016855285336,0.09279344420342252
Census Tract 258; San Francisco County; California,2129.0,214.0,0.498,87614.0,2129.0,167.0,277.0,06,075,025800,06075025800,2022,0.10051667449506811,0.07844058243306717
Census Tract 259; San Francisco County; California,4128.0,948.0,0.4725,147944.0,4128.0,332.0,274.0,06,075,025900,06075025900,2022,0.22965116279069767,0.08042635658914729
Census Tract 260.01; San Francisco County; California,6416.0,730.0,0.4035,114563.0,6373.0,762.0,1041.0,06,075,026001,06075026001,2022,0.1137780548628429,0.11956692295622157
Census Tract 260.02; San Francisco County; California,3683.0,1038.0,0.4071,136324.0,3260.0,266.0,414.0,06,075,026002,06075026002,2022,0.2818354602226446,0.08159509202453988
Census Tract 260.03; San Francisco County; California,4920.0,730.0,0.4042,98177.0,4825.0,407.0,444.0,06,075,026003,06075026003,2022,0.1483739837398374,0.08435233160621762
Census Tract 260.04; San Francisco County; California,3839.0,746.0,0.479,111089.0,3820.0,298.0,503.0,06,075,026004,06075026004,2022,0.19432143787444647,0.07801047120418848
Census Tract 261; San Francisco County; California,6879.0,513.0,0.4718,116444.0,6859.0,700.0,1434.0,06,075,026100,06075026100,2022,0.07457479284779764,0.10205569324974487
Census Tract 262.01; San Francisco County; California,3651.0,143.0,0.435,124250.0,3596.0,443.0,530.0,06,075,026201,06075026201,2022,0.03916735141057245,0.1231924360400445
Census Tract 262.02; San Francisco County; California,3863.0,340.0,0.3929,138545.0,3853.0,134.0,824.0,06,075,026202,06075026202,2022,0.08801449650530675,0.03477809499091617
Census Tract 263.01; San Francisco County; California,5345.0,647.0,0.409,95458.0,5314.0,871.0,746.0,06,075,026301,06075026301,2022,0.12104770813844715,0.16390666164847573
Census Tract 263.02; San Francisco County; California,5004.0,619.0,0.4204,93370.0,4994.0,474.0,405.0,06,075,026302,06075026302,2022,0.12370103916866507,0.09491389667601122
Census Tract 263.03; San Francisco County; California,4612.0,607.0,0.3663,110074.0,4528.0,130.0,932.0,06,075,026303,06075026303,2022,0.1316131830008673,0.02871024734982332
Census Tract 264.01; San Francisco County; California,3842.0,240.0,0.4188,94093.0,3824.0,510.0,412.0,06,075,026401,06075026401,2022,0.062467464862051014,0.13336820083682008
Census Tract 264.02; San Francisco County; California,4755.0,905.0,0.4469,118182.0,4713.0,531.0,364.0,06,075,026402,06075026402,2022,0.19032597266035753,0.11266709102482496
Census Tract 264.03; San Francisco County; California,3581.0,159.0,0.4499,92788.0,3498.0,261.0,443.0,06,075,026403,06075026403,2022,0.044401005305780505,0.07461406518010291
Census Tract 264.04; San Francisco County; California,2507.0,69.0,0.4847,91463.0,2507.0,309.0,417.0,06,075,026404,06075026404,2022,0.027522935779816515,0.12325488631830873
Census Tract 301.01; San Francisco County; California,4792.0,2352.0,0.3503,144753.0,4593.0,403.0,579.0,06,075,030101,06075030101,2022,0.49081803005008345,0.08774221641628566
Census Tract 301.02; San Francisco County; California,4726.0,2448.0,0.4791,209167.0,4078.0,474.0,533.0,06,075,030102,06075030102,2022,0.5179856115107914,0.11623344776851398
Census Tract 302.01; San Francisco County; California,4131.0,2024.0,0.4464,127009.0,4122.0,489.0,729.0,06,075,030201,06075030201,2022,0.4899540062938756,0.11863173216885008
Census Tract 302.02; San Francisco County; California,4209.0,2049.0,0.4355,153412.0,4209.0,177.0,877.0,06,075,030202,06075030202,2022,0.4868139700641482,0.042052744119743406
Census Tract 303.01; San Francisco County; California,6129.0,2275.0,0.4591,179107.0,6057.0,347.0,679.0,06,075,030301,06075030301,2022,0.371186164137706,0.057289087006769025
Census Tract 303.02; San Francisco County; California,3742.0,1386.0,0.485,194625.0,3730.0,230.0,298.0,06,075,030302,06075030302,2022,0.3703901656867985,0.06166219839142091
Census Tract 304; San Francisco County; California,5262.0,1932.0,0.5403,137418.0,5248.0,206.0,407.0,06,075,030400,06075030400,2022,0.3671607753705815,0.039253048780487805
Census Tract 305; San Francisco County; California,3787.0,1659.0,0.4857,174797.0,2802.0,266.0,138.0,06,075,030500,06075030500,2022,0.43807763401109057,0.09493219129193434
Census Tract 306; San Francisco County; California,2348.0,1163.0,0.4382,229297.0,2348.0,57.0,235.0,06,075,030600,06075030600,2022,0.49531516183986374,0.024275979557069848
Census Tract 307; San Francisco County; California,6910.0,3548.0,0.4579,183388.0,6910.0,262.0,528.0,06,075,030700,06075030700,2022,0.5134587554269175,0.037916063675832126
Census Tract 308; San Francisco County; California,5907.0,3399.0,0.5443,208750.0,5879.0,293.0,651.0,06,075,030800,06075030800,2022,0.5754189944134078,0.04983840789249872
Census Tract 309; San Francisco County; California,6627.0,2529.0,0.5168,178516.0,6607.0,343.0,600.0,06,075,030900,06075030900,2022,0.3816206428248076,0.05191463599212956
Census Tract 310; San Francisco County; California,4140.0,1350.0,0.496,190000.0,4140.0,320.0,305.0,06,075,031000,06075031000,2022,0.32608695652173914,0.07729468599033816
Census Tract 311; San Francisco County; California,6286.0,2377.0,0.4286,188591.0,6286.0,167.0,885.0,06,075,031100,06075031100,2022,0.37814190264078906,0.026566974228444163
Census Tract 312.01; San Francisco County; California,6341.0,856.0,0.5003,101800.0,6330.0,575.0,995.0,06,075,031201,06075031201,2022,0.1349944803658729,0.09083728278041074
Census Tract 312.02; San Francisco County; California,2804.0,171.0,0.4608,120667.0,2757.0,260.0,321.0,06,075,031202,06075031202,2022,0.06098430813124108,0.09430540442509974
Census Tract 313.01; San Francisco County; California,3868.0,791.0,0.4406,128571.0,3868.0,499.0,410.0,06,075,031301,06075031301,2022,0.2044984488107549,0.12900723888314375
Census Tract 313.02; San Francisco County; California,4536.0,420.0,0.3887,117014.0,4529.0,351.0,681.0,06,075,031302,06075031302,2022,0.09259259259259259,0.07750055199823361
Census Tract 314.01; San Francisco County; California,2533.0,329.0,0.4932,97143.0,2530.0,262.0,336.0,06,075,031401,06075031401,2022,0.12988551125148046,0.10355731225296443
Census Tract 314.02; San Francisco County; California,4545.0,566.0,0.3915,139643.0,4478.0,431.0,527.0,06,075,031402,06075031402,2022,0.12453245324532453,0.09624832514515409
Census Tract 326.01; San Francisco County; California,4915.0,1565.0,0.4031,145903.0,4915.0,530.0,418.0,06,075,032601,06075032601,2022,0.31841302136317395,0.10783316378433368
Census Tract 326.02; San Francisco County; California,4344.0,1264.0,0.4315,154609.0,4344.0,252.0,348.0,06,075,032602,06075032602,2022,0.29097605893186,0.058011049723756904
Census Tract 327; San Francisco County; California,6721.0,2307.0,0.5021,145147.0,6644.0,547.0,670.0,06,075,032700,06075032700,2022,0.3432524921886624,0.08232992173389525
Census Tract 328.01; San Francisco County; California,3831.0,669.0,0.4467,136250.0,3688.0,223.0,404.0,06,075,032801,06075032801,2022,0.17462803445575567,0.06046637744034707
Census Tract 328.02; San Francisco County; California,4454.0,1207.0,0.4675,110926.0,4430.0,462.0,547.0,06,075,032802,06075032802,2022,0.27099236641221375,0.10428893905191873
Census Tract 329.01; San Francisco County; California,5064.0,1056.0,0.3861,154291.0,5045.0,232.0,806.0,06,075,032901,06075032901,2022,0.20853080568720378,0.04598612487611497
Census Tract 329.02; San Francisco County; California,3907.0,901.0,0.4515,107582.0,3890.0,190.0,383.0,06,075,032902,06075032902,2022,0.23061172254927054,0.04884318766066838
Census Tract 330.01; San Francisco County; California,4075.0,1109.0,0.3794,148239.0,4057.0,382.0,617.0,06,075,033001,06075033001,2022,0.2721472392638037,0.09415824500862706
Census Tract 330.02; San Francisco County; California,4288.0,1664.0,0.4759,173281.0,4220.0,290.0,505.0,06,075,033002,06075033002,2022,0.3880597014925373,0.06872037914691943
Census Tract 331; San Francisco County; California,3980.0,1148.0,0.4133,165592.0,3962.0,173.0,168.0,06,075,033100,06075033100,2022,0.2884422110552764,0.0436648157496214
Census Tract 332.01; San Francisco County; California,3730.0,1010.0,0.5098,53906.0,1679.0,699.0,615.0,06,075,033201,06075033201,2022,0.2707774798927614,0.41631923764145323
Census Tract 332.03; San Francisco County; California,3313.0,991.0,0.5784,62813.0,3313.0,759.0,388.0,06,075,033203,06075033203,2022,0.2991246604286146,0.22909749471777846
Census Tract 332.04; San Francisco County; California,3620.0,873.0,0.469,69769.0,3620.0,950.0,581.0,06,075,033204,06075033204,2022,0.24116022099447515,0.26243093922651933
Census Tract 351.01; San Francisco County; California,4018.0,1736.0,0.4593,98580.0,3957.0,578.0,241.0,06,075,035101,06075035101,2022,0.43205574912891986,0.14607025524387163
Census Tract 351.02; San Francisco County; California,4458.0,1250.0,0.4012,162721.0,4458.0,192.0,518.0,06,075,035102,06075035102,2022,0.2803947958725886,0.04306864064602961
Census Tract 352.01; San Francisco County; California,5305.0,1397.0,0.4173,132277.0,5305.0,386.0,508.0,06,075,035201,06075035201,2022,0.26333647502356267,0.07276154571159284
Census Tract 352.02; San Francisco County; California,4878.0,1722.0,0.4579,100701.0,4867.0,192.0,980.0,06,075,035202,06075035202,2022,0.35301353013530135,0.03944935278405589
Census Tract 353; San Francisco County; California,7157.0,2186.0,0.4327,146620.0,7157.0,450.0,830.0,06,075,035300,06075035300,2022,0.3054352382283079,0.06287550649713568
Census Tract 354; San Francisco County; California,7431.0,2822.0,0.4528,139477.0,7431.0,597.0,804.0,06,075,035400,06075035400,2022,0.379760462925582,0.0803391199031086
Census Tract 401; San Francisco County; California,4228.0,1731.0,0.5515,136429.0,4183.0,326.0,738.0,06,075,040100,06075040100,2022,0.40941343424787136,0.07793449677265121
Census Tract 402; San Francisco County; California,5464.0,2383.0,0.4521,184617.0,5464.0,234.0,664.0,06,075,040200,06075040200,2022,0.43612737920937045,0.042825768667642754
Census Tract 426.01; San Francisco County; California,4126.0,1678.0,0.4569,124324.0,4126.0,407.0,659.0,06,075,042601,06075042601,2022,0.4066892874454678,0.09864275327193407
Census Tract 426.02; San Francisco County; California,2842.0,1360.0,0.4477,155750.0,2842.0,126.0,366.0,06,075,042602,06075042602,2022,0.47853624208304013,0.04433497536945813
Census Tract 427; San Francisco County; California,5229.0,1708.0,0.4983,104414.0,5210.0,455.0,572.0,06,075,042700,06075042700,2022,0.32663989290495316,0.0873320537428023
Census Tract 428; San Francisco County; California,2348.0,1350.0,0.5597,250001.0,2348.0,78.0,63.0,06,075,042800,06075042800,2022,0.5749574105621805,0.03321976149914821
Census Tract 451; San Francisco County; California,4838.0,2595.0,0.3937,190389.0,4722.0,298.0,675.0,06,075,045100,06075045100,2022,0.5363786688714345,0.06310885218127912
Census Tract 452.01; San Francisco County; California,3104.0,1203.0,0.5122,139659.0,3093.0,89.0,529.0,06,075,045201,06075045201,2022,0.38756443298969073,0.028774652440995797
Census Tract 452.02; San Francisco County; California,3358.0,1816.0,0.44,154375.0,3358.0,336.0,466.0,06,075,045202,06075045202,2022,0.5407980941036331,0.10005955926146516
Census Tract 476; San Francisco County; California,5121.0,1832.0,0.4452,169563.0,5121.0,132.0,677.0,06,075,047600,06075047600,2022,0.357742628392892,0.025776215582893967
Census Tract 477.01; San Francisco County; California,4848.0,1573.0,0.5193,125658.0,4848.0,587.0,629.0,06,075,047701,06075047701,2022,0.32446369636963696,0.12108085808580858
Census Tract 477.02; San Francisco County; California,3654.0,1527.0,0.4667,114892.0,3642.0,334.0,309.0,06,075,047702,06075047702,2022,0.4178981937602627,0.09170785282811642
Census Tract 478.01; San Francisco County; California,4613.0,1792.0,0.4418,163178.0,4589.0,256.0,746.0,06,075,047801,06075047801,2022,0.3884673748103187,0.05578557419917193
Census Tract 478.02; San Francisco County; California,3664.0,1513.0,0.5173,125682.0,3664.0,301.0,520.0,06,075,047802,06075047802,2022,0.41293668122270744,0.08215065502183407
Census Tract 479.02; San Francisco County; California,3350.0,1393.0,0.4612,126944.0,3350.0,194.0,244.0,06,075,047902,06075047902,2022,0.41582089552238805,0.05791044776119403
Census Tract 479.03; San Francisco County; California,3981.0,1666.0,0.4582,147768.0,3981.0,639.0,331.0,06,075,047903,06075047903,2022,0.418487817131374,0.16051243406179352
Census Tract 479.04; San Francisco County; California,3145.0,1799.0,0.4973,84880.0,3140.0,493.0,353.0,06,075,047904,06075047904,2022,0.5720190779014308,0.15700636942675159
Census Tract 601; San Francisco County; California,3952.0,2210.0,0.3956,236445.0,3951.0,95.0,332.0,06,075,060100,06075060100,2022,0.5592105263157895,0.0240445456846368
Census Tract 604; San Francisco County; California,1866.0,612.0,0.5607,99556.0,1866.0,122.0,82.0,06,075,060400,06075060400,2022,0.3279742765273312,0.06538049303322616
Census Tract 605.02; San Francisco County; California,3361.0,153.0,0.5731,37891.0,3342.0,969.0,321.0,06,075,060502,06075060502,2022,0.04552216602201726,0.28994614003590663
Census Tract 607.01; San Francisco County; California,7879.0,1713.0,0.4961,222692.0,7527.0,334.0,1113.0,06,075,060701,06075060701,2022,0.21741337733214874,0.04437358841503919
Census Tract 607.02; San Francisco County; California,1945.0,918.0,0.479,141333.0,1903.0,272.0,230.0,06,075,060702,06075060702,2022,0.4719794344473008,0.14293221229637415
Census Tract 607.03; San Francisco County; California,6256.0,2740.0,0.4192,235371.0,6056.0,414.0,706.0,06,075,060703,06075060703,2022,0.43797953964194375,0.06836195508586526
Census Tract 610; San Francisco County; California,4890.0,552.0,0.486,107882.0,4890.0,320.0,281.0,06,075,061000,06075061000,2022,0.11288343558282209,0.065439672801636
Census Tract 611.01; San Francisco County; California,1861.0,45.0,0.7716,19531.0,1861.0,658.0,152.0,06,075,061101,06075061101,2022,0.02418054809242343,0.353573347662547
Census Tract 611.02; San Francisco County; California,2393.0,0.0,0.5351,27450.0,2393.0,739.0,193.0,06,075,061102,06075061102,2022,0.0,0.30881738403677395
Census Tract 612; San Francisco County; California,4006.0,397.0,0.51,107652.0,4003.0,312.0,621.0,06,075,061200,06075061200,2022,0.09910134797803295,0.0779415438421184
Census Tract 614.01; San Francisco County; California,2989.0,1581.0,0.5244,139038.0,2989.0,284.0,265.0,06,075,061401,06075061401,2022,0.5289394446303112,0.09501505520240883
Census Tract 614.02; San Francisco County; California,2331.0,1187.0,0.4267,174675.0,2317.0,47.0,222.0,06,075,061402,06075061402,2022,0.5092235092235092,0.02028485110056107
Census Tract 615.01; San Francisco County; California,1656.0,767.0,0.5303,239147.0,1647.0,215.0,103.0,06,075,061501,06075061501,2022,0.46316425120772947,0.1305403764420158
Census Tract 615.02; San Francisco County; California,1901.0,1312.0,0.4808,93403.0,1901.0,269.0,384.0,06,075,061502,06075061502,2022,0.690163072067333,0.14150447133087848
Census Tract 615.03; San Francisco County; California,3205.0,1271.0,0.4267,221781.0,3205.0,222.0,309.0,06,075,061503,06075061503,2022,0.39656786271450856,0.06926677067082683
Census Tract 615.04; San Francisco County; California,1567.0,433.0,0.4344,247063.0,1453.0,13.0,108.0,06,075,061504,06075061504,2022,0.2763241863433312,0.008947006194081212
Census Tract 615.05; San Francisco County; California,1061.0,317.0,0.3824,250001.0,1061.0,9.0,110.0,06,075,061505,06075061505,2022,0.2987747408105561,0.008482563619227144
Census Tract 615.06; San Francisco County; California,4541.0,1721.0,0.3651,250001.0,4541.0,179.0,323.0,06,075,061506,06075061506,2022,0.3789914115833517,0.0394186302576525
Census Tract 615.07; San Francisco County; California,1772.0,374.0,0.4871,118370.0,1761.0,57.0,381.0,06,075,061507,06075061507,2022,0.2110609480812641,0.03236797274275979
Census Tract 615.08; San Francisco County; California,2222.0,945.0,0.4468,171915.0,2222.0,253.0,331.0,06,075,061508,06075061508,2022,0.42529252925292527,0.11386138613861387
Census Tract 101.01; San Francisco County; California,2004.0,770.0,0.4995,101974.0,2004.0,197.0,280.0,06,075,010101,06075010101,2023,0.3842315369261477,0.09830339321357286
Census Tract 101.02; San Francisco County; California,1795.0,554.0,0.5831,108417.0,1795.0,213.0,186.0,06,075,010102,06075010102,2023,0.3086350974930362,0.11866295264623955
Census Tract 102.01; San Francisco County; California,2608.0,1762.0,0.5639,160221.0,2608.0,159.0,222.0,06,075,010201,06075010201,2023,0.6756134969325154,0.06096625766871166
Census Tract 102.02; San Francisco County; California,1761.0,1179.0,0.5813,206484.0,1753.0,125.0,179.0,06,075,010202,06075010202,2023,0.6695059625212947,0.0713063320022818
Census Tract 103; San Francisco County; California,3791.0,2258.0,0.4472,158973.0,3791.0,313.0,223.0,06,075,010300,06075010300,2023,0.5956212081245054,0.08256396729095225
Census Tract 104.01; San Francisco County; California,2393.0,1290.0,0.4834,207500.0,2393.0,294.0,34.0,06,075,010401,06075010401,2023,0.5390722941913916,0.1228583368157125
Census Tract 104.02; San Francisco County; California,2012.0,1130.0,0.5223,158500.0,2012.0,56.0,140.0,06,075,010402,06075010402,2023,0.5616302186878728,0.027833001988071572
Census Tract 105; San Francisco County; California,3177.0,1352.0,0.4929,171667.0,3177.0,216.0,294.0,06,075,010500,06075010500,2023,0.4255587031790998,0.0679886685552408
Census Tract 106; San Francisco County; California,3293.0,893.0,0.5303,86111.0,3293.0,387.0,545.0,06,075,010600,06075010600,2023,0.27118129365320376,0.11752201639842089
Census Tract 107.01; San Francisco County; California,3280.0,160.0,0.5779,27531.0,3280.0,955.0,578.0,06,075,010701,06075010701,2023,0.04878048780487805,0.29115853658536583
Census Tract 107.02; San Francisco County; California,1380.0,348.0,0.6531,80472.0,1380.0,381.0,185.0,06,075,010702,06075010702,2023,0.25217391304347825,0.27608695652173915
Census Tract 108; San Francisco County; California,4334.0,2012.0,0.509,150298.0,4334.0,464.0,599.0,06,075,010800,06075010800,2023,0.4642362713428703,0.1070604522381172
Census Tract 109.01; San Francisco County; California,2069.0,1234.0,0.4347,190139.0,2069.0,53.0,393.0,06,075,010901,06075010901,2023,0.5964233929434509,0.025616239729337846
Census Tract 109.02; San Francisco County; California,2568.0,1591.0,0.5065,141591.0,2568.0,313.0,236.0,06,075,010902,06075010902,2023,0.6195482866043613,0.12188473520249221
Census Tract 110.01; San Francisco County; California,2327.0,1468.0,0.5452,117750.0,2327.0,350.0,384.0,06,075,011001,06075011001,2023,0.6308551783412119,0.15040825096691018
Census Tract 110.02; San Francisco County; California,1755.0,686.0,0.4316,155575.0,1755.0,110.0,202.0,06,075,011002,06075011002,2023,0.3908831908831909,0.06267806267806268
Census Tract 111.01; San Francisco County; California,2470.0,1100.0,0.4769,112418.0,2470.0,264.0,412.0,06,075,011101,06075011101,2023,0.44534412955465585,0.10688259109311742
Census Tract 111.02; San Francisco County; California,2205.0,715.0,0.4587,101976.0,2090.0,208.0,361.0,06,075,011102,06075011102,2023,0.3242630385487528,0.09952153110047847
Census Tract 112; San Francisco County; California,2678.0,1348.0,0.5345,118347.0,2678.0,356.0,260.0,06,075,011200,06075011200,2023,0.5033607169529499,0.13293502613890965
Census Tract 113; San Francisco County; California,2518.0,488.0,0.5957,35507.0,2481.0,737.0,212.0,06,075,011300,06075011300,2023,0.1938046068308181,0.29705763804917373
Census Tract 117; San Francisco County; California,1947.0,825.0,0.561,51964.0,1905.0,405.0,193.0,06,075,011700,06075011700,2023,0.423728813559322,0.2125984251968504
Census Tract 118; San Francisco County; California,1635.0,122.0,0.5004,43833.0,1635.0,499.0,214.0,06,075,011800,06075011800,2023,0.0746177370030581,0.3051987767584098
Census Tract 119.01; San Francisco County; California,2084.0,846.0,0.4736,101827.0,1930.0,164.0,316.0,06,075,011901,06075011901,2023,0.4059500959692898,0.0849740932642487
Census Tract 119.02; San Francisco County; California,2732.0,1138.0,0.4909,77241.0,2732.0,184.0,288.0,06,075,011902,06075011902,2023,0.41654465592972184,0.06734992679355783
Census Tract 120.01; San Francisco County; California,1738.0,660.0,0.4121,91040.0,1713.0,144.0,133.0,06,075,012001,06075012001,2023,0.379746835443038,0.0840630472854641
Census Tract 120.02; San Francisco County; California,2035.0,529.0,0.5351,71619.0,2035.0,345.0,279.0,06,075,012002,06075012002,2023,0.2599508599508599,0.16953316953316952
Census Tract 121; San Francisco County; California,3250.0,1425.0,0.4549,92059.0,2840.0,381.0,513.0,06,075,012100,06075012100,2023,0.43846153846153846,0.13415492957746478
Census Tract 122.02; San Francisco County; California,3017.0,1104.0,0.5617,54650.0,3017.0,864.0,348.0,06,075,012202,06075012202,2023,0.3659264169705005,0.2863771958899569
Census Tract 122.03; San Francisco County; California,1895.0,1075.0,0.5953,22982.0,1808.0,1032.0,264.0,06,075,012203,06075012203,2023,0.5672823218997362,0.5707964601769911
Census Tract 122.04; San Francisco County; California,2389.0,1003.0,0.4866,65217.0,2389.0,282.0,316.0,06,075,012204,06075012204,2023,0.4198409376308079,0.11804102134784429
Census Tract 123.01; San Francisco County; California,1766.0,657.0,0.5331,24284.0,1766.0,690.0,229.0,06,075,012301,06075012301,2023,0.37202718006795016,0.39071347678369195
Census Tract 123.02; San Francisco County; California,2586.0,1064.0,0.5656,55741.0,2569.0,580.0,328.0,06,075,012302,06075012302,2023,0.411446249033256,0.22576878162709224
Census Tract 124.03; San Francisco County; California,2696.0,254.0,0.6223,46185.0,2674.0,468.0,555.0,06,075,012403,06075012403,2023,0.09421364985163205,0.175018698578908
Census Tract 124.04; San Francisco County; California,2587.0,783.0,0.4473,35074.0,2587.0,828.0,497.0,06,075,012404,06075012404,2023,0.302667182064167,0.32006184770003865
Census Tract 124.05; San Francisco County; California,3878.0,1337.0,0.4514,107311.0,3670.0,425.0,663.0,06,075,012405,06075012405,2023,0.3447653429602888,0.11580381471389646
Census Tract 124.06; San Francisco County; California,1358.0,509.0,0.5476,26132.0,1358.0,462.0,135.0,06,075,012406,06075012406,2023,0.3748159057437408,0.3402061855670103
Census Tract 125.02; San Francisco County; California,4689.0,888.0,0.5186,19128.0,4608.0,1466.0,647.0,06,075,012502,06075012502,2023,0.18937939859245043,0.3181423611111111
Census Tract 125.03; San Francisco County; California,4497.0,1031.0,0.4559,47301.0,4433.0,1157.0,633.0,06,075,012503,06075012503,2023,0.22926395374694242,0.26099706744868034
Census Tract 125.04; San Francisco County; California,651.0,49.0,0.5314,22639.0,651.0,160.0,160.0,06,075,012504,06075012504,2023,0.07526881720430108,0.2457757296466974
Census Tract 126.01; San Francisco County; California,2045.0,1370.0,0.4459,176750.0,2045.0,61.0,407.0,06,075,012601,06075012601,2023,0.6699266503667481,0.02982885085574572
Census Tract 126.02; San Francisco County; California,2956.0,2304.0,0.4338,237917.0,2956.0,198.0,511.0,06,075,012602,06075012602,2023,0.7794316644113667,0.06698240866035182
Census Tract 127; San Francisco County; California,3973.0,3180.0,0.4748,250001.0,3973.0,251.0,368.0,06,075,012700,06075012700,2023,0.8004027183488548,0.063176440976592
Census Tract 128.01; San Francisco County; California,2547.0,1817.0,0.5602,236553.0,2547.0,134.0,152.0,06,075,012801,06075012801,2023,0.7133882999607382,0.05261091480172752
Census Tract 128.02; San Francisco County; California,2035.0,1433.0,0.3795,250001.0,2035.0,78.0,265.0,06,075,012802,06075012802,2023,0.7041769041769042,0.03832923832923833
Census Tract 129.01; San Francisco County; California,2887.0,1928.0,0.4145,231841.0,2879.0,75.0,438.0,06,075,012901,06075012901,2023,0.6678212677519917,0.02605071205279611
Census Tract 129.02; San Francisco County; California,2735.0,1908.0,0.3451,210921.0,2671.0,15.0,489.0,06,075,012902,06075012902,2023,0.6976234003656308,0.005615874204417821
Census Tract 130.01; San Francisco County; California,1770.0,1435.0,0.4321,127031.0,1770.0,128.0,276.0,06,075,013001,06075013001,2023,0.8107344632768362,0.07231638418079096
Census Tract 130.02; San Francisco County; California,2785.0,1896.0,0.4293,238008.0,2785.0,141.0,358.0,06,075,013002,06075013002,2023,0.680789946140036,0.05062836624775584
Census Tract 131.01; San Francisco County; California,3935.0,2568.0,0.4088,206518.0,3873.0,171.0,380.0,06,075,013101,06075013101,2023,0.6526048284625159,0.044151820294345466
Census Tract 131.02; San Francisco County; California,2725.0,1778.0,0.4903,250001.0,2680.0,32.0,292.0,06,075,013102,06075013102,2023,0.6524770642201835,0.011940298507462687
Census Tract 132; San Francisco County; California,3721.0,2376.0,0.5458,205265.0,3706.0,288.0,201.0,06,075,013200,06075013200,2023,0.6385380274119861,0.07771181867242309
Census Tract 133; San Francisco County; California,4160.0,2835.0,0.6034,177898.0,4141.0,261.0,373.0,06,075,013300,06075013300,2023,0.6814903846153846,0.06302825404491669
Census Tract 134.01; San Francisco County; California,1456.0,884.0,0.4404,208608.0,1414.0,88.0,212.0,06,075,013401,06075013401,2023,0.6071428571428571,0.06223479490806223
Census Tract 134.02; San Francisco County; California,2302.0,1549.0,0.4626,170190.0,2302.0,3.0,253.0,06,075,013402,06075013402,2023,0.6728931364031278,0.0013032145960034753
Census Tract 135; San Francisco County; California,2544.0,1856.0,0.4707,182241.0,2544.0,101.0,296.0,06,075,013500,06075013500,2023,0.7295597484276729,0.03970125786163522
Census Tract 151; San Francisco County; California,2840.0,1312.0,0.4739,170568.0,2812.0,305.0,476.0,06,075,015100,06075015100,2023,0.4619718309859155,0.10846372688477951
Census Tract 152.01; San Francisco County; California,1532.0,840.0,0.4473,113450.0,1530.0,172.0,199.0,06,075,015201,06075015201,2023,0.5483028720626631,0.11241830065359477
Census Tract 152.02; San Francisco County; California,2334.0,1161.0,0.5362,177533.0,2244.0,109.0,257.0,06,075,015202,06075015202,2023,0.4974293059125964,0.04857397504456328
Census Tract 153; San Francisco County; California,2427.0,1525.0,0.5124,215417.0,2308.0,192.0,364.0,06,075,015300,06075015300,2023,0.6283477544293367,0.0831889081455806
Census Tract 154.01; San Francisco County; California,3035.0,1568.0,0.465,173409.0,2995.0,142.0,479.0,06,075,015401,06075015401,2023,0.5166392092257002,0.04741235392320534
Census Tract 154.02; San Francisco County; California,2747.0,1669.0,0.5008,207292.0,2747.0,0.0,349.0,06,075,015402,06075015402,2023,0.6075718966144885,0.0
Census Tract 155; San Francisco County; California,3936.0,1570.0,0.5601,95909.0,3825.0,787.0,477.0,06,075,015500,06075015500,2023,0.3988821138211382,0.2057516339869281
Census Tract 156; San Francisco County; California,2927.0,1115.0,0.5124,89792.0,2927.0,510.0,404.0,06,075,015600,06075015600,2023,0.38093611206012984,0.1742398360095661
Census Tract 157.01; San Francisco County; California,4958.0,2163.0,0.4635,156581.0,3052.0,470.0,823.0,06,075,015701,06075015701,2023,0.436264622831787,0.15399737876802097
Census Tract 157.02; San Francisco County; California,3109.0,1683.0,0.4249,211641.0,3102.0,187.0,453.0,06,075,015702,06075015702,2023,0.5413316178835639,0.06028368794326241
Census Tract 158.01; San Francisco County; California,3220.0,1333.0,0.4913,149643.0,3220.0,481.0,497.0,06,075,015801,06075015801,2023,0.4139751552795031,0.14937888198757765
Census Tract 158.02; San Francisco County; California,3163.0,1562.0,0.5259,142700.0,3163.0,596.0,519.0,06,075,015802,06075015802,2023,0.4938349668036674,0.1884287069238065
Census Tract 159; San Francisco County; California,4876.0,1650.0,0.5232,83162.0,4778.0,818.0,554.0,06,075,015900,06075015900,2023,0.3383921246923708,0.17120133947258268
Census Tract 160; San Francisco County; California,2725.0,934.0,0.5335,141304.0,2725.0,579.0,274.0,06,075,016000,06075016000,2023,0.34275229357798165,0.21247706422018348
Census Tract 161.01; San Francisco County; California,2444.0,1017.0,0.5985,-666666666.0,2444.0,688.0,311.0,06,075,016101,06075016101,2023,0.41612111292962356,0.281505728314239
Census Tract 161.02; San Francisco County; California,2798.0,348.0,0.4835,-666666666.0,2798.0,991.0,446.0,06,075,016102,06075016102,2023,0.12437455325232309,0.3541815582558971
Census Tract 162; San Francisco County; California,3198.0,1424.0,0.4886,125913.0,3198.0,414.0,430.0,06,075,016200,06075016200,2023,0.4452782989368355,0.1294559099437148
Census Tract 163; San Francisco County; California,3794.0,2172.0,0.5251,101964.0,3728.0,477.0,599.0,06,075,016300,06075016300,2023,0.5724828676858197,0.12795064377682402
Census Tract 164; San Francisco County; California,3481.0,2209.0,0.47,183281.0,3306.0,289.0,689.0,06,075,016400,06075016400,2023,0.6345877621373168,0.08741681790683606
Census Tract 165; San Francisco County; California,5393.0,3650.0,0.4305,180152.0,5283.0,697.0,759.0,06,075,016500,06075016500,2023,0.6768032634897089,0.13193261404505016
Census Tract 166.01; San Francisco County; California,3027.0,2136.0,0.474,146691.0,3011.0,465.0,493.0,06,075,016601,06075016601,2023,0.7056491575817642,0.154433742942544
Census Tract 166.02; San Francisco County; California,1986.0,1339.0,0.4622,218394.0,1986.0,68.0,366.0,06,075,016602,06075016602,2023,0.6742195367573011,0.03423967774420947
Census Tract 167; San Francisco County; California,5092.0,3261.0,0.3997,246989.0,5088.0,148.0,1120.0,06,075,016700,06075016700,2023,0.6404163393558523,0.02908805031446541
Census Tract 168.01; San Francisco County; California,4013.0,1735.0,0.4902,148173.0,3993.0,257.0,1189.0,06,075,016801,06075016801,2023,0.43234487914278596,0.0643626346105685
Census Tract 168.02; San Francisco County; California,3754.0,1881.0,0.5317,109107.0,3730.0,538.0,694.0,06,075,016802,06075016802,2023,0.5010655301012253,0.14423592493297588
Census Tract 169; San Francisco County; California,2890.0,1946.0,0.5148,174545.0,2881.0,311.0,629.0,06,075,016900,06075016900,2023,0.673356401384083,0.10794862894828185
Census Tract 170; San Francisco County; California,4016.0,2808.0,0.4441,240556.0,4016.0,294.0,669.0,06,075,017000,06075017000,2023,0.6992031872509961,0.07320717131474104
Census Tract 171.01; San Francisco County; California,4125.0,2782.0,0.456,200357.0,3933.0,194.0,543.0,06,075,017101,06075017101,2023,0.6744242424242424,0.049326214085939485
Census Tract 171.02; San Francisco County; California,3550.0,2544.0,0.4805,176304.0,3518.0,268.0,480.0,06,075,017102,06075017102,2023,0.7166197183098592,0.07617964752700399
Census Tract 176.02; San Francisco County; California,3251.0,760.0,0.5599,83468.0,3251.0,675.0,305.0,06,075,017602,06075017602,2023,0.2337742233159028,0.20762842202399262
Census Tract 176.03; San Francisco County; California,4527.0,1460.0,0.4526,132600.0,4475.0,910.0,696.0,06,075,017603,06075017603,2023,0.3225093881157499,0.20335195530726258
Census Tract 176.04; San Francisco County; California,3720.0,918.0,0.4803,106438.0,3720.0,804.0,810.0,06,075,017604,06075017604,2023,0.2467741935483871,0.2161290322580645
Census Tract 177; San Francisco County; California,2360.0,1005.0,0.4759,178125.0,2360.0,170.0,470.0,06,075,017700,06075017700,2023,0.4258474576271186,0.07203389830508475
Census Tract 178.01; San Francisco County; California,3335.0,533.0,0.6026,31215.0,3335.0,735.0,153.0,06,075,017801,06075017801,2023,0.15982008995502248,0.22038980509745126
Census Tract 178.03; San Francisco County; California,2318.0,733.0,0.5884,126319.0,2269.0,492.0,226.0,06,075,017803,06075017803,2023,0.31622088006902505,0.21683561040105773
Census Tract 178.04; San Francisco County; California,3911.0,1153.0,0.4571,138561.0,3885.0,773.0,480.0,06,075,017804,06075017804,2023,0.2948095116338532,0.19897039897039898
Census Tract 179.03; San Francisco County; California,2829.0,838.0,0.5215,91750.0,2750.0,1064.0,472.0,06,075,017903,06075017903,2023,0.2962177447861435,0.3869090909090909
Census Tract 180; San Francisco County; California,3636.0,1122.0,0.4854,209083.0,3452.0,570.0,370.0,06,075,018000,06075018000,2023,0.3085808580858086,0.16512166859791425
Census Tract 201.01; San Francisco County; California,4221.0,1397.0,0.5196,140132.0,4221.0,633.0,644.0,06,075,020101,06075020101,2023,0.33096422648661455,0.1499644633972992
Census Tract 201.02; San Francisco County; California,3627.0,999.0,0.5023,108095.0,3627.0,889.0,576.0,06,075,020102,06075020102,2023,0.27543424317617865,0.2451061483319548
Census Tract 202.01; San Francisco County; California,1847.0,852.0,0.5617,-666666666.0,1847.0,256.0,361.0,06,075,020201,06075020201,2023,0.46128857606930157,0.13860314022739578
Census Tract 202.02; San Francisco County; California,3929.0,1798.0,0.4493,166932.0,3929.0,529.0,622.0,06,075,020202,06075020202,2023,0.45762280478493256,0.13463985747009416
Census Tract 203; San Francisco County; California,3372.0,2082.0,0.4237,179313.0,3372.0,236.0,477.0,06,075,020300,06075020300,2023,0.6174377224199288,0.06998813760379596
Census Tract 204.01; San Francisco County; California,3409.0,2118.0,0.4705,190966.0,3388.0,228.0,690.0,06,075,020401,06075020401,2023,0.6212965679084775,0.06729634002361275
Census Tract 204.02; San Francisco County; California,4083.0,2525.0,0.4432,158451.0,4083.0,355.0,562.0,06,075,020402,06075020402,2023,0.618417830026941,0.08694587313250061
Census Tract 205; San Francisco County; California,2895.0,2112.0,0.4843,248571.0,2857.0,140.0,461.0,06,075,020500,06075020500,2023,0.7295336787564767,0.049002450122506126
Census Tract 206.01; San Francisco County; California,3073.0,1859.0,0.5124,182465.0,3073.0,209.0,651.0,06,075,020601,06075020601,2023,0.6049463065408396,0.0680117149365441
Census Tract 206.02; San Francisco County; California,2369.0,1672.0,0.4537,204044.0,2369.0,148.0,209.0,06,075,020602,06075020602,2023,0.7057830308146897,0.06247361756015196
Census Tract 207.01; San Francisco County; California,3032.0,1854.0,0.382,217386.0,3032.0,239.0,625.0,06,075,020701,06075020701,2023,0.6114775725593667,0.07882585751978892
Census Tract 207.02; San Francisco County; California,2046.0,1162.0,0.5246,148898.0,2035.0,338.0,341.0,06,075,020702,06075020702,2023,0.5679374389051809,0.16609336609336608
Census Tract 208.01; San Francisco County; California,3732.0,1031.0,0.5137,103997.0,3715.0,282.0,706.0,06,075,020801,06075020801,2023,0.2762593783494105,0.0759084791386272
Census Tract 208.02; San Francisco County; California,2274.0,644.0,0.4704,117000.0,2274.0,342.0,721.0,06,075,020802,06075020802,2023,0.2832014072119613,0.1503957783641161
Census Tract 209; San Francisco County; California,3644.0,1212.0,0.5407,94360.0,3634.0,495.0,928.0,06,075,020900,06075020900,2023,0.33260153677277715,0.13621353880022014
Census Tract 210; San Francisco County; California,3739.0,2300.0,0.5031,157027.0,3739.0,366.0,562.0,06,075,021000,06075021000,2023,0.6151377373629313,0.09788713559775342
Census Tract 211; San Francisco County; California,4054.0,2708.0,0.4841,244813.0,4054.0,103.0,688.0,06,075,021100,06075021100,2023,0.6679822397631968,0.025407005426739022
Census Tract 212; San Francisco County; California,3052.0,1727.0,0.5178,195714.0,3046.0,165.0,319.0,06,075,021200,06075021200,2023,0.5658584534731324,0.05416940249507551
Census Tract 213; San Francisco County; California,2948.0,1976.0,0.4587,216944.0,2948.0,94.0,240.0,06,075,021300,06075021300,2023,0.6702849389416553,0.03188602442333786
Census Tract 214; San Francisco County; California,3522.0,2439.0,0.4934,228056.0,3522.0,246.0,321.0,06,075,021400,06075021400,2023,0.692504258943782,0.06984667802385008
Census Tract 215; San Francisco County; California,5341.0,2606.0,0.4669,176417.0,5341.0,231.0,1166.0,06,075,021500,06075021500,2023,0.48792360981089683,0.04325032765399738
Census Tract 216; San Francisco County; California,4417.0,2272.0,0.4533,237909.0,4417.0,148.0,333.0,06,075,021600,06075021600,2023,0.5143762734887933,0.03350690513923477
Census Tract 217; San Francisco County; California,4459.0,2205.0,0.5077,139722.0,4430.0,297.0,390.0,06,075,021700,06075021700,2023,0.4945054945054945,0.06704288939051918
Census Tract 218; San Francisco County; California,3999.0,2425.0,0.4332,222891.0,3999.0,99.0,365.0,06,075,021800,06075021800,2023,0.6064016004001,0.024756189047261814
Census Tract 226; San Francisco County; California,4210.0,1809.0,0.3911,243007.0,3970.0,32.0,571.0,06,075,022600,06075022600,2023,0.4296912114014252,0.008060453400503778
Census Tract 227.02; San Francisco County; California,2017.0,1024.0,0.3977,250001.0,2008.0,150.0,150.0,06,075,022702,06075022702,2023,0.5076846802181457,0.07470119521912351
Census Tract 227.04; San Francisco County; California,3982.0,1977.0,0.4401,240000.0,3982.0,406.0,182.0,06,075,022704,06075022704,2023,0.4964841788046208,0.10195881466599699
Census Tract 228.01; San Francisco County; California,4755.0,1767.0,0.5392,143531.0,4708.0,606.0,473.0,06,075,022801,06075022801,2023,0.37160883280757095,0.12871707731520815
Census Tract 228.02; San Francisco County; California,2236.0,1005.0,0.5183,137969.0,1923.0,273.0,205.0,06,075,022802,06075022802,2023,0.4494633273703041,0.1419656786271451
Census Tract 228.03; San Francisco County; California,4098.0,1341.0,0.4496,158545.0,4073.0,665.0,470.0,06,075,022803,06075022803,2023,0.32723279648609077,0.1632703167198625
Census Tract 229.01; San Francisco County; California,4197.0,1093.0,0.5323,94214.0,4197.0,355.0,621.0,06,075,022901,06075022901,2023,0.2604241124612819,0.08458422682868716
Census Tract 229.02; San Francisco County; California,2019.0,653.0,0.47,199671.0,2019.0,192.0,261.0,06,075,022902,06075022902,2023,0.3234274393263992,0.0950965824665676
Census Tract 229.03; San Francisco County; California,2675.0,1092.0,0.4526,201250.0,2675.0,133.0,402.0,06,075,022903,06075022903,2023,0.40822429906542057,0.0497196261682243
Census Tract 230.01; San Francisco County; California,5576.0,446.0,0.3637,140179.0,5556.0,807.0,666.0,06,075,023001,06075023001,2023,0.07998565279770445,0.14524838012958963
Census Tract 230.03; San Francisco County; California,4025.0,418.0,0.5206,118889.0,4011.0,206.0,261.0,06,075,023003,06075023003,2023,0.10385093167701863,0.05135876340064822
Census Tract 231.02; San Francisco County; California,3411.0,79.0,0.5958,46331.0,3411.0,724.0,440.0,06,075,023102,06075023102,2023,0.02316036352975667,0.21225447082966872
Census Tract 231.03; San Francisco County; California,4512.0,0.0,0.4216,28393.0,4512.0,1838.0,253.0,06,075,023103,06075023103,2023,0.0,0.4073581560283688
Census Tract 232; San Francisco County; California,4214.0,322.0,0.486,111597.0,4189.0,331.0,383.0,06,075,023200,06075023200,2023,0.07641196013289037,0.07901647171162568
Census Tract 233; San Francisco County; California,3934.0,296.0,0.4979,92574.0,3934.0,714.0,477.0,06,075,023300,06075023300,2023,0.07524148449415353,0.18149466192170818
Census Tract 234; San Francisco County; California,3811.0,341.0,0.5144,80788.0,3767.0,965.0,375.0,06,075,023400,06075023400,2023,0.08947782734190501,0.25617202017520574
Census Tract 251; San Francisco County; California,3342.0,1793.0,0.4925,139600.0,3329.0,355.0,201.0,06,075,025100,06075025100,2023,0.5365050867743866,0.10663863021928507
Census Tract 252; San Francisco County; California,5610.0,2916.0,0.5617,163321.0,5610.0,650.0,489.0,06,075,025200,06075025200,2023,0.5197860962566845,0.11586452762923351
Census Tract 253; San Francisco County; California,4218.0,1851.0,0.4681,189688.0,4218.0,226.0,404.0,06,075,025300,06075025300,2023,0.4388335704125178,0.05357989568515884
Census Tract 254.01; San Francisco County; California,3706.0,1695.0,0.4549,183902.0,3706.0,202.0,249.0,06,075,025401,06075025401,2023,0.4573664328116568,0.05450620615218565
Census Tract 254.02; San Francisco County; California,3163.0,1069.0,0.4377,173352.0,3116.0,176.0,188.0,06,075,025402,06075025402,2023,0.3379702813784382,0.05648267008985879
Census Tract 254.03; San Francisco County; California,4686.0,878.0,0.5335,128947.0,4686.0,432.0,362.0,06,075,025403,06075025403,2023,0.1873666239863423,0.09218950064020487
Census Tract 255.01; San Francisco County; California,4073.0,572.0,0.4522,146477.0,3922.0,551.0,576.0,06,075,025501,06075025501,2023,0.14043702430640806,0.1404895461499235
Census Tract 255.02; San Francisco County; California,3451.0,1139.0,0.4392,168483.0,3443.0,266.0,434.0,06,075,025502,06075025502,2023,0.33004926108374383,0.07725820505373221
Census Tract 256; San Francisco County; California,5290.0,908.0,0.4494,114250.0,5122.0,300.0,811.0,06,075,025600,06075025600,2023,0.1716446124763705,0.05857087075361187
Census Tract 257.01; San Francisco County; California,5047.0,450.0,0.3943,129663.0,4991.0,395.0,648.0,06,075,025701,06075025701,2023,0.08916187834357044,0.0791424564215588
Census Tract 257.02; San Francisco County; California,4601.0,374.0,0.496,104250.0,4598.0,252.0,404.0,06,075,025702,06075025702,2023,0.08128667680938927,0.0548064375815572
Census Tract 258; San Francisco County; California,1776.0,192.0,0.4912,82546.0,1776.0,162.0,195.0,06,075,025800,06075025800,2023,0.10810810810810811,0.09121621621621621
Census Tract 259; San Francisco County; California,4134.0,619.0,0.4695,151418.0,4134.0,360.0,224.0,06,075,025900,06075025900,2023,0.1497339138848573,0.08708272859216255
Census Tract 260.01; San Francisco County; California,6010.0,805.0,0.4262,119088.0,5967.0,775.0,1020.0,06,075,026001,06075026001,2023,0.13394342762063227,0.1298810122339534
Census Tract 260.02; San Francisco County; California,3731.0,1117.0,0.4606,119038.0,3303.0,432.0,304.0,06,075,026002,06075026002,2023,0.2993835432859823,0.1307901907356948
Census Tract 260.03; San Francisco County; California,4873.0,610.0,0.4427,99044.0,4820.0,381.0,476.0,06,075,026003,06075026003,2023,0.12517956084547507,0.07904564315352697
Census Tract 260.04; San Francisco County; California,3924.0,703.0,0.477,133542.0,3881.0,317.0,500.0,06,075,026004,06075026004,2023,0.1791539245667686,0.08167997938675599
Census Tract 261; San Francisco County; California,6601.0,493.0,0.4793,123070.0,6536.0,692.0,1183.0,06,075,026100,06075026100,2023,0.07468565368883502,0.105875152998776
Census Tract 262.01; San Francisco County; California,3928.0,164.0,0.4135,149067.0,3883.0,273.0,490.0,06,075,026201,06075026201,2023,0.04175152749490835,0.07030646407416946
Census Tract 262.02; San Francisco County; California,3664.0,343.0,0.3934,144127.0,3649.0,224.0,690.0,06,075,026202,06075026202,2023,0.09361353711790393,0.06138668128254316
Census Tract 263.01; San Francisco County; California,4955.0,494.0,0.4517,102131.0,4928.0,680.0,541.0,06,075,026301,06075026301,2023,0.09969727547931383,0.137987012987013
Census Tract 263.02; San Francisco County; California,4707.0,562.0,0.4375,99091.0,4693.0,465.0,510.0,06,075,026302,06075026302,2023,0.11939664329721691,0.09908374174302152
Census Tract 263.03; San Francisco County; California,4425.0,577.0,0.396,94167.0,4345.0,270.0,727.0,06,075,026303,06075026303,2023,0.1303954802259887,0.06214039125431531
Census Tract 264.01; San Francisco County; California,3470.0,157.0,0.4534,80563.0,3453.0,555.0,373.0,06,075,026401,06075026401,2023,0.0452449567723343,0.16072980017376196
Census Tract 264.02; San Francisco County; California,4654.0,985.0,0.4364,117230.0,4600.0,278.0,390.0,06,075,026402,06075026402,2023,0.21164589600343792,0.06043478260869565
Census Tract 264.03; San Francisco County; California,3453.0,175.0,0.4579,73750.0,3381.0,416.0,340.0,06,075,026403,06075026403,2023,0.05068056762235737,0.12304052055604851
Census Tract 264.04; San Francisco County; California,2404.0,153.0,0.4284,83500.0,2404.0,184.0,284.0,06,075,026404,06075026404,2023,0.06364392678868552,0.07653910149750416
Census Tract 301.01; San Francisco County; California,4588.0,2082.0,0.3924,151384.0,4366.0,435.0,499.0,06,075,030101,06075030101,2023,0.45379250217959893,0.09963353183692167
Census Tract 301.02; San Francisco County; California,4808.0,2337.0,0.4614,206515.0,4111.0,506.0,474.0,06,075,030102,06075030102,2023,0.4860648918469218,0.12308440768669424
Census Tract 302.01; San Francisco County; California,4120.0,1806.0,0.4673,115292.0,4100.0,544.0,685.0,06,075,030201,06075030201,2023,0.4383495145631068,0.1326829268292683
Census Tract 302.02; San Francisco County; California,4017.0,1863.0,0.4476,149306.0,4017.0,172.0,838.0,06,075,030202,06075030202,2023,0.46377893950709487,0.042818023400547675
Census Tract 303.01; San Francisco County; California,6509.0,2577.0,0.4124,191338.0,6433.0,222.0,420.0,06,075,030301,06075030301,2023,0.39591335074512213,0.0345095600808332
Census Tract 303.02; San Francisco County; California,3492.0,1350.0,0.4796,170000.0,3481.0,198.0,291.0,06,075,030302,06075030302,2023,0.3865979381443299,0.05688020683711577
Census Tract 304; San Francisco County; California,5120.0,1836.0,0.5269,140524.0,5106.0,196.0,349.0,06,075,030400,06075030400,2023,0.35859375,0.038386212299255776
Census Tract 305; San Francisco County; California,3778.0,1584.0,0.4844,182375.0,2804.0,311.0,111.0,06,075,030500,06075030500,2023,0.41926945473795657,0.11091298145506419
Census Tract 306; San Francisco County; California,2356.0,1173.0,0.4167,238750.0,2356.0,43.0,211.0,06,075,030600,06075030600,2023,0.49787775891341257,0.01825127334465195
Census Tract 307; San Francisco County; California,6600.0,3273.0,0.4545,156827.0,6600.0,261.0,444.0,06,075,030700,06075030700,2023,0.4959090909090909,0.03954545454545454
Census Tract 308; San Francisco County; California,5769.0,3272.0,0.5393,190625.0,5750.0,248.0,564.0,06,075,030800,06075030800,2023,0.5671693534408043,0.043130434782608695
Census Tract 309; San Francisco County; California,6425.0,2480.0,0.529,204375.0,6411.0,368.0,503.0,06,075,030900,06075030900,2023,0.3859922178988327,0.05740134144439245
Census Tract 310; San Francisco County; California,4336.0,1607.0,0.4842,196389.0,4336.0,390.0,184.0,06,075,031000,06075031000,2023,0.3706180811808118,0.08994464944649447
Census Tract 311; San Francisco County; California,6276.0,2440.0,0.4402,197432.0,6276.0,240.0,863.0,06,075,031100,06075031100,2023,0.38878266411727214,0.03824091778202677
Census Tract 312.01; San Francisco County; California,5906.0,967.0,0.5238,107648.0,5896.0,551.0,845.0,06,075,031201,06075031201,2023,0.16373179817135117,0.09345318860244234
Census Tract 312.02; San Francisco County; California,2919.0,233.0,0.4138,156250.0,2919.0,250.0,245.0,06,075,031202,06075031202,2023,0.07982185680027407,0.08564576909900651
Census Tract 313.01; San Francisco County; California,3847.0,668.0,0.438,132222.0,3847.0,436.0,313.0,06,075,031301,06075031301,2023,0.17364179880426306,0.1133350662854172
Census Tract 313.02; San Francisco County; California,4727.0,431.0,0.4066,127050.0,4720.0,314.0,595.0,06,075,031302,06075031302,2023,0.09117833721176222,0.06652542372881357
Census Tract 314.01; San Francisco County; California,2700.0,248.0,0.4872,102644.0,2698.0,323.0,375.0,06,075,031401,06075031401,2023,0.09185185185185185,0.11971830985915492
Census Tract 314.02; San Francisco County; California,4671.0,569.0,0.3527,165130.0,4605.0,390.0,370.0,06,075,031402,06075031402,2023,0.12181545707557269,0.08469055374592833
Census Tract 326.01; San Francisco County; California,4511.0,1515.0,0.4247,151500.0,4511.0,556.0,458.0,06,075,032601,06075032601,2023,0.33584571048547995,0.12325426734648637
Census Tract 326.02; San Francisco County; California,4105.0,1185.0,0.4381,157550.0,4105.0,272.0,311.0,06,075,032602,06075032602,2023,0.28867235079171744,0.06626065773447015
Census Tract 327; San Francisco County; California,6729.0,2270.0,0.5063,158889.0,6660.0,506.0,681.0,06,075,032700,06075032700,2023,0.337345816614653,0.07597597597597598
Census Tract 328.01; San Francisco County; California,3946.0,766.0,0.4111,148231.0,3807.0,222.0,337.0,06,075,032801,06075032801,2023,0.1941206284845413,0.05831363278171789
Census Tract 328.02; San Francisco County; California,4185.0,1194.0,0.4872,113092.0,4147.0,435.0,473.0,06,075,032802,06075032802,2023,0.2853046594982079,0.1048951048951049
Census Tract 329.01; San Francisco County; California,5071.0,1039.0,0.3813,167723.0,5056.0,261.0,696.0,06,075,032901,06075032901,2023,0.20489055413133503,0.05162183544303797
Census Tract 329.02; San Francisco County; California,3797.0,777.0,0.4499,113265.0,3780.0,144.0,348.0,06,075,032902,06075032902,2023,0.20463523834606268,0.0380952380952381
Census Tract 330.01; San Francisco County; California,3858.0,988.0,0.3735,162379.0,3845.0,298.0,439.0,06,075,033001,06075033001,2023,0.2560912389839295,0.07750325097529259
Census Tract 330.02; San Francisco County; California,3940.0,1538.0,0.4756,173615.0,3917.0,468.0,485.0,06,075,033002,06075033002,2023,0.3903553299492386,0.11947919326014807
Census Tract 331; San Francisco County; California,3866.0,1162.0,0.4151,161193.0,3852.0,257.0,150.0,06,075,033100,06075033100,2023,0.30056906363166064,0.06671858774662513
Census Tract 332.01; San Francisco County; California,3535.0,910.0,0.5376,68250.0,1582.0,692.0,487.0,06,075,033201,06075033201,2023,0.25742574257425743,0.43742098609355246
Census Tract 332.03; San Francisco County; California,3339.0,907.0,0.5565,74671.0,3339.0,535.0,332.0,06,075,033203,06075033203,2023,0.27163821503444147,0.16022761305780173
Census Tract 332.04; San Francisco County; California,3327.0,822.0,0.4708,71750.0,3327.0,1014.0,321.0,06,075,033204,06075033204,2023,0.24706943192064923,0.3047790802524797
Census Tract 351.01; San Francisco County; California,3848.0,1675.0,0.4642,104648.0,3789.0,502.0,157.0,06,075,035101,06075035101,2023,0.4352910602910603,0.13248878332013725
Census Tract 351.02; San Francisco County; California,3828.0,1025.0,0.4183,166741.0,3828.0,179.0,429.0,06,075,035102,06075035102,2023,0.26776384535005227,0.046760710553814006
Census Tract 352.01; San Francisco County; California,5136.0,1455.0,0.446,112413.0,5136.0,438.0,406.0,06,075,035201,06075035201,2023,0.28329439252336447,0.0852803738317757
Census Tract 352.02; San Francisco County; California,4559.0,1693.0,0.4624,118590.0,4546.0,191.0,705.0,06,075,035202,06075035202,2023,0.37135336696644,0.0420149582050154
Census Tract 353; San Francisco County; California,6922.0,1956.0,0.4295,163657.0,6922.0,490.0,706.0,06,075,035300,06075035300,2023,0.2825772898006357,0.0707887893672349
Census Tract 354; San Francisco County; California,7154.0,2331.0,0.4379,142540.0,7154.0,625.0,663.0,06,075,035400,06075035400,2023,0.3258317025440313,0.087363712608331
Census Tract 401; San Francisco County; California,4277.0,1727.0,0.5794,143674.0,4233.0,264.0,776.0,06,075,040100,06075040100,2023,0.4037877016600421,0.06236711552090716
Census Tract 402; San Francisco County; California,4903.0,2262.0,0.5018,175978.0,4903.0,268.0,590.0,06,075,040200,06075040200,2023,0.4613501937589231,0.05466041199265756
Census Tract 426.01; San Francisco County; California,3999.0,1685.0,0.407,136458.0,3999.0,284.0,502.0,06,075,042601,06075042601,2023,0.42135533883470866,0.07101775443860965
Census Tract 426.02; San Francisco County; California,3060.0,1353.0,0.4327,168667.0,3060.0,126.0,315.0,06,075,042602,06075042602,2023,0.442156862745098,0.041176470588235294
Census Tract 427; San Francisco County; California,5365.0,1856.0,0.4492,119276.0,5329.0,371.0,573.0,06,075,042700,06075042700,2023,0.34594594594594597,0.0696190654907112
Census Tract 428; San Francisco County; California,2419.0,1373.0,0.5755,246635.0,2419.0,86.0,63.0,06,075,042800,06075042800,2023,0.5675899131872675,0.035551880942538236
Census Tract 451; San Francisco County; California,4664.0,2602.0,0.4252,195893.0,4574.0,201.0,580.0,06,075,045100,06075045100,2023,0.5578902229845626,0.04394403148229121
Census Tract 452.01; San Francisco County; California,3113.0,1261.0,0.5097,178750.0,3077.0,157.0,497.0,06,075,045201,06075045201,2023,0.4050754898811436,0.05102372440688983
Census Tract 452.02; San Francisco County; California,3304.0,1532.0,0.46,151480.0,3304.0,183.0,280.0,06,075,045202,06075045202,2023,0.463680387409201,0.055387409200968525
Census Tract 476; San Francisco County; California,5208.0,1868.0,0.4343,162289.0,5208.0,136.0,570.0,06,075,047600,06075047600,2023,0.358678955453149,0.026113671274961597
Census Tract 477.01; San Francisco County; California,4742.0,1549.0,0.5252,116750.0,4742.0,407.0,616.0,06,075,047701,06075047701,2023,0.32665541965415434,0.08582876423450021
Census Tract 477.02; San Francisco County; California,3441.0,1373.0,0.4598,119957.0,3429.0,363.0,229.0,06,075,047702,06075047702,2023,0.3990119151409474,0.10586176727909011
Census Tract 478.01; San Francisco County; California,4227.0,1824.0,0.4351,171120.0,4222.0,156.0,496.0,06,075,047801,06075047801,2023,0.4315117104329312,0.03694931312174325
Census Tract 478.02; San Francisco County; California,3897.0,1655.0,0.4902,133625.0,3856.0,264.0,473.0,06,075,047802,06075047802,2023,0.42468565563253785,0.06846473029045644
Census Tract 479.02; San Francisco County; California,3327.0,1347.0,0.454,126058.0,3327.0,209.0,204.0,06,075,047902,06075047902,2023,0.4048692515779982,0.06281935677787796
Census Tract 479.03; San Francisco County; California,3608.0,1590.0,0.4598,148800.0,3608.0,613.0,262.0,06,075,047903,06075047903,2023,0.4406873614190687,0.16990022172949001
Census Tract 479.04; San Francisco County; California,3175.0,1772.0,0.5038,87494.0,3171.0,651.0,320.0,06,075,047904,06075047904,2023,0.5581102362204724,0.2052980132450331
Census Tract 601; San Francisco County; California,3808.0,2081.0,0.4252,236190.0,3803.0,28.0,188.0,06,075,060100,06075060100,2023,0.5464810924369747,0.007362608466999737
Census Tract 604; San Francisco County; California,1818.0,678.0,0.553,100583.0,1818.0,149.0,76.0,06,075,060400,06075060400,2023,0.37293729372937295,0.08195819581958196
Census Tract 605.02; San Francisco County; California,3087.0,158.0,0.5703,42548.0,3056.0,726.0,282.0,06,075,060502,06075060502,2023,0.05118237771298996,0.23756544502617802
Census Tract 607.01; San Francisco County; California,8415.0,1611.0,0.4836,248177.0,7911.0,294.0,1013.0,06,075,060701,06075060701,2023,0.19144385026737967,0.037163443306788016
Census Tract 607.02; San Francisco County; California,2359.0,406.0,0.4584,107989.0,2300.0,287.0,397.0,06,075,060702,06075060702,2023,0.17210682492581603,0.12478260869565218
Census Tract 607.03; San Francisco County; California,5936.0,2487.0,0.4825,191910.0,5871.0,529.0,851.0,06,075,060703,06075060703,2023,0.4189690026954178,0.09010390052801907
Census Tract 610; San Francisco County; California,4558.0,527.0,0.4668,125327.0,4558.0,209.0,187.0,06,075,061000,06075061000,2023,0.11562088635366388,0.045853444493198774
Census Tract 611.01; San Francisco County; California,1814.0,39.0,0.7447,17569.0,1814.0,651.0,260.0,06,075,061101,06075061101,2023,0.021499448732083794,0.35887541345093715
Census Tract 611.02; San Francisco County; California,2017.0,82.0,0.5447,42558.0,2017.0,412.0,243.0,06,075,061102,06075061102,2023,0.0406544372830937,0.20426375805651958
Census Tract 612; San Francisco County; California,4163.0,352.0,0.4676,117132.0,4161.0,342.0,537.0,06,075,061200,06075061200,2023,0.08455440787893347,0.0821917808219178
Census Tract 614.01; San Francisco County; California,2900.0,1479.0,0.5013,143665.0,2900.0,272.0,262.0,06,075,061401,06075061401,2023,0.51,0.09379310344827586
Census Tract 614.02; San Francisco County; California,2354.0,1421.0,0.4313,218125.0,2343.0,65.0,241.0,06,075,061402,06075061402,2023,0.6036533559898046,0.02774221084080239
Census Tract 615.01; San Francisco County; California,1807.0,613.0,0.5692,230332.0,1799.0,247.0,52.0,06,075,061501,06075061501,2023,0.33923630326508025,0.13729849916620346
Census Tract 615.02; San Francisco County; California,2195.0,1558.0,0.497,119524.0,2195.0,256.0,411.0,06,075,061502,06075061502,2023,0.7097949886104784,0.11662870159453304
Census Tract 615.03; San Francisco County; California,3612.0,1229.0,0.4476,187067.0,3612.0,397.0,587.0,06,075,061503,06075061503,2023,0.3402547065337763,0.10991140642303433
Census Tract 615.04; San Francisco County; California,2133.0,390.0,0.4771,249539.0,2033.0,21.0,142.0,06,075,061504,06075061504,2023,0.1828410689170183,0.010329562223315297
Census Tract 615.05; San Francisco County; California,1162.0,291.0,0.2929,250001.0,1162.0,8.0,98.0,06,075,061505,06075061505,2023,0.2504302925989673,0.0068846815834767644
Census Tract 615.06; San Francisco County; California,4918.0,1874.0,0.3948,250001.0,4918.0,174.0,285.0,06,075,061506,06075061506,2023,0.3810492069947133,0.03538023586823912
Census Tract 615.07; San Francisco County; California,1550.0,401.0,0.497,167785.0,1539.0,60.0,436.0,06,075,061507,06075061507,2023,0.25870967741935486,0.03898635477582846
Census Tract 615.08; San Francisco County; California,2018.0,861.0,0.4866,177806.0,2018.0,374.0,312.0,06,075,061508,06075061508,2023,0.42666005946481667,0.18533201189296333
